SEQ,common_name,scientific_name,ADU,avibase_id,avilist_common_name,avilist_scientific_name,avilist_sort,avilist_members,ebird_code,checklist_family,order,birdlife_url,n_avilist_species,endemic,afrotropical,palearctic,waterbird,mass,habitat,habitat_density,migration,trophic_level,trophic_niche,primary_lifestyle,range_size,flag,comment,IUCN,old,new,lost,kept,gain,lost_score,gain_score
1,Ostrich,Struthio camelus,0,avibase-5D14080C,Common/Somali Ostrich,Struthio sp.,4,Struthio camelus|Struthio molybdophanes,ostric2|ostric3,"Ostriches",Struthioniformes,,2,0,0,0,0,111000,Shrubland,3,1,Herbivore,Omnivore,Terrestrial,8595319.06,"This species was re-introduced in Kisumu (60b)",,Vulnerable,67,60,16,51,9,15.962989522421,8.81644665385397
2,Little Grebe,Tachybaptus ruficollis,6,avibase-215FEA89,Little Grebe,Tachybaptus ruficollis,1636,Tachybaptus ruficollis,litgre1,"Grebes",Podicipediformes,https://datazone.birdlife.org/species/factsheet/22696545,1,0,0,0,1,169.4,Wetland,3,1,Carnivore,Aquatic predator,Aquatic,36639881.74,,,Least Concern,69,66,16,53,13,15.9704799238667,12.6007161586489
3,Black-necked Grebe,Podiceps nigricollis,5,avibase-32DCEC14,Black-necked Grebe,Podiceps nigricollis,1684,Podiceps nigricollis,eargre,"Grebes",Podicipediformes,https://datazone.birdlife.org/species/factsheet/22696610,1,0,0,0,1,412.4,Wetland,3,3,Carnivore,Aquatic predator,Aquatic,16435591.3,,,Least Concern,11,8,6,5,3,5.95290887503779,2.81674097083652
4,Great Crested Grebe,Podiceps cristatus,4,avibase-8F269702,Great Crested Grebe,Podiceps cristatus,1680,Podiceps cristatus,grcgre1,"Grebes",Podicipediformes,https://datazone.birdlife.org/species/factsheet/22696602,1,0,0,0,1,731,Wetland,3,1,Carnivore,Aquatic predator,Aquatic,19812770.45,,,Least Concern,14,4,12,2,2,11.4798431455513,1.90865314549908
5,Black-browed Albatross,Diomedea melanophris,8,avibase-F9FCB9FF,Black-browed Albatross,Thalassarche melanophris,4738,Thalassarche melanophris,bkbalb,"Albatrosses",Procellariiformes,,1,0,0,0,0,3202.9,Marine,3,2,Carnivore,Aquatic predator,Aquatic,109981594.81,"Seabird species maps are unreliable because they are strongly depend on effort",,Not Evaluated,1,0,1,0,0,0.952087957490116,0
6,Pintado Petrel,Daption capense,14,avibase-AAC2D613,Pintado Petrel,Daption capense,4818,Daption capense,cappet,"Petrels, Shearwaters, and Diving Petrels",Procellariiformes,https://datazone.birdlife.org/species/factsheet/22697879,1,0,0,0,0,429.6,Marine,3,2,Carnivore,Aquatic predator,Generalist,136304432.2,"Seabird species maps are unreliable because they are strongly depend on effort",,Least Concern,1,0,1,0,0,0.959669761785512,0
8,Jouanin's Petrel,Bulweria fallax,1011,avibase-F501ED18,Jouanin's Petrel,Bulweria fallax,4833,Bulweria fallax,joupet,"Petrels, Shearwaters, and Diving Petrels",Procellariiformes,https://datazone.birdlife.org/species/factsheet/22698136,1,0,0,0,0,173,Marine,3,2,Carnivore,Aquatic predator,Aquatic,8090659.18,"Species not recorded during both the old and new atlas, but recorded in Kenya. Seabird species maps are unreliable because they are strongly depend on effort",,Near Threatened,0,0,0,0,0,0,0
9,Wedge-tailed Shearwater,Puffinus pacificus,180,avibase-E94A7272,Wedge-tailed Shearwater,Ardenna pacifica,4853,Ardenna pacifica,wetshe,"Petrels, Shearwaters, and Diving Petrels",Procellariiformes,https://datazone.birdlife.org/species/factsheet/22698175,1,0,0,0,0,388,Marine,3,3,Carnivore,Aquatic predator,Generalist,119963361.1,"Seabird species maps are unreliable because they are strongly depend on effort",,Least Concern,1,1,1,0,1,0.974821075487656,0.959669761785512
10,Audubon's Shearwater,Puffinus lherminieri,0,avibase-3D67B652,Persian/Tropical Shearwater,Puffinus sp.,4884,Puffinus persicus|Puffinus bailloni,pershe1|troshe5,"Petrels, Shearwaters, and Diving Petrels",Procellariiformes,,2,0,0,0,0,214,Marine,3,2,Carnivore,Aquatic predator,Aquatic,45969798.08,"Seabird species maps are unreliable because they are strongly depend on effort","Historical lump of 2 species, treated as one taxon (Puffinus lherminieri) in the 1970-1984 atlas: Persian Shearwater (Puffinus persicus, 18 Kenyan eBird records 2009-2023); Tropical Shearwater (Puffinus bailloni, 1 Kenyan eBird records 2009-2023). At least one member was already a distinct, field-separable species during the atlas era; old-atlas records for this concept may include unseparated or misidentified individuals of either.",Least Concern,3,1,3,0,1,2.88875803865778,0.959669761785512
11,Wilson's Storm Petrel,Oceanites oceanicus,33,avibase-D295D249,Wilson's Storm Petrel,Oceanites oceanicus,4751,Oceanites oceanicus,wispet,"Southern Storm Petrels",Procellariiformes,https://datazone.birdlife.org/species/factsheet/22698436,1,0,0,0,0,30.4,Marine,3,3,Carnivore,Aquatic predator,Aerial,28528.95,"Seabird species maps are unreliable because they are strongly depend on effort",,Least Concern,5,0,5,0,0,4.94813769557175,0
12,Leach's Storm Petrel,Oceanodroma leucorhoa,31,avibase-C5FB15C6,Leach's Storm Petrel,Hydrobates leucorhous,4807,Hydrobates leucorhous,lcspet,"Northern Storm Petrels",Procellariiformes,https://datazone.birdlife.org/species/factsheet/132438298,1,0,0,0,0,36.7,Marine,3,3,Carnivore,Aquatic predator,Aerial,110025337.7,"Seabird species maps are unreliable because they are strongly depend on effort",,Vulnerable,1,0,1,0,0,0.961849005680008,0
15,White-tailed Tropicbird,Phaeton lepturus,40,avibase-1D07B501,White-tailed Tropicbird,Phaethon lepturus,4661,Phaethon lepturus,whttro,"Tropicbirds",Phaethontiformes,https://datazone.birdlife.org/species/factsheet/22696645,1,0,0,0,1,328,Marine,3,3,Carnivore,Aquatic predator,Aerial,88168.39,,,Least Concern,2,0,2,0,0,1.91393696317012,0
16,Great White Pelican,Pelecanus onocrotalus,42,avibase-8BAFB01E,Great White Pelican,Pelecanus onocrotalus,5234,Pelecanus onocrotalus,grwpel1,"Pelicans",Pelecaniformes,https://datazone.birdlife.org/species/factsheet/22697590,1,0,0,0,1,9322.3,Wetland,3,2,Carnivore,Aquatic predator,Aquatic,810182.64,,,Least Concern,37,50,8,29,21,7.94538305521183,19.8969661558341
17,Pink-backed Pelican,Pelecanus rufescens,41,avibase-8D24E93C,Pink-backed Pelican,Pelecanus rufescens,5236,Pelecanus rufescens,pibpel1,"Pelicans",Pelecaniformes,https://datazone.birdlife.org/species/factsheet/22697595,1,0,0,0,1,5419.6,Wetland,3,1,Carnivore,Aquatic predator,Aquatic,14141336.63,,,Least Concern,53,52,14,39,13,14.0284743288635,12.4292967587079
18,Red-footed Booby,Sula sula,1027,avibase-0A4609D1,Red-footed Booby,Sula sula,5030,Sula sula,refboo,"Boobies and Gannets",Suliformes,https://datazone.birdlife.org/species/factsheet/22696694,1,0,0,0,0,1031.1,Marine,3,2,Carnivore,Aquatic predator,Aerial,122459893.2,,,Least Concern,3,0,3,0,0,2.87360672495564,0
19,Masked Booby,Sula dactylatra,45,avibase-22D1B4A2,Masked Booby,Sula dactylatra,5041,Sula dactylatra,masboo,"Boobies and Gannets",Suliformes,https://datazone.birdlife.org/species/factsheet/22736173,1,0,0,0,1,1732.1,Marine,3,2,Carnivore,Aquatic predator,Aerial,130196617.9,,,Least Concern,4,1,3,1,0,2.89192567622228,0
20,Brown Booby,Sula leucogaster,46,avibase-05520B42,Brown Booby,Sula leucogaster,5034,Sula leucogaster,brnboo,"Boobies and Gannets",Suliformes,,1,0,0,0,1,1288.8,Marine,3,2,Carnivore,Aquatic predator,Aerial,26818777.48,,,Not Evaluated,2,0,2,0,0,1.91393696317012,0
21,Great Cormorant,Phalacrocorax carbo,9638,avibase-3DF5C587,Great Cormorant,Phalacrocorax carbo,5124,Phalacrocorax carbo,grecor,"Cormorants and Shags",Suliformes,https://datazone.birdlife.org/species/factsheet/22696792,1,0,0,0,1,2529,Wetland,3,2,Carnivore,Aquatic predator,Aquatic,24540701.98,,,Least Concern,34,47,7,27,20,6.93993603470812,19.1543094045687
22,Long-tailed Cormorant,Phalacrocorax africanus,50,avibase-E255DCE1,Reed Cormorant,Microcarbo africanus,5066,Microcarbo africanus,lotcor1,"Cormorants and Shags",Suliformes,https://datazone.birdlife.org/species/factsheet/22696725,1,0,0,0,1,47.3,Wetland,2,1,Carnivore,Invertivore,Insessorial,595112.59,,,Least Concern,55,73,7,48,25,6.80771905691223,24.0212583078076
23,African Darter,Anhinga rufa,52,avibase-5C7936A7,African Darter,Anhinga rufa,5059,Anhinga rufa,darter3,"Anhinga and Darters",Suliformes,https://datazone.birdlife.org/species/factsheet/22696705,1,0,0,0,1,1480.1,Wetland,3,1,Carnivore,Aquatic predator,Aquatic,17976599.63,,,Least Concern,51,47,16,35,12,15.7543676056342,11.316674785172
24,Greater Frigatebird,Fregata minor,53,avibase-788EBCAB,Great Frigatebird,Fregata minor,5016,Fregata minor,grefri,"Frigatebirds",Suliformes,https://datazone.birdlife.org/species/factsheet/22697733,1,0,0,0,1,1274.7,Marine,3,3,Carnivore,Aquatic predator,Aerial,24816.16,"This species is prone to misidentification and its maps might be affected by error.",,Least Concern,1,2,1,0,2,1.04737065643645,1.91393696317012
25,Lesser Frigatebird,Fregata ariel,1013,avibase-09ED7E92,Lesser Frigatebird,Fregata ariel,5009,Fregata ariel,lesfri,"Frigatebirds",Suliformes,https://datazone.birdlife.org/species/factsheet/22697738,1,0,0,0,0,804.3,Marine,3,3,Carnivore,Aquatic predator,Aerial,94658392.52,"This species is prone to misidentification and its maps might be affected by error.",,Least Concern,0,2,0,0,2,0,1.92151876746552
26,Dwarf Bittern,Ixobrychus sturmii,66,avibase-87EEBD3E,Dwarf Bittern,Botaurus sturmii,5285,Botaurus sturmii,dwabit1,"Herons, Egrets, and Bitterns",Pelecaniformes,https://datazone.birdlife.org/species/factsheet/22697327,1,0,0,0,1,140,Wetland,1,1,Carnivore,Aquatic predator,Terrestrial,12872490.53,,,Least Concern,32,26,19,13,13,18.7227364957507,12.2734834825661
27,Little Bittern,Ixobrychus minutus,67,avibase-7AAD57AC,Little Bittern,Botaurus minutus,5286,Botaurus minutus,litbit1,"Herons, Egrets, and Bitterns",Pelecaniformes,https://datazone.birdlife.org/species/factsheet/22735766,1,0,0,0,1,99.5,Wetland,1,3,Carnivore,Aquatic predator,Terrestrial,27683039.02,,,Least Concern,26,31,11,15,16,10.8549770425769,15.2650065367236
28,White-backed Night Heron,Gorsachius leuconotus,70,avibase-3C12AA44,White-backed Night Heron,Calherodius leuconotus,5297,Calherodius leuconotus,wbnher1,"Herons, Egrets, and Bitterns",Pelecaniformes,https://datazone.birdlife.org/species/factsheet/22697226,1,0,0,0,1,440,Wetland,2,2,Carnivore,Aquatic predator,Terrestrial,7860889.3,,,Least Concern,1,7,0,1,6,0,5.70212678545587
29,Night Heron,Nycticorax nycticorax,69,avibase-6BB94D7E,Black-crowned Night Heron,Nycticorax nycticorax,5341,Nycticorax nycticorax,bcnher,"Herons, Egrets, and Bitterns",Pelecaniformes,https://datazone.birdlife.org/species/factsheet/22697211,1,0,0,0,1,810,Wetland,3,3,Carnivore,Aquatic predator,Terrestrial,50345275.03,,,Least Concern,47,53,13,34,19,13.1178494851478,18.0947045911308
30,Cattle Egret,Bubulcus ibis,61,avibase-AB1CB216,Western Cattle Egret,Ardea ibis,5407,Ardea ibis,categr1,"Herons, Egrets, and Bitterns",Pelecaniformes,,1,0,0,0,1,366,Human Modified,3,2,Carnivore,Omnivore,Terrestrial,62451101.72,,,Not Evaluated,93,97,11,82,15,11.1349306377629,14.8295915903058
31,Squacco Heron,Ardeola ralloides,62,avibase-CE73EBD7,Squacco Heron,Ardeola ralloides,5395,Ardeola ralloides,squher1,"Herons, Egrets, and Bitterns",Pelecaniformes,https://datazone.birdlife.org/species/factsheet/22697123,1,0,0,0,1,287,Wetland,3,3,Carnivore,Aquatic predator,Terrestrial,20358790,,,Least Concern,63,63,17,46,17,16.9275535821248,16.3578863844246
32,Madagascar Squacco Heron,Ardeola idae,883,avibase-EA2C460A,Malagasy Pond Heron,Ardeola idae,5396,Ardeola idae,mapher1,"Herons, Egrets, and Bitterns",Pelecaniformes,https://datazone.birdlife.org/species/factsheet/22697143,1,0,0,0,1,253,Wetland,3,1,Carnivore,Aquatic predator,Terrestrial,551800.88,"This species is prone to misidentification and its maps might be affected by error.",,Endangered,19,22,8,11,11,7.71299956986842,10.4712553764208
33,Rufous-bellied Heron,Ardeola rufiventris,65,avibase-AEB2DA9B,Rufous-bellied Heron,Ardeola rufiventris,5394,Ardeola rufiventris,rubher2,"Herons, Egrets, and Bitterns",Pelecaniformes,https://datazone.birdlife.org/species/factsheet/22697150,1,0,0,0,1,201.5,Wetland,3,1,Carnivore,Aquatic predator,Terrestrial,5546086.48,,,Least Concern,5,7,1,4,3,0.953274456883875,2.82825113762514
34,Green-backed Heron,Butorides striatus,63,avibase-67ADD2E3,Striated Heron,Butorides striata,5379,Butorides striata,strher2,"Herons, Egrets, and Bitterns",Pelecaniformes,,1,0,0,0,1,201.5,Wetland,3,1,Carnivore,Aquatic predator,Terrestrial,53556698.29,,,Not Evaluated,59,67,11,48,19,10.9160412737141,18.2815480550169
35,Little Egret,Egretta garzetta,59,avibase-F2858F9F,Little Egret,Egretta garzetta,5328,Egretta garzetta,litegr,"Herons, Egrets, and Bitterns",Pelecaniformes,,1,0,0,0,1,312,Wetland,3,2,Carnivore,Aquatic predator,Terrestrial,34141787.35,,,Not Evaluated,64,67,12,52,15,12.2588179624319,14.1857055622423
36,African Reef Heron,Egretta gularis,2190,avibase-DF32B1F9,Western Reef Heron,Egretta gularis,5325,Egretta gularis,werher,"Herons, Egrets, and Bitterns",Pelecaniformes,,1,0,1,0,1,312,Coastal,3,2,Carnivore,Aquatic predator,Terrestrial,2265036.6,"This species is prone to misidentification and its maps might be affected by error.",,Not Evaluated,13,12,6,7,5,5.7202594138665,4.86874820044758
37,Black Heron,Egretta ardesiaca,64,avibase-74853F89,Black Heron,Egretta ardesiaca,5316,Egretta ardesiaca,blaher1,"Herons, Egrets, and Bitterns",Pelecaniformes,https://datazone.birdlife.org/species/factsheet/22696926,1,0,0,0,1,324,Wetland,3,1,Carnivore,Aquatic predator,Terrestrial,8505004.79,,,Least Concern,24,33,7,17,16,6.85851896713746,15.255182635199
38,Yellow-billed Egret,Egreta intermedia,60,avibase-C3ABF863,Yellow-billed Egret,Ardea brachyrhyncha,5404,Ardea brachyrhyncha,integr3,"Herons, Egrets, and Bitterns",Pelecaniformes,https://datazone.birdlife.org/species/factsheet/22727677,1,0,0,0,1,458.8,Wetland,3,2,Carnivore,Aquatic predator,Terrestrial,5469087.01,,,Least Concern,53,71,7,46,25,6.89058058673044,23.8860367423182
39,Great White Egret,Egreta alba,58,avibase-49D9148A,Great Egret,Ardea alba,5399,Ardea alba,greegr,"Herons, Egrets, and Bitterns",Pelecaniformes,https://datazone.birdlife.org/species/factsheet/22697043,1,0,0,0,1,871.3,Wetland,3,2,Carnivore,Aquatic predator,Terrestrial,74898555.49,,,Least Concern,65,74,10,55,19,10.0897372111307,18.3420646346728
40,Grey Heron,Ardea cinerea,54,avibase-6429024D,Grey Heron,Ardea cinerea,5419,Ardea cinerea,graher1,"Herons, Egrets, and Bitterns",Pelecaniformes,https://datazone.birdlife.org/species/factsheet/22696993,1,0,0,0,1,1443,Wetland,3,1,Carnivore,Aquatic predator,Terrestrial,46421646.29,,,Least Concern,81,88,7,74,14,6.97315997147676,13.5738702557161
41,Purple Heron,Ardea purpurea,57,avibase-3395DCF1,Purple Heron,Ardea purpurea,5412,Ardea purpurea,purher1,"Herons, Egrets, and Bitterns",Pelecaniformes,https://datazone.birdlife.org/species/factsheet/22697031,1,0,0,0,1,1064.5,Wetland,3,3,Carnivore,Aquatic predator,Terrestrial,34922824.77,,,Least Concern,51,53,14,37,16,13.9436990242224,15.3741228314031
42,Goliath Heron,Ardea goliath,56,avibase-C7888A15,Goliath Heron,Ardea goliath,5418,Ardea goliath,golher1,"Herons, Egrets, and Bitterns",Pelecaniformes,https://datazone.birdlife.org/species/factsheet/22697017,1,0,0,0,1,4468,Wetland,3,1,Carnivore,Aquatic predator,Terrestrial,17833051.09,,,Least Concern,52,62,8,44,18,7.92000395876976,17.4121140046812
43,Black-headed Heron,Ardea melanocephala,55,avibase-25A648FE,Black-headed Heron,Ardea melanocephala,5417,Ardea melanocephala,blhher1,"Herons, Egrets, and Bitterns",Pelecaniformes,https://datazone.birdlife.org/species/factsheet/22697008,1,0,0,0,1,1060,Wetland,3,1,Carnivore,Omnivore,Terrestrial,19067243.58,,,Least Concern,85,96,6,79,17,6.07046274975905,16.8126536129195
44,Hamerkop,Scopus umbretta,72,avibase-FC10F6ED,Hamerkop,Scopus umbretta,5221,Scopus umbretta,hamerk1,"Hamerkop",Pelecaniformes,https://datazone.birdlife.org/species/factsheet/22697356,1,0,0,0,1,472,Wetland,3,2,Carnivore,Omnivore,Terrestrial,19881333.45,,,Least Concern,92,95,5,87,8,5.09365624458416,7.81944461623749
45,White Stork,Ciconia ciconia,80,avibase-28825494,White Stork,Ciconia ciconia,4997,Ciconia ciconia,whisto1,"Storks",Ciconiiformes,https://datazone.birdlife.org/species/factsheet/22697691,1,0,0,1,1,3445.8,Grassland,3,3,Carnivore,Omnivore,Terrestrial,5196114,,,Least Concern,73,62,23,50,12,22.9416683362857,11.688130292897
46,Black Stork,Ciconia nigra,79,avibase-E2817DAE,Black Stork,Ciconia nigra,4994,Ciconia nigra,blasto1,"Storks",Ciconiiformes,https://datazone.birdlife.org/species/factsheet/22697669,1,0,0,1,1,2926,Woodland,2,3,Carnivore,Aquatic predator,Terrestrial,18362407.3,,,Least Concern,41,42,15,26,16,15.0391924515945,15.3825704948769
47,Abdim's Stork,Ciconia abdimii,78,avibase-26CD0319,Abdim's Stork,Ciconia abdimii,5000,Ciconia abdimii,abdsto1,"Storks",Ciconiiformes,https://datazone.birdlife.org/species/factsheet/22697673,1,0,1,0,1,1398,Grassland,3,1,Carnivore,Invertivore,Terrestrial,6486422.91,,,Least Concern,65,59,17,48,11,16.8015678257772,10.7927945870845
48,Woolly-necked Stork,Ciconia episcopus,77,avibase-5157C558,African Woolly-necked Stork,Ciconia microscelis,5002,Ciconia microscelis,wonsto2,"Storks",Ciconiiformes,https://datazone.birdlife.org/species/factsheet/22727265,1,0,0,0,1,2061,Wetland,3,1,Carnivore,Aquatic predator,Terrestrial,3858090.35,,,Least Concern,45,56,11,34,22,10.8687342291433,21.2482829795971
49,Saddle-billed Stork,Ephippiorhynchus senegalensis,75,avibase-3D155653,Saddle-billed Stork,Ephippiorhynchus senegalensis,4989,Ephippiorhynchus senegalensis,sabsto1,"Storks",Ciconiiformes,https://datazone.birdlife.org/species/factsheet/22697706,1,0,0,0,1,6158.7,Wetland,3,1,Carnivore,Aquatic predator,Terrestrial,11071552.53,,,Near Threatened,47,39,19,28,11,18.8996900996893,10.6432842209574
50,Marabou Stork,Leptoptilos crumeniferus,73,avibase-03C0F97C,Marabou Stork,Leptoptilos crumenifer,4978,Leptoptilos crumenifer,marsto1,"Storks",Ciconiiformes,https://datazone.birdlife.org/species/factsheet/22697716,1,0,0,0,1,6067.9,Grassland,3,1,Omnivore,Omnivore,Terrestrial,12361408.84,,,Least Concern,82,83,15,67,16,15.3383566713599,15.2393730343995
51,Open-billed Stork,Anastomus lamelligerus,74,avibase-0F14ECE4,African Openbill,Anastomus lamelligerus,4974,Anastomus lamelligerus,afrope1,"Storks",Ciconiiformes,https://datazone.birdlife.org/species/factsheet/22697664,1,0,0,0,1,1081,Wetland,3,2,Carnivore,Aquatic predator,Terrestrial,13409712.69,,,Least Concern,51,60,7,44,16,6.93261842079241,15.2947653606553
52,Yellow-billed Stork,Mycteria ibis,76,avibase-4F92C892,Yellow-billed Stork,Mycteria ibis,4984,Mycteria ibis,yebsto1,"Storks",Ciconiiformes,https://datazone.birdlife.org/species/factsheet/22697654,1,0,0,0,1,2155.6,Wetland,3,2,Carnivore,Omnivore,Terrestrial,15368408.04,,,Least Concern,84,88,9,75,13,9.13443143731513,12.8962510618041
53,Sacred Ibis,Threskiornis aethiopicus,81,avibase-550DE745,African Sacred Ibis,Threskiornis aethiopicus,5206,Threskiornis aethiopicus,sacibi2,"Ibises and Spoonbills",Pelecaniformes,https://datazone.birdlife.org/species/factsheet/22697510,1,0,0,0,1,1493.2,Wetland,3,1,Carnivore,Aquatic predator,Terrestrial,17650108.45,,,Least Concern,87,95,8,79,16,8.23041571283657,15.5255962690562
54,Hadada Ibis,Bostrychia hagedash,84,avibase-CAFBA217,Hadada Ibis,Bostrychia hagedash,5181,Bostrychia hagedash,hadibi1,"Ibises and Spoonbills",Pelecaniformes,https://datazone.birdlife.org/species/factsheet/22697463,1,0,0,0,1,1238,Grassland,2,1,Carnivore,Invertivore,Terrestrial,16241597.55,,,Least Concern,76,95,1,75,20,0.996726435465169,19.638085895299
55,Green Ibis,Bostrychia olivacea,2202,avibase-23ACB56E,Olive Ibis,Bostrychia olivacea,5174,Bostrychia olivacea,oliibi2,"Ibises and Spoonbills",Pelecaniformes,https://datazone.birdlife.org/species/factsheet/22697472,1,0,0,0,1,866,Forest,1,1,Carnivore,Omnivore,Terrestrial,802325.59,,,Least Concern,6,5,2,4,1,1.91492097641763,0.952503076056223
56,Glossy Ibis,Plegadis falcinellus,83,avibase-D4540F88,Glossy Ibis,Plegadis falcinellus,5166,Plegadis falcinellus,gloibi,"Ibises and Spoonbills",Pelecaniformes,https://datazone.birdlife.org/species/factsheet/22697422,1,0,0,0,1,626.6,Wetland,3,2,Carnivore,Aquatic predator,Terrestrial,23712479.58,,,Least Concern,33,62,3,30,32,2.928723064435,30.8948833956537
57,African Spoonbill,Platalea alba,85,avibase-F86BB1D3,African Spoonbill,Platalea alba,5198,Platalea alba,afrspo1,"Ibises and Spoonbills",Pelecaniformes,https://datazone.birdlife.org/species/factsheet/22697564,1,0,0,0,1,1521,Wetland,3,2,Carnivore,Aquatic predator,Terrestrial,14157612.5,,,Least Concern,61,74,10,51,23,10.0610364481822,22.3888061661503
58,Eurasian Spoonbill,Platalea leucorodia,2210,avibase-A0A584C1,Eurasian Spoonbill,Platalea leucorodia,5199,Platalea leucorodia,eurspo1,"Ibises and Spoonbills",Pelecaniformes,https://datazone.birdlife.org/species/factsheet/22697555,1,0,0,0,1,1868,Wetland,3,2,Carnivore,Aquatic predator,Terrestrial,6276598.58,"This species is prone to misidentification and its maps might be affected by error.",,Least Concern,2,1,1,1,0,0.96432365744423,0
59,Greater Flamingo,Phoenicopterus ruber,86,avibase-0F9B5174,Greater Flamingo,Phoenicopterus roseus,1622,Phoenicopterus roseus,grefla3,"Flamingos",Phoenicopteriformes,https://datazone.birdlife.org/species/factsheet/22697360,1,0,0,0,1,3031.6,Wetland,3,2,Carnivore,Aquatic predator,Terrestrial,5093092.47,,,Least Concern,17,28,3,14,14,2.96709951759584,13.4729694327237
60,Lesser Flamingo,Phoeniconaias minor,87,avibase-B06A9079,Lesser Flamingo,Phoeniconaias minor,1616,Phoeniconaias minor,lesfla1,"Flamingos",Phoenicopteriformes,https://datazone.birdlife.org/species/factsheet/22697369,1,0,0,0,1,1500,Wetland,3,1,Herbivore,Herbivore aquatic,Terrestrial,248234.51,,"CJ: Yes, the coastal increase certainly seems real. The literature was clear that LF were v rare on the coast. ",Near Threatened,18,31,5,13,18,4.910943463673,17.2951989461653
61,Fulvous Whistling Duck,Dendrocygna bicolor,101,avibase-9A60617E,Fulvous Whistling Duck,Dendrocygna bicolor,253,Dendrocygna bicolor,fuwduc,"Ducks, Swans, and Geese",Anseriformes,https://datazone.birdlife.org/species/factsheet/22679746,1,0,0,0,1,756.4,Wetland,3,2,Herbivore,Omnivore,Terrestrial,18668766.17,,,Least Concern,32,36,10,22,14,9.87587661008931,13.3434828500079
62,White-faced Whistling Duck,Dendrocygna viduata,100,avibase-A534AFEA,White-faced Whistling Duck,Dendrocygna viduata,248,Dendrocygna viduata,wfwduc1,"Ducks, Swans, and Geese",Anseriformes,https://datazone.birdlife.org/species/factsheet/22679763,1,0,0,0,1,690,Wetland,3,2,Herbivore,Herbivore aquatic,Aquatic,27415311.66,,,Least Concern,46,71,7,39,32,7.0154973641834,30.8813608058342
64,Egyptian Goose,Alopochen aegyptiacus,89,avibase-DA2F24E3,Egyptian Goose,Alopochen aegyptiaca,384,Alopochen aegyptiaca,egygoo,"Ducks, Swans, and Geese",Anseriformes,https://datazone.birdlife.org/species/factsheet/22679993,1,0,0,0,1,1873,Wetland,3,2,Herbivore,Omnivore,Generalist,17452607.3,,,Least Concern,79,95,6,73,22,6.0102886816986,21.3223593227096
65,Spur-winged Goose,Plectopterus gambensis,88,avibase-EB01B24C,Spur-winged Goose,Plectropterus gambensis,285,Plectropterus gambensis,spwgoo1,"Ducks, Swans, and Geese",Anseriformes,https://datazone.birdlife.org/species/factsheet/22680057,1,0,0,0,1,3869,Wetland,3,3,Herbivore,Omnivore,Terrestrial,15772780.82,,,Least Concern,35,51,7,28,23,7.02627080368513,21.9307052456138
66,Knob-billed Duck,Sarkidiornis melanotos,91,avibase-3948131B,Knob-billed Duck,Sarkidiornis melanotos,439,Sarkidiornis melanotos,comduc2,"Ducks, Swans, and Geese",Anseriformes,https://datazone.birdlife.org/species/factsheet/45953631,1,0,0,0,1,2610,Wetland,3,1,Herbivore,Herbivore aquatic,Generalist,18695511.28,,,Least Concern,63,68,13,50,18,12.9632050377879,17.2685232631814
67,African Pygmy Goose,Nettapus auritus,92,avibase-EC7C1618,African Pygmy Goose,Nettapus auritus,268,Nettapus auritus,afrpyg1,"Ducks, Swans, and Geese",Anseriformes,https://datazone.birdlife.org/species/factsheet/22680095,1,0,0,0,1,266,Wetland,3,1,Omnivore,Herbivore aquatic,Aquatic,17754493.4,,,Least Concern,14,10,8,6,4,7.83129462620848,3.79700886422467
68,African Black Duck,Anas sparsa,95,avibase-1EAFAD9F,African Black Duck,Anas sparsa,527,Anas sparsa,afbduc1,"Ducks, Swans, and Geese",Anseriformes,https://datazone.birdlife.org/species/factsheet/22680170,1,0,0,0,1,981.5,Wetland,3,1,Omnivore,Omnivore,Aquatic,9213622.59,,,Least Concern,25,27,5,20,7,4.94064711483822,6.78798872090178
69,Cape Wigeon,Anas capensis,98,avibase-25DA0F41,Cape Teal,Anas capensis,552,Anas capensis,captea1,"Ducks, Swans, and Geese",Anseriformes,https://datazone.birdlife.org/species/factsheet/22680145,1,0,0,0,1,402,Wetland,3,2,Omnivore,Aquatic predator,Aquatic,4317287.05,,,Least Concern,15,22,4,11,11,3.99115193323673,10.4137444424359
70,Wigeon,Anas penelope,1280,avibase-15EE0D36,Eurasian Wigeon,Mareca penelope,523,Mareca penelope,eurwig,"Ducks, Swans, and Geese",Anseriformes,https://datazone.birdlife.org/species/factsheet/22680157,1,0,0,1,1,770,Wetland,3,3,Herbivore,Omnivore,Terrestrial,16342850.08,,,Least Concern,19,2,17,2,0,16.500862275258,0
71,Gadwall,Anas strepera,1282,avibase-C235A4D7,Gadwall,Mareca strepera,519,Mareca strepera,gadwal,"Ducks, Swans, and Geese",Anseriformes,https://datazone.birdlife.org/species/factsheet/22680149,1,0,0,1,1,915.6,Wetland,3,2,Herbivore,Herbivore aquatic,Aquatic,18552362.65,,"CJ: A rare bird previously, clearly become even rarer",Least Concern,3,0,3,0,0,2.89947790717504,0
72,Teal,Anas crecca,1274,avibase-BC6C3CCE,Green-winged Teal,Anas crecca,566,Anas crecca,gnwtea,"Ducks, Swans, and Geese",Anseriformes,,1,0,0,1,1,341.9,Wetland,3,2,Herbivore,Herbivore aquatic,Aquatic,31784516.68,,,Not Evaluated,19,4,15,4,0,14.5073471421116,0
73,Garganey,Anas querquedula,885,avibase-F577BA0F,Garganey,Spatula querquedula,498,Spatula querquedula,gargan,"Ducks, Swans, and Geese",Anseriformes,https://datazone.birdlife.org/species/factsheet/22680313,1,0,0,1,1,325.6,Wetland,3,3,Omnivore,Herbivore aquatic,Aquatic,16861397.11,,"CJ: Yes, this is surely a correct picture of its decline",Least Concern,47,18,34,13,5,33.4764138195259,4.72308208367195
74,Yellow-billed Duck,Anas undulata,96,avibase-7F64AD87,Yellow-billed Duck,Anas undulata,531,Anas undulata,yebduc1,"Ducks, Swans, and Geese",Anseriformes,https://datazone.birdlife.org/species/factsheet/22680221,1,0,0,0,1,1008,Wetland,3,2,Herbivore,Herbivore aquatic,Aquatic,8476793.26,,"CJ: Yes… interesting that it has gone from the coast.",Least Concern,32,43,4,28,15,3.90227117391454,14.3957487286261
75,Northern Pintail,Anas acuta,886,avibase-56CCA717,Northern Pintail,Anas acuta,562,Anas acuta,norpin,"Ducks, Swans, and Geese",Anseriformes,https://datazone.birdlife.org/species/factsheet/22680301,1,0,0,1,1,944.6,Wetland,3,3,Herbivore,Herbivore aquatic,Aquatic,28403500.77,,,Least Concern,31,15,21,10,5,20.6148988890513,4.73308686810321
76,Red-billed Teal,Anas erythrorhynchos,97,avibase-8F6876AC,Red-billed Teal,Anas erythrorhyncha,557,Anas erythrorhyncha,rebduc1,"Ducks, Swans, and Geese",Anseriformes,https://datazone.birdlife.org/species/factsheet/22680290,1,0,0,0,1,558.8,Wetland,3,2,Herbivore,Herbivore aquatic,Aquatic,10763443.79,,,Least Concern,45,50,12,33,17,12.0200386814472,16.3536442566112
77,Hottentot Teal,Anas hottentota,99,avibase-FA831F65,Blue-billed Teal,Spatula hottentota,499,Spatula hottentota,hottea1,"Ducks, Swans, and Geese",Anseriformes,https://datazone.birdlife.org/species/factsheet/22680332,1,0,0,0,1,276.4,Wetland,3,1,Herbivore,Omnivore,Generalist,7754871.01,,,Least Concern,36,36,12,24,12,11.9024244389986,11.5029502000161
78,Shoveler,Anas clypeata,93,avibase-ED4CE8E7,Northern Shoveler,Spatula clypeata,513,Spatula clypeata,norsho,"Ducks, Swans, and Geese",Anseriformes,https://datazone.birdlife.org/species/factsheet/22680247,1,0,0,1,1,612.6,Wetland,3,3,Omnivore,Aquatic predator,Aquatic,27068888.24,,,Least Concern,35,16,22,13,3,21.4436197874749,2.84593788707943
79,Southern Pochard,Netta erythrophthalma,102,avibase-36C0242E,Southern Pochard,Netta erythrophthalma,459,Netta erythrophthalma,soupoc1,"Ducks, Swans, and Geese",Anseriformes,https://datazone.birdlife.org/species/factsheet/22680354,1,0,0,0,1,780.4,Wetland,3,2,Herbivore,Herbivore aquatic,Aquatic,10612856.99,,"CJ: The Malindi increase is definitely due to much greater observer effort (L Jilore is visited MANY more times than it would have been during the first bird atlas..)",Least Concern,24,21,13,11,10,12.7422073327112,9.48984784069937
80,Northern Pochard,Aythya ferina,1296,avibase-A96692E0,Common Pochard,Aythya ferina,468,Aythya ferina,compoc,"Ducks, Swans, and Geese",Anseriformes,https://datazone.birdlife.org/species/factsheet/22680358,1,0,0,0,1,823,Wetland,3,1,Herbivore,Herbivore aquatic,Aquatic,16611109.18,,,Vulnerable,2,0,2,0,0,1.94196139658064,0
81,White-eyed Pochard,Aythya nyroca,1304,avibase-7CF91527,Ferruginous Duck,Aythya nyroca,464,Aythya nyroca,ferduc,"Ducks, Swans, and Geese",Anseriformes,https://datazone.birdlife.org/species/factsheet/22680373,1,0,0,1,1,574,Wetland,3,3,Herbivore,Herbivore aquatic,Aquatic,6827514.86,,,Near Threatened,6,0,6,0,0,5.74754493388027,0
82,Tufted Duck,Aythya fuligula,1298,avibase-67CEA1C1,Tufted Duck,Aythya fuligula,472,Aythya fuligula,tufduc,"Ducks, Swans, and Geese",Anseriformes,https://datazone.birdlife.org/species/factsheet/22680391,1,0,0,1,1,701.2,Wetland,3,2,Omnivore,Herbivore aquatic,Aquatic,20377977.97,,"CJ: SO interesting that this sp has vanished. It was always uncommon but now is not present.",Least Concern,12,0,12,0,0,11.728863095137,0
83,Maccoa Duck,Oxyura maccoa,103,avibase-1C2F4E80,Maccoa Duck,Oxyura maccoa,278,Oxyura maccoa,macduc1,"Ducks, Swans, and Geese",Anseriformes,https://datazone.birdlife.org/species/factsheet/22679820,1,0,0,0,1,674,Wetland,3,1,Omnivore,Omnivore,Aquatic,2242706.43,,,Endangered,13,8,9,4,4,8.59341723674023,3.67452081504617
84,White-backed Duck,Thalassornis leuconotus,104,avibase-2EEDACD5,White-backed Duck,Thalassornis leuconotus,242,Thalassornis leuconotus,whbduc1,"Ducks, Swans, and Geese",Anseriformes,https://datazone.birdlife.org/species/factsheet/22679785,1,0,0,0,1,707.5,Wetland,3,1,Herbivore,Herbivore aquatic,Aquatic,10032374.01,,,Least Concern,25,27,12,13,14,11.89301286728,13.4006972813756
85,Secretary Bird,Sagittarius serpentarius,105,avibase-DCBCCEB8,Secretarybird,Sagittarius serpentarius,7945,Sagittarius serpentarius,secret2,"Secretarybird",Accipitriformes,https://datazone.birdlife.org/species/factsheet/22696221,1,0,0,0,0,4017,Grassland,3,2,Carnivore,Vertivore,Terrestrial,14023594.92,,,Endangered,63,45,23,40,5,22.9488048235365,4.85738009630019
86,Palm-nut Vulture,Gypohierax angolensis,112,avibase-14885C18,Palm-nut Vulture,Gypohierax angolensis,7977,Gypohierax angolensis,panvul1,"Kites, Old World Vultures, Eagles, and Hawks",Accipitriformes,https://datazone.birdlife.org/species/factsheet/22695170,1,0,0,0,1,1600,Forest,2,1,Herbivore,Frugivore,Insessorial,9715580.32,,,Least Concern,18,30,5,13,17,4.97478717644457,16.3374841880024
87,Lappet-faced Vulture,Torgos tracheliotus,108,avibase-672EA454,Lappet-faced Vulture,Torgos tracheliotos,8060,Torgos tracheliotos,lafvul1,"Kites, Old World Vultures, Eagles, and Hawks",Accipitriformes,https://datazone.birdlife.org/species/factsheet/22695238,1,0,0,0,0,6969,Grassland,3,2,Scavenger,Scavenger,Terrestrial,8489832.71,,,Endangered,69,43,33,36,7,32.9876307939986,6.70748321844961
88,White-headed Vulture,Trigonoceps occipitalis,109,avibase-93D7EC56,White-headed Vulture,Trigonoceps occipitalis,8056,Trigonoceps occipitalis,whhvul1,"Kites, Old World Vultures, Eagles, and Hawks",Accipitriformes,https://datazone.birdlife.org/species/factsheet/22695250,1,0,0,0,0,3016,Shrubland,2,1,Scavenger,Scavenger,Terrestrial,6011586.35,,,Critically Endangered,60,31,38,22,9,37.5055042649138,8.76302003133413
89,Ruppell's Vulture,Gyps rueppellii,1029,avibase-76B512B1,Rüppell's Vulture,Gyps rueppelli,8075,Gyps rueppelli,ruegri1,"Kites, Old World Vultures, Eagles, and Hawks",Accipitriformes,https://datazone.birdlife.org/species/factsheet/22695207,1,0,0,0,0,7400,Grassland,3,1,Scavenger,Scavenger,Terrestrial,6445230.81,,,Critically Endangered,65,56,20,45,11,20.2269861699494,10.6814048593396
90,African White-backed Vulture,Gyps africanus,107,avibase-0419DDC2,White-backed Vulture,Gyps africanus,8068,Gyps africanus,whbvul1,"Kites, Old World Vultures, Eagles, and Hawks",Accipitriformes,https://datazone.birdlife.org/species/factsheet/22695189,1,0,0,0,0,5433,Shrubland,2,1,Scavenger,Scavenger,Terrestrial,10465544.7,,,Critically Endangered,81,70,17,64,6,16.9247804958429,6.05612133908695
91,Egyptian Vulture,Neophron percnopterus,111,avibase-6D3480A6,Egyptian Vulture,Neophron percnopterus,7983,Neophron percnopterus,egyvul1,"Kites, Old World Vultures, Eagles, and Hawks",Accipitriformes,https://datazone.birdlife.org/species/factsheet/22695180,1,0,0,0,0,2082,Grassland,3,3,Omnivore,Scavenger,Generalist,14111672.38,,,Endangered,68,40,32,36,4,32.0243007359956,3.98562233621933
92,Hooded Vulture,Neophron monachus,110,avibase-131038AD,Hooded Vulture,Necrosyrtes monachus,8064,Necrosyrtes monachus,hoovul1,"Kites, Old World Vultures, Eagles, and Hawks",Accipitriformes,https://datazone.birdlife.org/species/factsheet/22695185,1,0,0,0,0,2043,Shrubland,2,1,Scavenger,Scavenger,Terrestrial,10764077.19,,,Critically Endangered,76,54,34,42,12,33.9447575401994,11.7399643548377
93,Lammergeier,Gypaetus barbatus,150,avibase-81DB7410,Bearded Vulture,Gypaetus barbatus,7979,Gypaetus barbatus,lammer1,"Kites, Old World Vultures, Eagles, and Hawks",Accipitriformes,https://datazone.birdlife.org/species/factsheet/22695174,1,0,0,0,0,5695,Rock,3,2,Scavenger,Scavenger,Terrestrial,8369572.33,"This species was re-introduces in Hell's Gate (62c)",,Near Threatened,12,4,9,3,1,8.90303955622277,1.01126324748867
94,Harrier-Hawk,Polyboroides typus,171,avibase-C505EA72,African Harrier-Hawk,Polyboroides typus,7973,Polyboroides typus,afhhaw1,"Kites, Old World Vultures, Eagles, and Hawks",Accipitriformes,https://datazone.birdlife.org/species/factsheet/22695409,1,0,0,0,0,633.2,Forest,1,1,Carnivore,Vertivore,Insessorial,14893143.16,,,Least Concern,72,91,2,70,21,1.94573718679037,20.6871806647407
95,Pallid Harrier,Circus macrourus,168,avibase-22647E26,Pallid Harrier,Circus macrourus,8428,Circus macrourus,palhar1,"Kites, Old World Vultures, Eagles, and Hawks",Accipitriformes,https://datazone.birdlife.org/species/factsheet/22695396,1,0,0,1,0,384.4,Grassland,3,3,Carnivore,Vertivore,Aerial,6168290.72,,,Near Threatened,61,52,19,42,10,18.7522304164284,9.79284085207764
96,Montagu's Harrier,Circus pygargus,170,avibase-63B6412E,Montagu's Harrier,Circus pygargus,8434,Circus pygargus,monhar1,"Kites, Old World Vultures, Eagles, and Hawks",Accipitriformes,https://datazone.birdlife.org/species/factsheet/22695405,1,0,0,1,0,310.8,Grassland,3,3,Carnivore,Vertivore,Aerial,6837154.32,,,Least Concern,59,53,19,40,13,18.8035776123261,12.7567772595812
97,Eurasian Marsh Harrier,Circus aeruginosus,166,avibase-E2A19474,Western Marsh Harrier,Circus aeruginosus,8437,Circus aeruginosus,wemhar1,"Kites, Old World Vultures, Eagles, and Hawks",Accipitriformes,https://datazone.birdlife.org/species/factsheet/22695344,1,0,0,1,1,704.1,Wetland,3,2,Carnivore,Vertivore,Aerial,13390803.81,,,Least Concern,45,60,8,37,23,8.1165831078901,22.3972588269807
98,African Marsh Harrier,Circus ranivorus,167,avibase-2A2C169B,African Marsh Harrier,Circus ranivorus,8436,Circus ranivorus,afmhar1,"Kites, Old World Vultures, Eagles, and Hawks",Accipitriformes,https://datazone.birdlife.org/species/factsheet/22695352,1,0,0,0,1,507,Wetland,3,1,Carnivore,Vertivore,Aerial,4426338.22,"This species is prone to misidentification and its maps might be affected by error.",,Least Concern,35,34,15,20,14,14.6484768441939,13.4737594649817
99,Bateleur,Terathopius ecaudatus,151,avibase-6CBD8724,Bateleur,Terathopius ecaudatus,8111,Terathopius ecaudatus,batele1,"Kites, Old World Vultures, Eagles, and Hawks",Accipitriformes,https://datazone.birdlife.org/species/factsheet/22695289,1,0,0,0,0,2200,Woodland,2,1,Carnivore,Omnivore,Generalist,14023477.79,,,Endangered,108,75,38,70,5,37.5542560117527,4.861156724477
100,Short-toed Snake Eagle,Circaetus gallicus,0,avibase-A0C5797F,Beaudouin's/Black-chested/Short-toed Snake Eagle,Circaetus sp.,8118,Circaetus beaudouini|Circaetus pectoralis|Circaetus gallicus,beasne1|bkbsne1|shteag1,"Kites, Old World Vultures, Eagles, and Hawks",Accipitriformes,,3,0,0,0,0,1500,Woodland,2,1,Carnivore,Vertivore,Insessorial,3453409.14,,"Historical lump of 3 species, treated as one taxon (Circaetus gallicus) in the 1970-1984 atlas: Beaudouin's Snake-Eagle (Circaetus beaudouini, 22 Kenyan eBird records 2009-2023); Black-chested Snake-Eagle (Circaetus pectoralis, 3329 Kenyan eBird records 2009-2023); Short-toed Snake-Eagle (Circaetus gallicus, 4 Kenyan eBird records 2009-2023). At least one member was already a distinct, field-separable species during the atlas era; old-atlas records for this concept may include unseparated or misidentified individuals of either.",Vulnerable,87,70,27,60,10,27.0266014963961,9.68438555466835
101,Brown Snake Eagle,Circaetus cinereus,145,avibase-6904D83F,Brown Snake Eagle,Circaetus cinereus,8120,Circaetus cinereus,brseag1,"Kites, Old World Vultures, Eagles, and Hawks",Accipitriformes,https://datazone.birdlife.org/species/factsheet/22695271,1,0,0,0,0,2048,Shrubland,2,1,Carnivore,Vertivore,Insessorial,11541044.04,,,Least Concern,56,69,9,47,22,8.90565562834648,21.2565724715243
102,Banded Snake Eagle,Circaetus cinerascens,148,avibase-4327F813,Western Banded Snake Eagle,Circaetus cinerascens,8114,Circaetus cinerascens,baseag1,"Kites, Old World Vultures, Eagles, and Hawks",Accipitriformes,https://datazone.birdlife.org/species/factsheet/22695283,1,0,0,0,0,1126,Forest,1,1,Carnivore,Vertivore,Insessorial,5762003,,,Least Concern,18,18,9,9,9,8.8442889526549,8.72014568592316
103,Southern Banded Snake Eagle,Circaetus fasciolatus,147,avibase-9F2839A9,Southern Banded Snake Eagle,Circaetus fasciolatus,8113,Circaetus fasciolatus,faseag1,"Kites, Old World Vultures, Eagles, and Hawks",Accipitriformes,https://datazone.birdlife.org/species/factsheet/22695277,1,0,0,0,0,1013.6,Woodland,3,1,Carnivore,Vertivore,Insessorial,734455.97,,,Near Threatened,8,11,1,7,4,0.973902298283606,4.07082194697818
104,Great Sparrowhawk,Accipiter melanoleucus,159,avibase-819AB823,Black Sparrowhawk,Astur melanoleucus,8421,Astur melanoleucus,blagos1,"Kites, Old World Vultures, Eagles, and Hawks",Accipitriformes,https://datazone.birdlife.org/species/factsheet/22695673,1,0,0,0,0,699,Forest,1,1,Carnivore,Vertivore,Generalist,9067092.6,,,Least Concern,34,66,3,31,35,2.82634596131458,33.7159407554507
105,Ovampo Sparrowhawk,Accipiter ovampensis,157,avibase-BAE91683,Ovambo Sparrowhawk,Accipiter ovampensis,8373,Accipiter ovampensis,ovaspa2,"Kites, Old World Vultures, Eagles, and Hawks",Accipitriformes,https://datazone.birdlife.org/species/factsheet/22695619,1,0,0,0,0,195,Shrubland,2,1,Carnivore,Vertivore,Aerial,7295779.86,,,Least Concern,10,19,7,3,16,6.768013231306,15.305364154616
106,Eurasian Sparrowhawk,Accipiter nisus,1006,avibase-DB376A66,Eurasian Sparrowhawk,Accipiter nisus,8388,Accipiter nisus,eurspa1,"Kites, Old World Vultures, Eagles, and Hawks",Accipitriformes,https://datazone.birdlife.org/species/factsheet/22695624,1,0,0,1,0,220.8,Forest,1,2,Carnivore,Vertivore,Insessorial,23601609.31,"This species is prone to misidentification and its maps might be affected by error.",,Least Concern,0,5,0,0,5,0,4.82666222707992
107,Rufous Sparrowhawk,Accipiter rufiventris,156,avibase-EC0E680F,Rufous-breasted Sparrowhawk,Accipiter rufiventris,8385,Accipiter rufiventris,rucspa2,"Kites, Old World Vultures, Eagles, and Hawks",Accipitriformes,https://datazone.birdlife.org/species/factsheet/22695630,1,0,0,0,0,198,Forest,1,1,Carnivore,Vertivore,Aerial,756057.21,,,Least Concern,12,12,6,6,6,5.96011801929126,5.7815136471636
108,African Goshawk,Accipiter tachiro,160,avibase-35A1472C,African Goshawk,Aerospiza tachiro,8254,Aerospiza tachiro,afrgos1,"Kites, Old World Vultures, Eagles, and Hawks",Accipitriformes,,1,0,0,0,0,290.2,Forest,1,1,Carnivore,Vertivore,Aerial,5174215.21,,,Not Evaluated,47,68,9,38,30,8.91449017506882,29.0693954721724
109,Little Sparrowhawk,Accipiter minullus,158,avibase-CE1CF6FD,Little Sparrowhawk,Tachyspiza minulla,8267,Tachyspiza minulla,litspa1,"Kites, Old World Vultures, Eagles, and Hawks",Accipitriformes,https://datazone.birdlife.org/species/factsheet/22695581,1,0,0,0,0,87.4,Forest,1,1,Carnivore,Vertivore,Generalist,6794381.58,,,Least Concern,38,73,4,34,39,4.02701232048264,37.7158587773872
110,Shikra,Accipiter badius,161,avibase-1A0ECB6E,Shikra,Tachyspiza badia,8297,Tachyspiza badia,shikra1,"Kites, Old World Vultures, Eagles, and Hawks",Accipitriformes,https://datazone.birdlife.org/species/factsheet/22695490,1,0,0,0,0,131.2,Shrubland,2,3,Carnivore,Vertivore,Insessorial,22374973,,,Least Concern,50,71,13,37,34,12.9159917942733,32.8137615618829
111,Levant Sparrowhawk,Accipiter brevipes,2074,avibase-8492E4B7,Levant Sparrowhawk,Tachyspiza brevipes,8307,Tachyspiza brevipes,levspa1,"Kites, Old World Vultures, Eagles, and Hawks",Accipitriformes,https://datazone.birdlife.org/species/factsheet/22695499,1,0,0,1,0,186.5,Forest,1,3,Carnivore,Vertivore,Generalist,2936751.8,"This species is prone to misidentification and its maps might be affected by error.",,Least Concern,1,16,0,1,15,0,14.4197151166391
112,Dark Chanting Goshawk,Melierax metabates,163,avibase-D2AFD39B,Dark Chanting Goshawk,Melierax metabates,8237,Melierax metabates,dacgos1,"Kites, Old World Vultures, Eagles, and Hawks",Accipitriformes,https://datazone.birdlife.org/species/factsheet/22695425,1,0,0,0,0,674.5,Shrubland,2,1,Carnivore,Vertivore,Insessorial,12484209.96,,,Least Concern,19,35,1,18,17,0.977637739136406,16.237665202245
113,Pale Chanting Goshawk,Melierax poliopterus,2136,avibase-FA3A1F20,Eastern Chanting Goshawk,Melierax poliopterus,8242,Melierax poliopterus,eacgos1,"Kites, Old World Vultures, Eagles, and Hawks",Accipitriformes,https://datazone.birdlife.org/species/factsheet/22695431,1,0,0,0,0,629.9,Shrubland,2,1,Carnivore,Vertivore,Insessorial,2071175.93,,,Least Concern,86,83,13,73,10,13.1533680110994,9.68546476634852
114,Gabar Goshawk,Melierax gabar,162,avibase-922DE9C1,Gabar Goshawk,Micronisus gabar,8230,Micronisus gabar,gabgos2,"Kites, Old World Vultures, Eagles, and Hawks",Accipitriformes,https://datazone.birdlife.org/species/factsheet/22695445,1,0,0,0,0,169.6,Grassland,3,2,Carnivore,Vertivore,Insessorial,13910595.47,,,Least Concern,82,91,14,68,23,14.307362974097,22.2140167309939
115,Lizard Buzzard,Kaupifalco monogrammicus,144,avibase-3EEB66ED,Lizard Buzzard,Kaupifalco monogrammicus,8247,Kaupifalco monogrammicus,lizbuz1,"Kites, Old World Vultures, Eagles, and Hawks",Accipitriformes,https://datazone.birdlife.org/species/factsheet/22695421,1,0,0,0,0,278.9,Woodland,3,1,Carnivore,Invertivore,Insessorial,13079368.52,,,Least Concern,37,56,5,32,24,5.06778349023219,23.2310603402325
116,Mountain Buzzard,Buteo tachardus,2112,avibase-5BFEFD9A,Mountain Buzzard,Buteo oreophilus,8642,Buteo oreophilus,moubuz2,"Kites, Old World Vultures, Eagles, and Hawks",Accipitriformes,https://datazone.birdlife.org/species/factsheet/22728020,1,0,0,0,0,700,Forest,1,1,Carnivore,Vertivore,Insessorial,674707.01,,,Near Threatened,22,32,5,17,15,4.97602250922031,14.5623217854628
117,Common Buzzard,Buteo buteo,154,avibase-3C0C325D,Common Buzzard,Buteo buteo,8644,Buteo buteo,combuz1,"Kites, Old World Vultures, Eagles, and Hawks",Accipitriformes,https://datazone.birdlife.org/species/factsheet/61695117,1,0,0,1,0,759.1,Grassland,3,2,Carnivore,Vertivore,Insessorial,11719424.27,,,Least Concern,57,68,10,47,21,10.169669692547,20.1916186371418
118,Long-legged Buzzard,Buteo rufinus,979,avibase-CC65921F,Long-legged Buzzard,Buteo rufinus,8655,Buteo rufinus,lolbuz1,"Kites, Old World Vultures, Eagles, and Hawks",Accipitriformes,https://datazone.birdlife.org/species/factsheet/22736562,1,0,0,1,0,1166.2,Grassland,3,3,Carnivore,Vertivore,Generalist,8574436.83,"This species is prone to misidentification and its maps might be affected by error.",,Least Concern,8,8,6,2,6,5.95799825278175,5.70845351605746
119,Augur Buzzard,Buteo augur,153,avibase-EBDC03AA,Augur Buzzard,Buteo augur,8639,Buteo augur,augbuz2,"Kites, Old World Vultures, Eagles, and Hawks",Accipitriformes,https://datazone.birdlife.org/species/factsheet/22732019,1,0,0,0,0,1099.2,Woodland,2,1,Carnivore,Vertivore,Insessorial,3919632.94,,,Least Concern,79,83,5,74,9,5.20451276394872,8.97015711107583
120,Grasshopper Buzzard,Butastur rufipennis,2100,avibase-45A1D850,Grasshopper Buzzard,Butastur rufipennis,8494,Butastur rufipennis,grabuz1,"Kites, Old World Vultures, Eagles, and Hawks",Accipitriformes,https://datazone.birdlife.org/species/factsheet/22695714,1,0,1,0,0,334.9,Woodland,3,1,Carnivore,Invertivore,Insessorial,3625177.22,,,Least Concern,33,32,14,19,13,13.8643780959319,12.3790392380662
121,Long-crested Eagle,Lophaetus occipitalis,138,avibase-14B9664A,Long-crested Eagle,Lophaetus occipitalis,8162,Lophaetus occipitalis,loceag1,"Kites, Old World Vultures, Eagles, and Hawks",Accipitriformes,https://datazone.birdlife.org/species/factsheet/22696134,1,0,0,0,0,1067,Forest,2,1,Carnivore,Vertivore,Insessorial,14031980.87,,,Least Concern,71,71,11,60,11,11.0819693292313,10.7273812585812
122,Crowned Eagle,Stephanoaetus coronatus,143,avibase-1E3B3515,Crowned Eagle,Stephanoaetus coronatus,8125,Stephanoaetus coronatus,crheag1,"Kites, Old World Vultures, Eagles, and Hawks",Accipitriformes,https://datazone.birdlife.org/species/factsheet/22696201,1,0,0,0,0,3640,Forest,1,1,Carnivore,Vertivore,Generalist,6608300.52,,,Near Threatened,42,51,9,33,18,8.89277401609849,17.2378942920347
123,Martial Eagle,Polemaetus bellicosus,142,avibase-FDA2E4A3,Martial Eagle,Polemaetus bellicosus,8160,Polemaetus bellicosus,mareag1,"Kites, Old World Vultures, Eagles, and Hawks",Accipitriformes,https://datazone.birdlife.org/species/factsheet/22696116,1,0,0,0,0,3964.5,Grassland,3,1,Carnivore,Vertivore,Aerial,14888019.22,,,Endangered,74,77,13,61,16,13.1658644863065,15.5376162677336
124,Booted Eagle,Hieraaetus pennatus,139,avibase-4B8CC285,Booted Eagle,Hieraaetus pennatus,8175,Hieraaetus pennatus,booeag1,"Kites, Old World Vultures, Eagles, and Hawks",Accipitriformes,https://datazone.birdlife.org/species/factsheet/22696092,1,0,0,1,0,823.8,Forest,1,3,Carnivore,Vertivore,Generalist,6138248.03,,,Least Concern,36,61,9,27,34,8.77806865445328,32.8167305761245
125,African Hawk Eagle,Hieraaetus spilogaster,141,avibase-9A418C45,African Hawk-Eagle,Aquila spilogaster,8200,Aquila spilogaster,afrhae1,"Kites, Old World Vultures, Eagles, and Hawks",Accipitriformes,https://datazone.birdlife.org/species/factsheet/22696084,1,0,0,0,0,1466.2,Grassland,3,1,Carnivore,Vertivore,Generalist,12423292.01,,,Least Concern,58,80,9,49,31,8.85802728513878,30.1958188930336
126,Ayres's Hawk Eagle,Hieraaetus dubius,140,avibase-7DF00403,Ayres's Hawk-Eagle,Hieraaetus ayresii,8173,Hieraaetus ayresii,ayheag1,"Kites, Old World Vultures, Eagles, and Hawks",Accipitriformes,https://datazone.birdlife.org/species/factsheet/22696103,1,0,0,0,0,806.1,Woodland,3,1,Carnivore,Vertivore,Aerial,5863148.99,,,Least Concern,22,46,6,16,30,5.9266604471387,28.7604448950496
127,Lesser Spotted Eagle,Aquila pomarina,136,avibase-C2565B65,Lesser Spotted Eagle,Clanga pomarina,8170,Clanga pomarina,leseag1,"Kites, Old World Vultures, Eagles, and Hawks",Accipitriformes,https://datazone.birdlife.org/species/factsheet/22696022,1,0,0,1,0,1359.4,Forest,1,3,Carnivore,Vertivore,Generalist,2013351.79,"This species is prone to misidentification and its maps might be affected by error.",,Least Concern,38,32,18,20,12,17.599623259974,11.5525845294057
128,Greater Spotted Eagle,Aquila clanga,1098,avibase-BAC4CA22,Greater Spotted Eagle,Clanga clanga,8169,Clanga clanga,grseag1,"Kites, Old World Vultures, Eagles, and Hawks",Accipitriformes,https://datazone.birdlife.org/species/factsheet/22696027,1,0,0,1,0,2154.3,Wetland,3,3,Carnivore,Vertivore,Generalist,8980278.98,"This species is prone to misidentification and its maps might be affected by error.",,Vulnerable,4,4,2,2,2,1.92090581163148,1.82810200949191
129,Tawny Eagle,Aquila rapax,134,avibase-F6D547B2,Tawny Eagle,Aquila rapax,8181,Aquila rapax,taweag1,"Kites, Old World Vultures, Eagles, and Hawks",Accipitriformes,https://datazone.birdlife.org/species/factsheet/22696033,1,0,0,0,0,2236.1,Shrubland,2,3,Carnivore,Vertivore,Generalist,17572054.36,,,Vulnerable,100,85,22,78,7,21.9580181816089,6.69079901865486
130,Steppe Eagle,Aquila nipalensis,135,avibase-A635F565,Steppe Eagle,Aquila nipalensis,8178,Aquila nipalensis,steeag1,"Kites, Old World Vultures, Eagles, and Hawks",Accipitriformes,https://datazone.birdlife.org/species/factsheet/22696038,1,0,0,1,0,2714.3,Grassland,3,3,Carnivore,Vertivore,Aerial,6933240.92,,,Endangered,59,56,18,41,15,17.9613512589888,14.5006054782391
131,Imperial Eagle,Aquila heliaca,2096,avibase-469DCF57,Eastern Imperial Eagle,Aquila heliaca,8185,Aquila heliaca,impeag1,"Kites, Old World Vultures, Eagles, and Hawks",Accipitriformes,https://datazone.birdlife.org/species/factsheet/22696048,1,0,0,1,0,3125.2,Woodland,1,3,Carnivore,Vertivore,Generalist,9556213.62,"This species is prone to misidentification and its maps might be affected by error.",,Vulnerable,12,4,11,1,3,10.6023098699719,2.92150172959393
132,Verreaux's Eagle,Aquila verreauxii,133,avibase-14F13C32,Verreaux's Eagle,Aquila verreauxii,8199,Aquila verreauxii,vereag1,"Kites, Old World Vultures, Eagles, and Hawks",Accipitriformes,https://datazone.birdlife.org/species/factsheet/22696067,1,0,0,0,0,4195,Rock,3,1,Carnivore,Vertivore,Aerial,4020161.71,,,Least Concern,48,47,16,32,15,15.9703358840706,14.2781110466655
133,Wahlberg's Eagle,Aquila wahlbergi,137,avibase-535F3C99,Wahlberg's Eagle,Hieraaetus wahlbergi,8172,Hieraaetus wahlbergi,waheag3,"Kites, Old World Vultures, Eagles, and Hawks",Accipitriformes,https://datazone.birdlife.org/species/factsheet/22696072,1,0,1,0,0,640,Shrubland,2,1,Carnivore,Vertivore,Insessorial,9578321.34,,,Least Concern,75,74,13,62,12,12.9374787749887,11.5926919665159
134,African Fish Eagle,Haliaeetus vocifer,149,avibase-A19B0CF4,African Fish Eagle,Icthyophaga vocifer,8484,Icthyophaga vocifer,affeag1,"Kites, Old World Vultures, Eagles, and Hawks",Accipitriformes,https://datazone.birdlife.org/species/factsheet/22695115,1,0,0,0,1,3400,Wetland,2,1,Carnivore,Aquatic predator,Insessorial,15637883.11,,,Least Concern,74,75,10,64,11,9.94961006843085,10.6438750925038
135,Black Kite,Milvus migrans,128,avibase-06D9A2C8,Black Kite,Milvus migrans,8466,Milvus migrans,blakit1,"Kites, Old World Vultures, Eagles, and Hawks",Accipitriformes,,1,0,0,0,0,734.1,Woodland,3,3,Omnivore,Omnivore,Aerial,59168603.49,,,Not Evaluated,106,91,18,88,3,18.0136612023368,3.02054337549461
136,Cuckoo Hawk,Aviceda cuculoides,127,avibase-648936C0,African Cuckoo-Hawk,Aviceda cuculoides,8000,Aviceda cuculoides,afrcuh1,"Kites, Old World Vultures, Eagles, and Hawks",Accipitriformes,https://datazone.birdlife.org/species/factsheet/22694944,1,0,0,0,0,277,Forest,1,1,Carnivore,Vertivore,Insessorial,10593852.38,,,Least Concern,21,27,11,10,17,10.9517913840083,16.2760442785205
137,Honey Buzzard,Pernis apivorus,132,avibase-ED5A7E8F,European Honey Buzzard,Pernis apivorus,8030,Pernis apivorus,euhbuz1,"Kites, Old World Vultures, Eagles, and Hawks",Accipitriformes,https://datazone.birdlife.org/species/factsheet/22694989,1,0,0,1,0,754.4,Forest,1,3,Carnivore,Invertivore,Insessorial,9317297.54,,,Least Concern,27,40,8,19,21,7.92696323431867,20.4202727787085
138,Bat Hawk,Macheiramphus alcinus,131,avibase-DAE4C523,Bat Hawk,Macheiramphus alcinus,8207,Macheiramphus alcinus,bathaw1,"Kites, Old World Vultures, Eagles, and Hawks",Accipitriformes,https://datazone.birdlife.org/species/factsheet/22695021,1,0,0,0,0,650,Forest,2,1,Carnivore,Vertivore,Aerial,13573105.09,,,Least Concern,33,40,11,22,18,10.7671939676647,17.1753011553266
139,Black-shouldered Kite,Elanus caeruleus,130,avibase-97C47F3E,Black-winged Kite,Elanus caeruleus,7965,Elanus caeruleus,bkskit1,"Kites, Old World Vultures, Eagles, and Hawks",Accipitriformes,https://datazone.birdlife.org/species/factsheet/22695028,1,0,0,0,0,259.8,Grassland,3,2,Carnivore,Vertivore,Aerial,26685941.8,,,Least Concern,91,80,22,69,11,22.3911119548612,10.6362279298848
140,Swallow-tailed Kite,Chelictinia riocourii,2114,avibase-22832FF4,Scissor-tailed Kite,Chelictinia riocourii,7960,Chelictinia riocourii,sctkit1,"Kites, Old World Vultures, Eagles, and Hawks",Accipitriformes,https://datazone.birdlife.org/species/factsheet/22695042,1,0,0,0,0,110,Shrubland,2,1,Carnivore,Invertivore,Aerial,5425285.72,,,Vulnerable,35,20,22,13,7,21.7198012904759,6.9521264232059
141,Osprey,Pandion haliaetus,172,avibase-1327AC55,Osprey,Pandion haliaetus,7948,Pandion haliaetus,osprey,"Osprey",Accipitriformes,https://datazone.birdlife.org/species/factsheet/22694938,1,0,0,1,1,1483.2,Marine,3,3,Carnivore,Aquatic predator,Aerial,31298390.01,,,Least Concern,32,35,11,21,14,10.9491578244312,13.1785840013966
142,Pygmy Falcon,Polihierax semitorquatus,126,avibase-3B52D2B8,Pygmy Falcon,Polihierax semitorquatus,11131,Polihierax semitorquatus,pygfal1,"Falcons and Caracaras",Falconiformes,https://datazone.birdlife.org/species/factsheet/22696313,1,0,0,0,0,61.5,Shrubland,3,1,Carnivore,Vertivore,Insessorial,3103663.96,,,Least Concern,68,60,21,47,13,21.3045487611329,12.6059657057968
143,Peregrine Falcon,Falco peregrinus,113,avibase-47E58408,Peregrine Falcon,Falco peregrinus,11245,Falco peregrinus,perfal,"Falcons and Caracaras",Falconiformes,https://datazone.birdlife.org/species/factsheet/45354964,1,0,0,0,0,760,Grassland,3,2,Carnivore,Vertivore,Aerial,38088662.45,"Records in the old atlas of Peregrine Falcon and Barbary Falcon are lumped.",,Least Concern,59,58,19,40,18,18.9329315394824,17.2272747212429
145,Taita Falcon,Falco fasciinucha,887,avibase-9A4AA945,Taita Falcon,Falco fasciinucha,11244,Falco fasciinucha,taifal1,"Falcons and Caracaras",Falconiformes,https://datazone.birdlife.org/species/factsheet/22696523,1,0,0,0,0,254.7,Rock,3,1,Carnivore,Vertivore,Aerial,501059.82,,,Vulnerable,8,6,7,1,5,6.73345843758441,4.81128402054068
146,Lanner Falcon,Falco biarmicus,114,avibase-3D3808E3,Lanner Falcon,Falco biarmicus,11264,Falco biarmicus,lanfal1,"Falcons and Caracaras",Falconiformes,https://datazone.birdlife.org/species/factsheet/22696487,1,0,0,0,0,606.1,Shrubland,3,2,Carnivore,Vertivore,Aerial,17892923.9,,,Least Concern,59,73,16,43,30,16.0779332235819,28.9625041499623
147,Saker Falcon,Falco cherrug,2154,avibase-A9F51494,Saker Falcon,Falco cherrug,11273,Falco cherrug,sakfal1,"Falcons and Caracaras",Falconiformes,https://datazone.birdlife.org/species/factsheet/22696495,1,0,0,1,0,961.2,Grassland,3,3,Carnivore,Vertivore,Generalist,11514254.26,,,Endangered,4,0,4,0,0,3.86804212820919,0
148,Red-necked Falcon,Falco chicquera,117,avibase-6A64EFCB,Red-necked Falcon,Falco chicquera,11238,Falco chicquera,renfal1,"Falcons and Caracaras",Falconiformes,,1,0,0,0,0,208,Woodland,3,1,Carnivore,Vertivore,Aerial,3166581.2,,,Not Evaluated,17,21,9,8,13,8.93817403881762,12.6456474250803
149,Red-footed Falcon,Falco vespertinus,120,avibase-997A9437,Red-footed Falcon,Falco vespertinus,11200,Falco vespertinus,reffal1,"Falcons and Caracaras",Falconiformes,https://datazone.birdlife.org/species/factsheet/22696432,1,0,0,1,0,151.5,Grassland,3,3,Carnivore,Invertivore,Aerial,9360235.41,,,Vulnerable,4,3,3,1,2,2.93558630190216,1.88212199676529
150,Eastern Red-footed Falcon,Falco amurensis,119,avibase-E6137E65,Amur Falcon,Falco amurensis,11201,Falco amurensis,amufal1,"Falcons and Caracaras",Falconiformes,https://datazone.birdlife.org/species/factsheet/22696437,1,0,0,1,0,141.9,Grassland,3,3,Carnivore,Invertivore,Insessorial,2793291.94,,,Least Concern,21,45,6,15,30,5.87704609194687,29.1030236148853
151,African Hobby,Falco cuvieri,116,avibase-F56A73BF,African Hobby,Falco cuvierii,11229,Falco cuvierii,afrhob1,"Falcons and Caracaras",Falconiformes,https://datazone.birdlife.org/species/factsheet/22696466,1,0,0,0,0,182.2,Woodland,3,2,Carnivore,Omnivore,Aerial,7436820.01,,,Least Concern,37,31,16,21,10,15.8368143444379,9.48693718889358
152,Hobby,Falco subbuteo,115,avibase-E91E287A,Eurasian Hobby,Falco subbuteo,11230,Falco subbuteo,eurhob,"Falcons and Caracaras",Falconiformes,https://datazone.birdlife.org/species/factsheet/22696460,1,0,0,1,0,208.2,Woodland,3,3,Carnivore,Invertivore,Aerial,28255832.68,,,Least Concern,59,62,17,42,20,16.9091556856445,19.5575011404571
153,Grey Kestrel,Falco ardosiaceus,889,avibase-3F2BA4F7,Grey Kestrel,Falco ardosiaceus,11212,Falco ardosiaceus,grykes1,"Falcons and Caracaras",Falconiformes,https://datazone.birdlife.org/species/factsheet/22696406,1,0,0,0,0,234.2,Woodland,3,1,Carnivore,Vertivore,Insessorial,7345675.56,,,Least Concern,18,20,6,12,8,5.90974867384993,7.76278267832969
154,Dickinson's Kestrel,Falco dickinsoni,121,avibase-CA34C05A,Dickinson's Kestrel,Falco dickinsoni,11213,Falco dickinsoni,dickes1,"Falcons and Caracaras",Falconiformes,https://datazone.birdlife.org/species/factsheet/22696410,1,0,0,0,0,209,Woodland,3,1,Carnivore,Vertivore,Aerial,3765759.75,,,Least Concern,3,4,1,2,2,0.953274456883875,1.92553414010586
155,Eleonora's Falcon,Falco eleonorae,992,avibase-9EA1F12D,Eleonora's Falcon,Falco eleonorae,11227,Falco eleonorae,elefal1,"Falcons and Caracaras",Falconiformes,https://datazone.birdlife.org/species/factsheet/22696442,1,0,0,1,0,390,Coastal,3,3,Carnivore,Omnivore,Aerial,121952.48,,,Least Concern,13,18,4,9,9,3.83972413872454,8.54926518762816
156,Sooty Falcon,Falco concolor,888,avibase-BD34FDFD,Sooty Falcon,Falco concolor,11228,Falco concolor,soofal1,"Falcons and Caracaras",Falconiformes,https://datazone.birdlife.org/species/factsheet/22696446,1,0,0,1,0,250,Rock,3,3,Carnivore,Vertivore,Aerial,374520.47,,,Vulnerable,20,21,13,7,14,12.457220574797,13.4592358167928
157,Fox Kestrel,Falco alopex,2152,avibase-D2CAA18B,Fox Kestrel,Falco alopex,11152,Falco alopex,foxkes1,"Falcons and Caracaras",Falconiformes,https://datazone.birdlife.org/species/factsheet/22696402,1,0,0,0,0,273.9,Rock,3,1,Carnivore,Vertivore,Insessorial,5286034.09,,,Least Concern,13,8,8,5,3,7.87012634402411,2.94601042400168
158,Greater Kestrel,Falco rupicoloides,122,avibase-2E4DAA13,Greater Kestrel,Falco rupicoloides,11153,Falco rupicoloides,grekes1,"Falcons and Caracaras",Falconiformes,https://datazone.birdlife.org/species/factsheet/22696398,1,0,0,0,0,261,Grassland,3,1,Carnivore,Invertivore,Insessorial,3191508.18,"This species is prone to misidentification and its maps might be affected by error.",,Least Concern,31,37,12,19,18,11.72199413045,17.6457684564478
159,Common Kestrel,Falco tinnunculus,2162,avibase-2DAB45B8,Common Kestrel,Falco tinnunculus,11170,Falco tinnunculus,eurkes,"Falcons and Caracaras",Falconiformes,,1,0,0,0,0,183.2,Shrubland,3,3,Carnivore,Vertivore,Aerial,49037026.09,,,Not Evaluated,87,61,34,53,8,34.2280435295526,7.82541408702833
160,Lesser Kestrel,Falco naumanni,125,avibase-BECA271F,Lesser Kestrel,Falco naumanni,11151,Falco naumanni,leskes1,"Falcons and Caracaras",Falconiformes,https://datazone.birdlife.org/species/factsheet/22696357,1,0,0,1,0,152.1,Grassland,3,3,Carnivore,Invertivore,Generalist,9560575.62,,,Least Concern,54,46,17,37,9,16.6238181196852,8.7985295950106
161,Scaly Francolin,Francolinus squamatus,1246,avibase-1B11690B,Scaly Spurfowl,Pternistis squamatus,1595,Pternistis squamatus,scafra2,"Partridges, Pheasants, Grouse, and Allies",Galliformes,https://datazone.birdlife.org/species/factsheet/22678839,1,0,0,0,0,449.5,Forest,1,1,Herbivore,Herbivore terrestrial,Terrestrial,2593426.1,,,Least Concern,29,39,6,23,16,5.86727402116871,15.3187658370496
162,Jackson's Francolin,Francolinus jacksoni,1234,avibase-A7E59764,Jackson's Spurfowl,Pternistis jacksoni,1583,Pternistis jacksoni,jacfra2,"Partridges, Pheasants, Grouse, and Allies",Galliformes,https://datazone.birdlife.org/species/factsheet/22678887,1,0,0,0,0,1097,Forest,2,1,Herbivore,Omnivore,Terrestrial,16544.06,,,Least Concern,9,6,5,4,2,5.02584870654519,1.91492097641763
163,Chestnut-naped Francolin,Francolinus castaneicollis,1222,avibase-81474844,Chestnut-naped Spurfowl,Pternistis castaneicollis,1575,Pternistis castaneicollis,chnfra2,"Partridges, Pheasants, Grouse, and Allies",Galliformes,,1,0,0,0,0,791.5,Forest,1,1,Omnivore,Omnivore,Terrestrial,264511.06,,,Not Evaluated,1,2,0,1,1,0,0.983360256990764
164,Yellow-necked Spurfowl,Francolinus leucoscepus,1236,avibase-90AFDF9E,Yellow-necked Spurfowl,Pternistis leucoscepus,1604,Pternistis leucoscepus,yenspu1,"Partridges, Pheasants, Grouse, and Allies",Galliformes,https://datazone.birdlife.org/species/factsheet/22678847,1,0,0,0,0,640.6,Shrubland,2,1,Herbivore,Omnivore,Terrestrial,2071108.37,,,Least Concern,84,74,17,67,7,17.1256300040244,6.67112100715645
165,Red-necked Spurfowl,Francolinus afer,188,avibase-5FA94F66,Red-necked Spurfowl,Pternistis afer,1608,Pternistis afer,renfra1,"Partridges, Pheasants, Grouse, and Allies",Galliformes,https://datazone.birdlife.org/species/factsheet/22678855,1,0,0,0,0,454.8,Shrubland,2,1,Herbivore,Herbivore terrestrial,Terrestrial,4561244.02,,,Least Concern,14,16,4,10,6,3.96449464602549,5.82168770442822
166,Hildebrandt's Francolin,Francolinus hildebrandti,954,avibase-F5A73AAA,Hildebrandt's Spurfowl,Pternistis hildebrandti,1587,Pternistis hildebrandti,hilfra2,"Partridges, Pheasants, Grouse, and Allies",Galliformes,https://datazone.birdlife.org/species/factsheet/22678827,1,0,0,0,0,532,Shrubland,2,1,Herbivore,Herbivore terrestrial,Terrestrial,900428.25,,"CJ: Yes, my impression has been that the species has spread.",Least Concern,24,39,2,22,17,1.95721388272052,16.3087220113592
167,Crested Francolin,Francolinus sephaena,174,avibase-8004C7E5,Crested Francolin,Ortygornis sephaena,1426,Ortygornis sephaena,crefra2,"Partridges, Pheasants, Grouse, and Allies",Galliformes,https://datazone.birdlife.org/species/factsheet/22678752,1,0,0,0,0,340.5,Shrubland,2,1,Omnivore,Invertivore,Terrestrial,3350686.8,,,Least Concern,90,103,4,86,17,4.12947549640449,16.355759380642
168,Ring-necked Francolin,Francolinus streptophorus,1256,avibase-5B115F6C,Ring-necked Francolin,Scleroptila streptophora,1404,Scleroptila streptophora,rinfra2,"Partridges, Pheasants, Grouse, and Allies",Galliformes,https://datazone.birdlife.org/species/factsheet/22678756,1,0,0,0,0,385,Grassland,3,1,Omnivore,Omnivore,Terrestrial,216468.87,"This map might contains errors",,Least Concern,0,1,0,0,1,0,0.956628523511548
169,Red-winged Francolin,Francolinus levaillantii,178,avibase-B49935ED,Red-winged Francolin,Scleroptila levaillantii,1405,Scleroptila levaillantii,rewfra2,"Partridges, Pheasants, Grouse, and Allies",Galliformes,https://datazone.birdlife.org/species/factsheet/22678769,1,0,0,0,0,430.9,Grassland,3,1,Omnivore,Herbivore terrestrial,Terrestrial,832216.06,,,Least Concern,3,5,1,2,3,0.983462364966188,2.78473053300346
170,Shelley's Francolin,Francolinus shelleyi,177,avibase-A15F6836,Shelley's Francolin,Scleroptila shelleyi,1420,Scleroptila shelleyi,shefra1,"Partridges, Pheasants, Grouse, and Allies",Galliformes,https://datazone.birdlife.org/species/factsheet/22728223,1,0,0,0,0,488,Woodland,3,1,Herbivore,Omnivore,Terrestrial,1271472.68,,,Least Concern,16,16,5,11,5,4.87235739116178,4.79529399574894
171,Moorland Francolin,Francolinus psilolaemus,0,avibase-3D25568A,Elgon Francolin,Scleroptila elgonensis,1411,Scleroptila elgonensis,moofra3,"Partridges, Pheasants, Grouse, and Allies",Galliformes,https://datazone.birdlife.org/species/factsheet/22727349,1,0,0,0,0,478.3,Shrubland,3,1,Herbivore,Herbivore terrestrial,Terrestrial,47075.9,,,Least Concern,2,7,0,2,5,0,4.84623673962047
172,Coqui Francolin,Francolinus coqui,173,avibase-ECD7C1D8,Coqui Francolin,Campocolinus coqui,1393,Campocolinus coqui,coqfra2,"Partridges, Pheasants, Grouse, and Allies",Galliformes,https://datazone.birdlife.org/species/factsheet/22678736,1,0,0,0,0,262,Grassland,3,1,Herbivore,Omnivore,Terrestrial,4180135.39,,,Least Concern,20,23,7,13,10,6.80481880834676,9.5660789660596
173,Quail,Coturnix coturnix,189,avibase-CAFE345D,Common Quail,Coturnix coturnix,1504,Coturnix coturnix,comqua1,"Partridges, Pheasants, Grouse, and Allies",Galliformes,https://datazone.birdlife.org/species/factsheet/22678944,1,0,0,0,0,96.3,Human Modified,3,3,Herbivore,Granivore,Terrestrial,21283218.76,"This species is prone to misidentification and its maps might be affected by error.",,Least Concern,22,37,6,16,21,5.85511578463494,20.1557318027722
174,Harlequin Quail,Coturnix delegorguei,190,avibase-0CA903BB,Harlequin Quail,Coturnix delegorguei,1511,Coturnix delegorguei,harqua1,"Partridges, Pheasants, Grouse, and Allies",Galliformes,https://datazone.birdlife.org/species/factsheet/22678961,1,0,0,0,0,76,Grassland,3,3,Herbivore,Granivore,Terrestrial,9153237.05,,"CJ: VERY interesting that there is such a decline in this spp. It is surely not one that would be missed / wrongly ID'd?",Least Concern,69,53,30,39,14,30.0801956356485,13.3713074332283
175,Blue Quail,Coturnix chinensis,191,avibase-CAA45AC6,Blue Quail,Synoicus adansonii,1499,Synoicus adansonii,bluqua1,"Partridges, Pheasants, Grouse, and Allies",Galliformes,https://datazone.birdlife.org/species/factsheet/22678971,1,0,1,0,0,40.4,Grassland,2,1,Herbivore,Omnivore,Terrestrial,5998351.89,,"CJ: The percentage increase / decrease for these rare species don't really make sense - they appear more dramatic than they probably are. Blue Quail has been very rare for a long time…",Least Concern,4,3,3,1,2,2.88541917522966,1.88516323503925
176,Stone Partridge,Ptilopachus petrosus,1250,avibase-57B05159,Stone Partridge,Ptilopachus petrosus,793,Ptilopachus petrosus,stopar1,"New World Quail",Galliformes,https://datazone.birdlife.org/species/factsheet/22679110,1,0,0,0,0,193,Rock,3,1,Herbivore,Omnivore,Terrestrial,4691145.79,,,Least Concern,8,14,2,6,8,2.01841987622799,7.80389424664912
177,Vulturine Guineafowl,Acryllium vulturinum,1260,avibase-F7A3FA35,Vulturine Guineafowl,Acryllium vulturinum,778,Acryllium vulturinum,vulgui1,"Guineafowl",Galliformes,https://datazone.birdlife.org/species/factsheet/22679572,1,0,0,0,0,1330,Shrubland,2,1,Herbivore,Omnivore,Terrestrial,1226666.24,"This map might contains errors","CJ: Why the comment about errors? It's surely an easily identified species??",Least Concern,44,51,6,38,13,6.03605022883597,12.4776398632274
178,Kenya Crested Guineafowl,Guttera pucherani,0,avibase-35D60F12,Eastern Crested Guineafowl,Guttera pucherani,783,Guttera pucherani,cregui3,"Guineafowl",Galliformes,https://datazone.birdlife.org/species/factsheet/22725212,1,0,0,0,0,1149,Forest,1,1,Omnivore,Omnivore,Terrestrial,519919.07,,,Least Concern,23,19,14,9,10,13.8761085766592,9.50100111782453
179,Crested Guineafowl,Guttera edouardi,0,avibase-9D29C252,Western Crested Guineafowl,Guttera verreauxi,784,Guttera verreauxi,cregui2,"Guineafowl",Galliformes,https://datazone.birdlife.org/species/factsheet/45479083,1,0,0,0,0,1149,Forest,1,1,Omnivore,Omnivore,Terrestrial,519919.07,,"CJ: What's the story with 'edourdi' vs 'verreauxi'?? Should there be a comment on this? Worrying that it has vanished altogether from western Kenya",Least Concern,14,6,9,5,1,8.74074247199409,0.998337085374777
180,Helmeted Guineafowl,Numida meleagris,192,avibase-1044B438,Helmeted Guineafowl,Numida meleagris,764,Numida meleagris,helgui,"Guineafowl",Galliformes,https://datazone.birdlife.org/species/factsheet/22679555,1,0,0,0,0,1299,Woodland,2,1,Herbivore,Omnivore,Terrestrial,12744779.36,,,Least Concern,99,87,18,81,6,18.305261891135,6.00246925316036
181,Button Quail,Turnix sylvatica,196,avibase-0DA8BB90,Common Buttonquail,Turnix sylvaticus,4234,Turnix sylvaticus,smabut2,"Buttonquail",Charadriiformes,https://datazone.birdlife.org/species/factsheet/22680500,1,0,0,0,0,52.7,Shrubland,2,1,Omnivore,Omnivore,Terrestrial,17313380.02,,,Least Concern,35,22,20,15,7,19.6391590255615,6.57520675563808
182,Black-rumped Button Quail,Turnix hottentota,4128,avibase-0874B4D5,Black-rumped Buttonquail,Turnix nanus,4248,Turnix nanus,hotbut3,"Buttonquail",Charadriiformes,https://datazone.birdlife.org/species/factsheet/22725531,1,0,0,0,0,50.6,Grassland,3,1,Omnivore,Omnivore,Terrestrial,5641140.28,"Species not recorded during both the old and new atlas, but recorded in Kenya.",,Least Concern,0,0,0,0,0,0,0
183,Quail Plover,Ortyxelos meiffreni,1344,avibase-B605A049,Quail-plover,Ortyxelos meiffrenii,4194,Ortyxelos meiffrenii,quailp1,"Buttonquail",Charadriiformes,https://datazone.birdlife.org/species/factsheet/22680603,1,0,0,0,0,17.6,Grassland,3,2,Omnivore,Omnivore,Terrestrial,2965419.34,,,Least Concern,5,7,3,2,5,2.99833063552587,4.76371966626183
184,Crowned Crane,Balearica regulorum,214,avibase-D10CAC5D,Grey Crowned Crane,Balearica regulorum,3258,Balearica regulorum,grccra1,"Cranes",Gruiformes,https://datazone.birdlife.org/species/factsheet/22692046,1,0,0,0,1,3772,Wetland,3,1,Omnivore,Omnivore,Terrestrial,3528882.19,,,Endangered,62,63,7,55,8,7.0568622834867,7.78293126187731
185,White-spotted Pygmy Crake,Sarothrura pulchra,1944,avibase-6EF64F69,White-spotted Flufftail,Sarothrura pulchra,3317,Sarothrura pulchra,whsflu1,"Flufftails",Gruiformes,https://datazone.birdlife.org/species/factsheet/22692215,1,0,0,0,0,45.2,Forest,1,1,Carnivore,Aquatic predator,Terrestrial,4635423.45,,,Least Concern,3,3,1,2,1,0.972712084595792,0.987532388921573
186,Buff-spotted Pygmy Crake,Sarothrura elegans,206,avibase-E75BA92C,Buff-spotted Flufftail,Sarothrura elegans,3322,Sarothrura elegans,busflu1,"Flufftails",Gruiformes,https://datazone.birdlife.org/species/factsheet/22692219,1,0,0,0,1,46,Wetland,1,1,Carnivore,Invertivore,Terrestrial,7047799.89,,,Least Concern,8,7,6,2,5,5.84060648912101,4.7064830498259
187,Red-chested Pygmy Crake,Sarothrura rufa,205,avibase-10B56544,Red-chested Flufftail,Sarothrura rufa,3325,Sarothrura rufa,recflu1,"Flufftails",Gruiformes,https://datazone.birdlife.org/species/factsheet/22692223,1,0,0,0,1,37.7,Wetland,1,1,Carnivore,Aquatic predator,Terrestrial,4402555,,,Least Concern,9,8,7,2,6,6.77740321627243,5.83275183200898
188,Streaky-breasted Pygmy Crake,Sarothrura boehmi,892,avibase-EBA9F2C4,Streaky-breasted Flufftail,Sarothrura boehmi,3332,Sarothrura boehmi,stbflu1,"Flufftails",Gruiformes,https://datazone.birdlife.org/species/factsheet/22692232,1,0,1,0,0,35,Grassland,1,1,Omnivore,Omnivore,Terrestrial,995800.31,,,Least Concern,2,1,2,0,1,1.94290974296449,0.96432365744423
189,Chestnut-tailed Pygmy Crake,Sarothrura affinis,207,avibase-D4A066EA,Striped Flufftail,Sarothrura affinis,3333,Sarothrura affinis,strflu1,"Flufftails",Gruiformes,https://datazone.birdlife.org/species/factsheet/22692236,1,0,0,0,1,27.8,Wetland,1,1,Omnivore,Omnivore,Terrestrial,524225.88,,,Least Concern,4,2,3,1,1,2.99288171558241,0.968534935160543
190,African Water Rail,Rallus caerulescens,197,avibase-5B443EDE,African Rail,Rallus caerulescens,3436,Rallus caerulescens,afrrai1,"Rails, Gallinules, and Coots",Gruiformes,https://datazone.birdlife.org/species/factsheet/22692498,1,0,0,0,1,162.1,Wetland,2,1,Carnivore,Aquatic predator,Terrestrial,5673805.66,,,Least Concern,20,22,10,10,12,9.67914694192831,11.3193997275027
191,African Crake,Crex egregia,199,avibase-09A0F2EB,African Crake,Crecopsis egregia,3441,Crecopsis egregia,afrcra1,"Rails, Gallinules, and Coots",Gruiformes,https://datazone.birdlife.org/species/factsheet/22692539,1,0,0,0,1,119,Wetland,2,3,Carnivore,Omnivore,Terrestrial,11681471.46,,,Least Concern,22,20,13,9,11,12.7002523926137,10.4796294725786
192,Corncrake,Crex crex,198,avibase-7E257242,Corn Crake,Crex crex,3459,Crex crex,corcra,"Rails, Gallinules, and Coots",Gruiformes,https://datazone.birdlife.org/species/factsheet/22692543,1,0,0,1,1,154.9,Grassland,2,3,Carnivore,Omnivore,Terrestrial,12516028.75,,,Least Concern,10,11,9,1,10,8.81876773383027,9.45735448007021
193,Black Crake,Limnocorax flavirostra,203,avibase-148F0B01,Black Crake,Zapornia flavirostra,3707,Zapornia flavirostra,blacra1,"Rails, Gallinules, and Coots",Gruiformes,https://datazone.birdlife.org/species/factsheet/22692643,1,0,0,0,1,86.2,Wetland,2,1,Carnivore,Aquatic predator,Terrestrial,16710583.49,,,Least Concern,58,66,10,48,18,10.079776114546,17.1606183442145
194,Spotted Crake,Porzana porzana,201,avibase-460708F9,Spotted Crake,Porzana porzana,3550,Porzana porzana,spocra1,"Rails, Gallinules, and Coots",Gruiformes,https://datazone.birdlife.org/species/factsheet/22692676,1,0,0,1,1,87.1,Wetland,1,3,Omnivore,Aquatic predator,Terrestrial,10691863.17,,,Least Concern,9,2,8,1,1,7.75942401493308,0.940460953162362
195,Lesser Spotted Crake,Porzana pusilla,202,avibase-34D5B04D,Baillon's Crake,Zapornia pusilla,3709,Zapornia pusilla,baicra1,"Rails, Gallinules, and Coots",Gruiformes,https://datazone.birdlife.org/species/factsheet/22692667,1,0,0,0,1,35.4,Wetland,1,3,Carnivore,Aquatic predator,Terrestrial,19543407.73,,,Least Concern,8,5,6,2,3,5.80075954053269,2.86443770479086
196,Striped Crake,Aenigmatolimnas marginalis,200,avibase-13967506,Striped Crake,Aenigmatolimnas marginalis,3667,Aenigmatolimnas marginalis,strcra1,"Rails, Gallinules, and Coots",Gruiformes,https://datazone.birdlife.org/species/factsheet/22692729,1,0,1,0,1,51.2,Grassland,3,2,Carnivore,Aquatic predator,Terrestrial,3857317.95,,,Least Concern,7,1,7,0,1,6.69234384926159,0.968534935160543
197,Red-knobbed Coot,Fulica cristata,212,avibase-53235FDC,Red-knobbed Coot,Fulica cristata,3587,Fulica cristata,rekcoo1,"Rails, Gallinules, and Coots",Gruiformes,https://datazone.birdlife.org/species/factsheet/22692907,1,0,0,0,1,826,Wetland,3,1,Herbivore,Herbivore aquatic,Aquatic,5291448.7,,,Least Concern,36,46,11,25,21,10.7672977179097,20.0615063361308
198,Purple Gallinule,Porphyrio porphyrio,208,avibase-865C039E,African Swamphen,Porphyrio madagascariensis,198,Porphyrio madagascariensis,purswa2,"Rails, Gallinules, and Coots",Gruiformes,,1,0,0,0,1,636,Wetland,2,1,Herbivore,Herbivore aquatic,Terrestrial,18686249.25,,,,17,34,2,15,19,1.9604926147353,18.2228565040061
199,Allen's Gallinule,Porphyrio alleni,209,avibase-53288666,Allen's Gallinule,Porphyrio alleni,3598,Porphyrio alleni,allgal1,"Rails, Gallinules, and Coots",Gruiformes,https://datazone.birdlife.org/species/factsheet/22692816,1,0,0,0,1,138.7,Wetland,2,3,Herbivore,Herbivore aquatic,Terrestrial,16360428.26,,,Least Concern,11,19,3,8,11,2.91668216178613,10.5200309809517
200,Lesser Moorhen,Gallinula angulata,211,avibase-A927C1AE,Lesser Moorhen,Paragallinula angulata,3553,Paragallinula angulata,lesmoo1,"Rails, Gallinules, and Coots",Gruiformes,https://datazone.birdlife.org/species/factsheet/22692883,1,0,1,0,1,130,Wetland,2,1,Omnivore,Omnivore,Generalist,11737913.2,,,Least Concern,24,21,13,11,10,12.4761015597892,9.48764581412748
201,Common Moorhen,Gallinula chloropus,210,avibase-8F82FF8C,Common Moorhen,Gallinula chloropus,3558,Gallinula chloropus,commoo3,"Rails, Gallinules, and Coots",Gruiformes,https://datazone.birdlife.org/species/factsheet/62120190,1,0,0,0,1,339.6,Wetland,3,1,Omnivore,Omnivore,Terrestrial,38515141.7,,,Least Concern,47,51,11,36,15,10.9921790486847,14.427673046247
202,African Finfoot,Podica senegalensis,213,avibase-46DECAEE,African Finfoot,Podica senegalensis,3290,Podica senegalensis,afrfin1,"Finfoots",Gruiformes,https://datazone.birdlife.org/species/factsheet/22692177,1,0,0,0,1,599,Wetland,2,1,Carnivore,Aquatic predator,Aquatic,11384786.12,,,Least Concern,14,6,11,3,3,10.6439617150943,2.84871411591739
203,White-bellied Bustard,Eupodotis senegalensis,222,avibase-3B287014,White-bellied Bustard,Eupodotis senegalensis,1793,Eupodotis senegalensis,whbbus2,"Bustards",Otidiformes,https://datazone.birdlife.org/species/factsheet/22691996,1,0,0,0,0,585,Grassland,3,1,Omnivore,Omnivore,Terrestrial,4886826.68,,,Least Concern,50,48,15,35,13,15.0840969065881,12.6270072735438
204,Hartlaub's Bustard,Eupodotis hartlaubi,1906,avibase-402E7401,Hartlaub's Bustard,Lissotis hartlaubii,1818,Lissotis hartlaubii,harbus2,"Bustards",Otidiformes,https://datazone.birdlife.org/species/factsheet/22692011,1,0,0,0,0,1190,Grassland,3,1,Omnivore,Omnivore,Terrestrial,606100.64,"This species is prone to misidentification and its maps might be affected by error.",,Least Concern,18,24,8,10,14,7.73695534240386,13.3395320401648
205,Black-bellied Bustard,Eupodotis melanogaster,227,avibase-562F4456,Black-bellied Bustard,Lissotis melanogaster,1819,Lissotis melanogaster,bkbbus1,"Bustards",Otidiformes,https://datazone.birdlife.org/species/factsheet/22692007,1,0,0,0,0,1151.5,Grassland,3,1,Carnivore,Invertivore,Terrestrial,10594022.75,"This species is prone to misidentification and its maps might be affected by error.",,Least Concern,51,44,21,30,14,20.7377128390415,13.7098001682095
206,Buff-crested Bustard,Eupodotis ruficrista,1900,avibase-968D57F9,Buff-crested Bustard,Lophotis gindiana,1809,Lophotis gindiana,bucbus1,"Bustards",Otidiformes,https://datazone.birdlife.org/species/factsheet/22691960,1,0,0,0,0,782.3,Shrubland,3,1,Omnivore,Omnivore,Terrestrial,1777669.92,,,Least Concern,61,61,14,47,14,14.0872331634209,13.6317269876489
207,Denham's Bustard,Neotis denhami,219,avibase-4FDBC0CB,Denham's Bustard,Neotis denhami,1785,Neotis denhami,stabus1,"Bustards",Otidiformes,https://datazone.birdlife.org/species/factsheet/22691905,1,0,0,0,0,3970.2,Grassland,3,1,Carnivore,Omnivore,Terrestrial,7660206.48,,,Near Threatened,7,9,3,4,5,2.90537402529279,4.67930067966853
208,Heuglin's Bustard,Neotis heuglinii,1910,avibase-4971D1EF,Heuglin's Bustard,Neotis heuglinii,1789,Neotis heuglinii,heubus1,"Bustards",Otidiformes,https://datazone.birdlife.org/species/factsheet/22691920,1,0,0,0,0,4098.8,Desert,3,1,Omnivore,Omnivore,Terrestrial,989206.1,,,Least Concern,17,18,4,13,5,3.95183658945085,4.77287633322933
209,Kori Bustard,Otis kori,217,avibase-4FC41CA0,Kori Bustard,Ardeotis kori,1773,Ardeotis kori,korbus1,"Bustards",Otidiformes,https://datazone.birdlife.org/species/factsheet/22691928,1,0,0,0,0,7994.2,Grassland,3,1,Omnivore,Omnivore,Terrestrial,3565934.25,,,Near Threatened,57,58,13,44,14,12.974828855438,13.5139626501868
210,Arabian Bustard,Otis arabs,1894,avibase-6A394479,Arabian Bustard,Ardeotis arabs,1768,Ardeotis arabs,arabus1,"Bustards",Otidiformes,https://datazone.birdlife.org/species/factsheet/22691924,1,0,0,0,0,5943.5,Grassland,3,1,Omnivore,Omnivore,Terrestrial,2950367.62,,,Near Threatened,0,2,0,0,2,0,2.00754482650374
211,Jacana,Actophilornis africanus,228,avibase-D16D486D,African Jacana,Actophilornis africanus,4000,Actophilornis africanus,afrjac1,"Jacanas",Charadriiformes,https://datazone.birdlife.org/species/factsheet/22693528,1,0,0,0,1,189.1,Wetland,3,2,Carnivore,Aquatic predator,Terrestrial,16988448.66,,,Least Concern,60,66,14,46,20,14.0387158398656,19.3503962964964
212,Lesser Jacana,Microparra capensis,229,avibase-29B03FAE,Lesser Jacana,Microparra capensis,3994,Microparra capensis,lesjac1,"Jacanas",Charadriiformes,https://datazone.birdlife.org/species/factsheet/22693536,1,0,0,0,1,41.3,Wetland,3,2,Carnivore,Aquatic predator,Terrestrial,3244082.83,,,Least Concern,13,13,6,7,6,5.87383541556184,5.72962607794704
213,Painted Snipe,Rostratula benghalensis,230,avibase-7516E687,Greater Painted-snipe,Rostratula benghalensis,3979,Rostratula benghalensis,grpsni1,"Painted-Snipes",Charadriiformes,https://datazone.birdlife.org/species/factsheet/22735810,1,0,0,0,1,121,Wetland,1,2,Omnivore,Aquatic predator,Terrestrial,24950994.82,,,Least Concern,38,38,13,25,13,12.9147960441477,12.3564004105181
214,Oystercatcher,Haematopus ostralegus,894,avibase-ED663165,Eurasian Oystercatcher,Haematopus ostralegus,3801,Haematopus ostralegus,euroys1,"Oystercatchers",Charadriiformes,https://datazone.birdlife.org/species/factsheet/22693613,1,0,0,1,1,526,Coastal,3,1,Carnivore,Aquatic predator,Terrestrial,9505624.97,,,Near Threatened,9,3,7,2,1,6.90326199927389,0.961251951447203
215,Long-toed Plover,Vanellus crassirostris,248,avibase-F7D5320E,Long-toed Lapwing,Vanellus crassirostris,3859,Vanellus crassirostris,lotlap1,"Plovers and Lapwings",Charadriiformes,https://datazone.birdlife.org/species/factsheet/22693954,1,0,0,0,1,170,Wetland,3,1,Carnivore,Aquatic predator,Terrestrial,3461973.99,,,Least Concern,20,32,4,16,16,3.90000139471314,15.313405955957
216,African Wattled Plover,Wattled Plover,247,avibase-074251A3,African Wattled Lapwing,Vanellus senegallus,3877,Vanellus senegallus,watlap1,"Plovers and Lapwings",Charadriiformes,https://datazone.birdlife.org/species/factsheet/22694027,1,0,0,0,1,248,Wetland,3,1,Carnivore,Aquatic predator,Terrestrial,11259086.33,,,Least Concern,16,21,5,11,10,4.98268650798304,9.58235993660781
217,Blacksmith Plover,Vanellus armatus,245,avibase-2F23EDC6,Blacksmith Lapwing,Vanellus armatus,3862,Vanellus armatus,blaplo1,"Plovers and Lapwings",Charadriiformes,https://datazone.birdlife.org/species/factsheet/22693978,1,0,0,0,1,156,Wetland,3,1,Carnivore,Aquatic predator,Terrestrial,5662037.2,,,Least Concern,35,52,7,28,24,7.08012513810652,23.1830492374189
218,Spur-winged Plover,Vanellus spinosus,1031,avibase-F5E92B22,Spur-winged Lapwing,Vanellus spinosus,3863,Vanellus spinosus,spwlap1,"Plovers and Lapwings",Charadriiformes,https://datazone.birdlife.org/species/factsheet/22693983,1,0,0,0,1,188,Wetland,3,1,Carnivore,Omnivore,Terrestrial,8392007.79,,"CJ: This has definitely spread",Least Concern,57,89,7,50,39,6.86418304774904,37.7323610835161
219,Black-headed Plover,Vanellus tectus,2020,avibase-D531B5D3,Black-headed Lapwing,Vanellus tectus,3866,Vanellus tectus,blhlap1,"Plovers and Lapwings",Charadriiformes,https://datazone.birdlife.org/species/factsheet/22693995,1,0,0,0,1,100,Grassland,3,1,Carnivore,Invertivore,Terrestrial,5265920.67,,"CJ: decline' poss due to a lack of birding in the squares where the decline is noted?",Least Concern,44,38,20,24,14,20.0734346142543,13.5143827817532
220,Crowned Plover,Vanellus coronatus,242,avibase-D0FA8EBE,Crowned Lapwing,Vanellus coronatus,3874,Vanellus coronatus,crolap1,"Plovers and Lapwings",Charadriiformes,https://datazone.birdlife.org/species/factsheet/22694043,1,0,0,0,1,165,Grassland,3,1,Carnivore,Invertivore,Terrestrial,6790147.37,,,Least Concern,79,79,13,66,13,13.2803727862568,12.6669939936481
221,Brown-chested Wattled Plover,Vanellus superciliosus,2018,avibase-881C954D,Brown-chested Lapwing,Vanellus superciliosus,3881,Vanellus superciliosus,brclap1,"Plovers and Lapwings",Charadriiformes,https://datazone.birdlife.org/species/factsheet/22694048,1,0,0,0,1,150,Grassland,3,1,Carnivore,Invertivore,Terrestrial,752501.59,,,Least Concern,1,3,1,0,3,0.977637739136406,2.88927240324373
222,Senegal Plover,Vanellus lugubris,244,avibase-42D3918F,Senegal Lapwing,Vanellus lugubris,3870,Vanellus lugubris,senlap1,"Plovers and Lapwings",Charadriiformes,https://datazone.birdlife.org/species/factsheet/22694033,1,0,0,0,1,122,Grassland,3,1,Carnivore,Invertivore,Terrestrial,3495483.7,,,Least Concern,32,30,13,19,11,12.6940136603513,10.5675440255466
223,Black-winged Plover,Vanellus melanopterus,243,avibase-83D95620,Black-winged Lapwing,Vanellus melanopterus,3871,Vanellus melanopterus,blwlap1,"Plovers and Lapwings",Charadriiformes,https://datazone.birdlife.org/species/factsheet/22694038,1,0,0,0,1,184.9,Grassland,3,1,Carnivore,Invertivore,Terrestrial,839078.51,,,Least Concern,22,30,5,17,13,4.9335052383907,12.4988856293169
224,Lesser Golden Plover,Pluvialis dominica,1039,avibase-07C11CF3,Pacific Golden Plover,Pluvialis fulva,3818,Pluvialis fulva,pagplo,"Plovers and Lapwings",Charadriiformes,https://datazone.birdlife.org/species/factsheet/22693735,1,0,0,1,1,134.9,Grassland,3,3,Carnivore,Omnivore,Terrestrial,2241495.9,,,Least Concern,4,6,2,2,4,1.92542527258244,3.88101448548586
225,Grey Plover,Pluvialis squatarola,241,avibase-27903EF7,Grey Plover,Pluvialis squatarola,3812,Pluvialis squatarola,bkbplo,"Plovers and Lapwings",Charadriiformes,https://datazone.birdlife.org/species/factsheet/22693749,1,0,0,1,1,250,Grassland,3,3,Carnivore,Aquatic predator,Terrestrial,3963258.28,,"CJ: decline in central Kenya records may reflect an overall decline in populations farther south. Would be an interesting species to dig into a bit further…",Vulnerable,20,12,11,9,3,10.7261113404514,2.9045276877959
226,Little Ringed Plover,Charadrius dubius,955,avibase-35EC3BBF,Little Ringed Plover,Thinornis dubius,3853,Thinornis dubius,lirplo,"Plovers and Lapwings",Charadriiformes,https://datazone.birdlife.org/species/factsheet/22693770,1,0,0,1,1,38.7,Wetland,3,3,Carnivore,Aquatic predator,Terrestrial,33641119.87,,"CJ: YES! This is surely a definite decline for this species",Least Concern,41,23,22,19,4,21.5457039148459,3.93915051033802
227,Ringed Plover,Charadrius hiaticula,233,avibase-EDA37B7C,Common Ringed Plover,Charadrius hiaticula,3836,Charadrius hiaticula,corplo,"Plovers and Lapwings",Charadriiformes,https://datazone.birdlife.org/species/factsheet/22693759,1,0,0,1,1,64,Coastal,3,2,Carnivore,Aquatic predator,Terrestrial,4520829.19,,,Least Concern,49,59,11,38,21,10.8236444949796,20.2913585783022
228,Kentish Plover,Charadrius alexandrinus,2002,avibase-AA4385A2,Kentish Plover,Anarhynchus alexandrinus,3953,Anarhynchus alexandrinus,kenplo1,"Plovers and Lapwings",Charadriiformes,https://datazone.birdlife.org/species/factsheet/22727487,1,0,0,1,1,42.3,Coastal,3,2,Carnivore,Aquatic predator,Terrestrial,13539453.43,,,Least Concern,5,1,5,0,1,4.9716274114677,0.964340047567011
229,White-fronted Sandplover,Charadrius marginatus,235,avibase-214B3533,White-fronted Plover,Anarhynchus marginatus,3946,Anarhynchus marginatus,whfplo1,"Plovers and Lapwings",Charadriiformes,https://datazone.birdlife.org/species/factsheet/22693828,1,0,0,0,1,48.3,Coastal,3,1,Carnivore,Aquatic predator,Terrestrial,4442943.8,,,Least Concern,12,8,6,6,2,6.10167773793482,1.88436558153951
230,Chestnut-banded Sandplover,Charadrius pallidus,236,avibase-61F0E581,Chestnut-banded Plover,Anarhynchus pallidus,3942,Anarhynchus pallidus,chbplo1,"Plovers and Lapwings",Charadriiformes,https://datazone.birdlife.org/species/factsheet/22693814,1,0,0,0,1,34.8,Wetland,3,2,Carnivore,Aquatic predator,Terrestrial,480800.22,,"CJ: this 'spread' is surely just vagrants - is there a way of putting a comment to this effect for this type of species? Would be worth double-checking the ID of these records as well…",Least Concern,2,7,0,2,5,0,4.78631605747859
231,Great Sandplover,Charadrius leschenaultii,239,avibase-98B9C10B,Greater Sand Plover,Anarhynchus leschenaultii,3915,Anarhynchus leschenaultii,grsplo,"Plovers and Lapwings",Charadriiformes,https://datazone.birdlife.org/species/factsheet/22693862,1,0,0,1,1,74.8,Grassland,3,3,Carnivore,Aquatic predator,Terrestrial,5473335.58,,,Least Concern,14,10,7,7,3,7.00410255677926,2.87274367349045
232,Mongolian Sandplover,Charadrius mongolus,234,avibase-828D3D5A,Tibetan Sand Plover,Anarhynchus atrifrons,3908,Anarhynchus atrifrons,lessap1,"Plovers and Lapwings",Charadriiformes,https://datazone.birdlife.org/species/factsheet/230026276,1,0,0,1,1,64,Wetland,3,3,Carnivore,Aquatic predator,Terrestrial,4714238.7,,,Least Concern,20,14,9,11,3,8.81898469698344,2.90119014942783
233,Caspian Plover,Charadrius asiaticus,240,avibase-264D0351,Caspian Plover,Anarhynchus asiaticus,3906,Anarhynchus asiaticus,casplo1,"Plovers and Lapwings",Charadriiformes,https://datazone.birdlife.org/species/factsheet/22693868,1,0,0,1,1,77.1,Desert,3,3,Carnivore,Omnivore,Terrestrial,2844122.74,,"CJ: Probably a true indication of a decline - though the northern squares have probably not been covered v well, I'd suspect",Least Concern,40,24,22,18,6,21.6394547652696,5.72969202592987
234,Kittlitz's Plover,Charadrius pecuarius,237,avibase-0F0DCC2F,Kittlitz's Plover,Anarhynchus pecuarius,3936,Anarhynchus pecuarius,kitplo1,"Plovers and Lapwings",Charadriiformes,https://datazone.birdlife.org/species/factsheet/22693793,1,0,0,0,1,34,Wetland,3,1,Carnivore,Aquatic predator,Terrestrial,16351827.57,,,Least Concern,37,57,8,29,28,7.84269723817221,26.7556201076478
235,Three-banded Plover,Charadrius tricollaris,238,avibase-8DAF86A1,Three-banded Plover,Thinornis tricollaris,3849,Thinornis tricollaris,thbplo1,"Plovers and Lapwings",Charadriiformes,,1,0,0,0,1,31.2,Wetland,3,1,Carnivore,Aquatic predator,Terrestrial,9221083.48,,,Not Evaluated,76,75,16,60,15,16.2039986026582,14.6065208457452
236,Red Knot,Calidris canutus,254,avibase-B5CE8FAD,Red Knot,Calidris canutus,4144,Calidris canutus,redkno,"Sandpipers and Allies",Charadriiformes,https://datazone.birdlife.org/species/factsheet/22693363,1,0,0,0,1,141.9,Coastal,3,3,Carnivore,Aquatic predator,Terrestrial,1604194.57,,,Near Threatened,1,0,1,0,0,0.959669761785512,0
237,Sanderling,Calidris alba,255,avibase-06B9BD24,Sanderling,Calidris alba,4165,Calidris alba,sander,"Sandpipers and Allies",Charadriiformes,https://datazone.birdlife.org/species/factsheet/22693369,1,0,0,1,1,51.7,Coastal,3,3,Carnivore,Aquatic predator,Terrestrial,1344741.13,,,Least Concern,22,14,14,8,6,13.8207110933005,5.68683659698553
238,Red-necked Stint,Calidris ruficollis,897,avibase-BBDF2F1B,Red-necked Stint,Calidris ruficollis,4161,Calidris ruficollis,rensti,"Sandpipers and Allies",Charadriiformes,https://datazone.birdlife.org/species/factsheet/22693383,1,0,0,0,1,26.8,Grassland,3,3,Carnivore,Aquatic predator,Terrestrial,971179.99,"This species is prone to misidentification and its maps might be affected by error.",,Near Threatened,0,1,0,0,1,0,0.974821075487656
239,Little Stint,Calidris minuta,253,avibase-9936FF4A,Little Stint,Calidris minuta,4189,Calidris minuta,litsti,"Sandpipers and Allies",Charadriiformes,https://datazone.birdlife.org/species/factsheet/22693379,1,0,0,1,1,21.1,Grassland,3,3,Carnivore,Aquatic predator,Terrestrial,1734619.92,,,Least Concern,61,63,14,47,16,14.0087998963192,15.3531264618295
240,Temminck's Stint,Calidris temminckii,985,avibase-5ACF7FB3,Temminck's Stint,Calidris temminckii,4162,Calidris temminckii,temsti,"Sandpipers and Allies",Charadriiformes,https://datazone.birdlife.org/species/factsheet/22693388,1,0,0,1,1,23,Grassland,3,3,Carnivore,Aquatic predator,Terrestrial,3436316.19,,,Least Concern,24,17,13,11,6,12.5830803063663,5.73926602911656
241,Long-toed Stint,Calidris subminuta,972,avibase-7D629288,Long-toed Stint,Calidris subminuta,4163,Calidris subminuta,lotsti,"Sandpipers and Allies",Charadriiformes,https://datazone.birdlife.org/species/factsheet/22693392,1,0,0,0,1,30.2,Wetland,3,3,Carnivore,Aquatic predator,Terrestrial,316107.68,"This species is prone to misidentification and its maps might be affected by error.",,Least Concern,3,0,3,0,0,2.87807868494766,0
242,Pectoral Sandpiper,Calidris melanotos,895,avibase-ACC99F35,Pectoral Sandpiper,Calidris melanotos,4186,Calidris melanotos,pecsan,"Sandpipers and Allies",Charadriiformes,https://datazone.birdlife.org/species/factsheet/22693408,1,0,0,0,1,79.7,Wetland,3,3,Carnivore,Aquatic predator,Terrestrial,2362488.1,,,Least Concern,1,1,1,0,1,0.959669761785512,0.919179037491431
243,Curlew Sandpiper,Calidris ferruginea,251,avibase-143A681C,Curlew Sandpiper,Calidris ferruginea,4158,Calidris ferruginea,cursan,"Sandpipers and Allies",Charadriiformes,https://datazone.birdlife.org/species/factsheet/22693431,1,0,0,1,1,58.1,Coastal,3,3,Carnivore,Aquatic predator,Terrestrial,1198699.06,,,Vulnerable,46,40,13,33,7,12.95737083913,6.61803601794608
244,Dunlin,Calidris alpina,896,avibase-15369E8E,Dunlin,Calidris alpina,4168,Calidris alpina,dunlin,"Sandpipers and Allies",Charadriiformes,https://datazone.birdlife.org/species/factsheet/22693427,1,0,0,1,1,51.9,Wetland,3,3,Carnivore,Aquatic predator,Terrestrial,4754236.34,"This species is prone to misidentification and its maps might be affected by error.",,Near Threatened,1,2,1,0,2,0.952503076056223,1.88350269493566
245,Broad-billed Sandpiper,Limicola falcinellus,981,avibase-0A14882F,Broad-billed Sandpiper,Calidris falcinellus,4155,Calidris falcinellus,brbsan,"Sandpipers and Allies",Charadriiformes,https://datazone.birdlife.org/species/factsheet/22693464,1,0,0,1,1,37.1,Wetland,3,3,Carnivore,Aquatic predator,Terrestrial,1005823.74,,,Vulnerable,7,3,5,2,1,4.89363333463643,0.977988713052154
246,Buff-breasted Sandpiper,Tryngites subruficollis,926,avibase-3A3C62BC,Buff-breasted Sandpiper,Calidris subruficollis,4164,Calidris subruficollis,bubsan,"Sandpipers and Allies",Charadriiformes,https://datazone.birdlife.org/species/factsheet/22693447,1,0,0,0,1,62.1,Grassland,3,3,Carnivore,Omnivore,Terrestrial,642423.52,,,Vulnerable,1,0,1,0,0,1.0381696707638,0
247,Ruff,Philomachus pugnax,256,avibase-2DABF98F,Ruff,Calidris pugnax,4153,Calidris pugnax,ruff,"Sandpipers and Allies",Charadriiformes,https://datazone.birdlife.org/species/factsheet/22693468,1,0,0,1,1,131.7,Wetland,3,3,Carnivore,Aquatic predator,Terrestrial,8562266.88,,,Least Concern,51,54,13,38,16,12.8919710309096,15.3714200660048
248,Jack Snipe,Lymnocryptes minimus,1988,avibase-1A15F0C6,Jack Snipe,Lymnocryptes minimus,4049,Lymnocryptes minimus,jacsni,"Sandpipers and Allies",Charadriiformes,https://datazone.birdlife.org/species/factsheet/22693133,1,0,0,1,1,50.1,Wetland,3,3,Carnivore,Aquatic predator,Terrestrial,7671774.57,,"CJ: Sho!! What has happened to this species?! Probably overlooked, but all the same you'd expect at least SOME records if they were around…",Least Concern,5,0,5,0,0,4.82988012023009,0
249,Common Snipe,Gallinago gallinago,957,avibase-9151E0BA,Common Snipe,Gallinago gallinago,4091,Gallinago gallinago,comsni,"Sandpipers and Allies",Charadriiformes,https://datazone.birdlife.org/species/factsheet/22693097,1,0,0,1,1,112.9,Wetland,3,3,Carnivore,Aquatic predator,Terrestrial,20105909.91,"This species is prone to misidentification and its maps might be affected by error.",,Least Concern,44,45,17,27,18,16.8280910148237,17.2186657239205
250,African Snipe,Gallinago nigripennis,250,avibase-831FC147,African Snipe,Gallinago nigripennis,4086,Gallinago nigripennis,afrsni1,"Sandpipers and Allies",Charadriiformes,https://datazone.birdlife.org/species/factsheet/22693102,1,0,0,0,1,112,Wetland,3,2,Carnivore,Aquatic predator,Terrestrial,5609482.86,"This species is prone to misidentification and its maps might be affected by error.",,Least Concern,23,19,11,12,7,11.0031994519072,6.71181483731261
251,Great Snipe,Gallinago media,249,avibase-BCCD5840,Great Snipe,Gallinago media,4081,Gallinago media,gresni1,"Sandpipers and Allies",Charadriiformes,https://datazone.birdlife.org/species/factsheet/22693093,1,0,0,1,1,170,Wetland,3,3,Carnivore,Aquatic predator,Terrestrial,7813688.34,,"CJ: As per Jack Snipe",Near Threatened,16,4,14,2,2,13.5397180510913,1.8659544264161
252,Pintail Snipe,Gallinago stenura,1984,avibase-EE61E2CA,Pin-tailed Snipe,Gallinago stenura,4083,Gallinago stenura,pitsni,"Sandpipers and Allies",Charadriiformes,https://datazone.birdlife.org/species/factsheet/22693085,1,0,0,0,1,113,Wetland,3,3,Carnivore,Aquatic predator,Terrestrial,8781511.92,,"CJ: As per Jack Snipe",Least Concern,3,0,3,0,0,2.88277071891272,0
254,Black-tailed Godwit,Limosa limosa,265,avibase-454B5CD5,Black-tailed Godwit,Limosa limosa,4032,Limosa limosa,bktgod,"Sandpipers and Allies",Charadriiformes,https://datazone.birdlife.org/species/factsheet/22693150,1,0,0,1,1,288.4,Wetland,3,3,Carnivore,Aquatic predator,Terrestrial,10058061.19,,,Near Threatened,19,22,5,14,8,4.86162255157359,7.67389089949872
255,Bar-tailed Godwit,Limosa lapponica,266,avibase-9A684C99,Bar-tailed Godwit,Limosa lapponica,4026,Limosa lapponica,batgod,"Sandpipers and Allies",Charadriiformes,https://datazone.birdlife.org/species/factsheet/22693158,1,0,0,1,1,291.7,Wetland,3,3,Carnivore,Aquatic predator,Terrestrial,1469087.3,,,Near Threatened,10,11,2,8,3,1.91922559478153,2.93911157628546
256,Whimbrel,Numenius phaeopus,268,avibase-082F3A63,Eurasian Whimbrel,Numenius phaeopus,4012,Numenius phaeopus,whimbr5,"Sandpipers and Allies",Charadriiformes,,1,0,0,1,1,364.6,Grassland,3,3,Carnivore,Omnivore,Terrestrial,4802995.65,,,Not Evaluated,14,11,4,10,1,3.87910433271878,0.939260714274992
257,Curlew,Numenius arquata,267,avibase-3BB5CBA6,Eurasian Curlew,Numenius arquata,4021,Numenius arquata,eurcur,"Sandpipers and Allies",Charadriiformes,https://datazone.birdlife.org/species/factsheet/22693190,1,0,0,1,1,803,Grassland,3,3,Carnivore,Aquatic predator,Terrestrial,12491410.25,,,Near Threatened,18,14,9,9,5,8.93157974966765,4.79001992932408
258,Spotted Redshank,Tringa erythropus,260,avibase-0895DD84,Spotted Redshank,Tringa erythropus,4130,Tringa erythropus,spored,"Sandpipers and Allies",Charadriiformes,https://datazone.birdlife.org/species/factsheet/22693207,1,0,0,1,1,158,Grassland,3,3,Carnivore,Aquatic predator,Terrestrial,3716042.92,,"CJ: interesting that there is a 'decline' - I suspect this is a real one",Least Concern,36,18,21,15,3,20.5459441520298,2.90773615978678
259,Redshank,Tringa totanus,261,avibase-D6BFC73A,Common Redshank,Tringa totanus,4118,Tringa totanus,comred1,"Sandpipers and Allies",Charadriiformes,https://datazone.birdlife.org/species/factsheet/22693211,1,0,0,1,1,129,Wetland,3,3,Carnivore,Aquatic predator,Terrestrial,19709237.23,,,Least Concern,18,9,12,6,3,11.7614944267409,2.87664663768335
260,Marsh Sandpiper,Tringa stagnatilis,262,avibase-15CF9352,Marsh Sandpiper,Tringa stagnatilis,4116,Tringa stagnatilis,marsan,"Sandpipers and Allies",Charadriiformes,https://datazone.birdlife.org/species/factsheet/22693216,1,0,0,1,1,77.5,Wetland,3,3,Carnivore,Aquatic predator,Terrestrial,7597346.84,,,Least Concern,57,60,14,43,17,13.975948989807,16.1662668500796
261,Greenshank,Tringa nebularia,263,avibase-18B415D2,Common Greenshank,Tringa nebularia,4131,Tringa nebularia,comgre,"Sandpipers and Allies",Charadriiformes,https://datazone.birdlife.org/species/factsheet/22693220,1,0,0,1,1,187,Wetland,3,3,Carnivore,Aquatic predator,Terrestrial,12134126.53,,,Least Concern,75,70,14,61,9,14.1393622041522,8.59292572471191
262,Green Sandpiper,Tringa ochropus,259,avibase-A7B17EFC,Green Sandpiper,Tringa ochropus,4110,Tringa ochropus,grnsan,"Sandpipers and Allies",Charadriiformes,https://datazone.birdlife.org/species/factsheet/22693243,1,0,0,1,1,71.4,Wetland,3,3,Carnivore,Aquatic predator,Terrestrial,15230538.62,,,Least Concern,70,73,14,56,17,14.0462252829876,16.4210127534295
263,Wood Sandpiper,Tringa glareola,264,avibase-8E67DC5F,Wood Sandpiper,Tringa glareola,4117,Tringa glareola,woosan,"Sandpipers and Allies",Charadriiformes,https://datazone.birdlife.org/species/factsheet/22693247,1,0,0,1,1,62.1,Wetland,3,3,Carnivore,Aquatic predator,Terrestrial,16979550.25,,,Least Concern,77,80,12,65,15,12.2521817477665,14.6124114757865
264,Terek Sandpiper,Xenus cinereus,257,avibase-6D5992EE,Terek Sandpiper,Xenus cinereus,4101,Xenus cinereus,tersan,"Sandpipers and Allies",Charadriiformes,https://datazone.birdlife.org/species/factsheet/22693251,1,0,0,1,1,78.8,Grassland,3,3,Carnivore,Aquatic predator,Terrestrial,11623048.49,,,Least Concern,21,12,13,8,4,12.6900022065497,3.81929279340512
265,Common Sandpiper,Actitis hypoleucos,258,avibase-8548B07E,Common Sandpiper,Actitis hypoleucos,4103,Actitis hypoleucos,comsan,"Sandpipers and Allies",Charadriiformes,https://datazone.birdlife.org/species/factsheet/22693264,1,0,0,1,1,48,Wetland,3,3,Carnivore,Aquatic predator,Terrestrial,25847437.41,,,Least Concern,90,89,13,77,12,13.170467407548,11.8838870134834
266,Turnstone,Arenaria interpres,232,avibase-DC3050A9,Ruddy Turnstone,Arenaria interpres,4140,Arenaria interpres,rudtur,"Sandpipers and Allies",Charadriiformes,https://datazone.birdlife.org/species/factsheet/22693336,1,0,0,1,1,136,Coastal,3,3,Carnivore,Aquatic predator,Terrestrial,2619753.6,,,Near Threatened,17,12,8,9,3,7.91386369727318,2.97137858211699
267,Black-winged Stilt,Himantopus himantopus,270,avibase-3CAEB7CE,Black-winged Stilt,Himantopus himantopus,3782,Himantopus himantopus,bkwsti,"Stilts and Avocets",Charadriiformes,,1,0,0,0,1,176.8,Wetland,3,2,Carnivore,Aquatic predator,Terrestrial,56867877.55,,,Not Evaluated,68,74,14,54,20,14.2326065357212,19.1944889169941
268,Avocet,Recurvirostra avosetta,269,avibase-C73ED2F5,Pied Avocet,Recurvirostra avosetta,3773,Recurvirostra avosetta,pieavo1,"Stilts and Avocets",Charadriiformes,https://datazone.birdlife.org/species/factsheet/22693712,1,0,0,0,1,304,Wetland,3,2,Carnivore,Aquatic predator,Terrestrial,17136961.53,,,Least Concern,26,32,9,17,15,8.80213804869552,14.5478656414902
269,Red-necked Phalarope,Phalaropus lobatus,272,avibase-E6F3BA54,Red-necked Phalarope,Phalaropus lobatus,4108,Phalaropus lobatus,renpha,"Sandpipers and Allies",Charadriiformes,https://datazone.birdlife.org/species/factsheet/22693490,1,0,0,1,1,36.7,Wetland,3,3,Carnivore,Aquatic predator,Terrestrial,9098836.74,,,Least Concern,10,9,6,4,5,5.84715893703143,4.73680013353624
270,Grey Phalarope,Phalaropus fulicarius,271,avibase-18A19380,Red Phalarope,Phalaropus fulicarius,4107,Phalaropus fulicarius,redpha1,"Sandpipers and Allies",Charadriiformes,https://datazone.birdlife.org/species/factsheet/22693494,1,0,0,0,1,55.6,Marine,3,3,Carnivore,Aquatic predator,Terrestrial,3783736.3,,,Least Concern,1,0,1,0,0,0.952503076056223,0
271,Crab-plover,Dromas ardeola,273,avibase-C3E33FEB,Crab-plover,Dromas ardeola,4260,Dromas ardeola,craplo1,"Crab-Plover",Charadriiformes,https://datazone.birdlife.org/species/factsheet/22694081,1,0,1,0,1,325,Coastal,3,1,Carnivore,Aquatic predator,Terrestrial,318985.68,,"CJ: decline surely due to lack of atlassing in the 'red' squares",Least Concern,9,6,4,5,1,3.97822887917139,0.922516575859499
272,Stone Curlew,Burhinus oedicnemus,1998,avibase-C7DB323E,Eurasian Stone-curlew,Burhinus oedicnemus,3760,Burhinus oedicnemus,eutkne1,"Thick-knees and Stone-curlews",Charadriiformes,https://datazone.birdlife.org/species/factsheet/45111439,1,0,0,1,1,459,Grassland,3,3,Carnivore,Invertivore,Terrestrial,9168330.74,"This species is prone to misidentification and its maps might be affected by error.","CJ: Almost certainly seriously overlooked",Least Concern,10,2,8,2,0,7.7529759178549,0
273,Senegal Thick-knee,Burhinus senegalensis,2000,avibase-85DF723B,Senegal Thick-knee,Burhinus senegalensis,3758,Burhinus senegalensis,setkne1,"Thick-knees and Stone-curlews",Charadriiformes,https://datazone.birdlife.org/species/factsheet/22693580,1,0,0,0,1,326,Wetland,3,1,Carnivore,Invertivore,Terrestrial,7037522.76,,,Least Concern,7,10,2,5,5,2.03358578586494,4.81141968321665
274,Water Thick-knee,Burhinus vermiculatus,274,avibase-96CCAFEE,Water Thick-knee,Burhinus vermiculatus,3755,Burhinus vermiculatus,watkne1,"Thick-knees and Stone-curlews",Charadriiformes,https://datazone.birdlife.org/species/factsheet/22693584,1,0,0,0,1,320,Wetland,3,1,Carnivore,Invertivore,Terrestrial,5802844.89,,,Least Concern,37,57,6,31,26,5.8625042319018,25.2188455945213
275,Spotted Thick-knee,Burhinus capensis,275,avibase-862F6F04,Spotted Thick-knee,Burhinus capensis,3750,Burhinus capensis,sptkne1,"Thick-knees and Stone-curlews",Charadriiformes,https://datazone.birdlife.org/species/factsheet/22693589,1,0,0,0,1,423,Shrubland,3,1,Carnivore,Invertivore,Terrestrial,12421028.77,,,Least Concern,49,61,13,36,25,13.2951141157772,24.1859345067761
276,Egyptian Plover,Pluvianus aegyptius,2032,avibase-1B28A4B6,Egyptian Plover,Pluvianus aegyptius,3768,Pluvianus aegyptius,egyplo1,"Egyptian Plover",Charadriiformes,https://datazone.birdlife.org/species/factsheet/22694086,1,0,0,0,0,82,Wetland,3,2,Carnivore,Aquatic predator,Terrestrial,5977374.57,"Species not recorded during both the old and new atlas, but recorded in Kenya.",,Least Concern,0,0,0,0,0,0,0
277,Cream-coloured Courser,Cursorius cursor,2026,avibase-6091E70B,Somali Courser,Cursorius somalensis,4291,Cursorius somalensis,somcou1,"Coursers and Pratincoles",Charadriiformes,https://datazone.birdlife.org/species/factsheet/22732297,1,0,0,0,0,138,Desert,3,1,Carnivore,Invertivore,Terrestrial,1128378.41,,,Least Concern,26,24,11,15,9,10.864371090601,8.7544503213945
278,Temminck's Courser,Cursorius temminckii,277,avibase-7A841F83,Temminck's Courser,Cursorius temminckii,4282,Cursorius temminckii,temcou1,"Coursers and Pratincoles",Charadriiformes,https://datazone.birdlife.org/species/factsheet/22694120,1,0,0,0,0,69.2,Grassland,3,1,Carnivore,Invertivore,Terrestrial,10871643.44,,,Least Concern,37,39,15,22,17,14.9129015615945,16.267754765723
279,Two-banded Courser,Rhinoptilus africanus,278,avibase-C130193B,Double-banded Courser,Smutsornis africanus,4263,Smutsornis africanus,dobcou2,"Coursers and Pratincoles",Charadriiformes,https://datazone.birdlife.org/species/factsheet/22694091,1,0,0,0,0,87.5,Desert,3,1,Carnivore,Invertivore,Terrestrial,2999057.71,,,Least Concern,17,22,5,12,10,5.15978476145954,9.66556109974961
280,Heuglin's Courser,Rhinoptilus cinctus,279,avibase-29D50ED5,Three-banded Courser,Rhinoptilus cinctus,4275,Rhinoptilus cinctus,thbcou1,"Coursers and Pratincoles",Charadriiformes,https://datazone.birdlife.org/species/factsheet/22694099,1,0,0,0,0,105,Shrubland,3,1,Carnivore,Invertivore,Terrestrial,1957707.6,,,Least Concern,35,39,11,24,15,11.2241475705394,14.4114934605765
281,Violet-tipped Courser,Rhinoptilus chalcopterus,280,avibase-F5145338,Bronze-winged Courser,Rhinoptilus chalcopterus,4273,Rhinoptilus chalcopterus,brwcou1,"Coursers and Pratincoles",Charadriiformes,https://datazone.birdlife.org/species/factsheet/22694095,1,0,1,0,0,150,Woodland,3,1,Carnivore,Invertivore,Terrestrial,10146624.15,,,Least Concern,12,10,10,2,8,9.71560857307337,7.61692398661475
282,Common Pratincole,Glareola pratincola,281,avibase-D56ABB4E,Collared Pratincole,Glareola pratincola,4305,Glareola pratincola,colpra,"Coursers and Pratincoles",Charadriiformes,https://datazone.birdlife.org/species/factsheet/22694127,1,0,0,0,1,84.9,Grassland,3,3,Carnivore,Invertivore,Aerial,5351786.34,,,Least Concern,26,38,6,20,18,5.81166568695912,17.469024777193
283,Black-winged Pratincole,Glareola nordmanni,282,avibase-E1F6A875,Black-winged Pratincole,Glareola nordmanni,4304,Glareola nordmanni,blwpra1,"Coursers and Pratincoles",Charadriiformes,https://datazone.birdlife.org/species/factsheet/22694136,1,0,0,1,1,97.2,Grassland,3,3,Carnivore,Invertivore,Aerial,2251795.82,,,Near Threatened,2,4,2,0,4,2.00574879083247,3.86836677092046
284,White-collared Pratincole,Glareola nuchalis,283,avibase-95820ED1,Rock Pratincole,Glareola nuchalis,4297,Glareola nuchalis,rocpra1,"Coursers and Pratincoles",Charadriiformes,https://datazone.birdlife.org/species/factsheet/22694144,1,0,0,0,1,62.7,Rock,3,2,Carnivore,Invertivore,Aerial,6244433.49,,,Least Concern,2,3,1,1,2,0.990573237446677,1.95173322804958
285,Madagascar Pratincole,Glareola ocularis,898,avibase-AC0F25BB,Madagascar Pratincole,Glareola ocularis,4296,Glareola ocularis,madpra1,"Coursers and Pratincoles",Charadriiformes,https://datazone.birdlife.org/species/factsheet/22694140,1,0,0,0,1,91.9,Coastal,3,3,Carnivore,Invertivore,Aerial,545354.28,,,Near Threatened,8,5,4,4,1,3.79612330081513,0.919179037491431
287,Pomarine Skua,Stercorarius pomarinus,285,avibase-7CB8F5B7,Pomarine Jaeger,Stercorarius pomarinus,4314,Stercorarius pomarinus,pomjae,"Jaegers and Skuas",Charadriiformes,https://datazone.birdlife.org/species/factsheet/22694240,1,0,0,0,0,692.5,Marine,3,3,Carnivore,Aquatic predator,Aerial,3233984.08,,,Least Concern,1,0,1,0,0,0.959669761785512,0
288,Arctic Skua,Stercorarius parasiticus,284,avibase-39086887,Parasitic Jaeger,Stercorarius parasiticus,4310,Stercorarius parasiticus,parjae,"Jaegers and Skuas",Charadriiformes,https://datazone.birdlife.org/species/factsheet/22694245,1,0,0,0,0,444.3,Marine,3,3,Carnivore,Aquatic predator,Aerial,6277591.31,,,Least Concern,0,1,0,0,1,0,0.952087957490116
289,Long-tailed Skua,Stercorarius longicaudus,930,avibase-1D446440,Long-tailed Jaeger,Stercorarius longicaudus,4311,Stercorarius longicaudus,lotjae,"Jaegers and Skuas",Charadriiformes,https://datazone.birdlife.org/species/factsheet/22694251,1,0,0,0,0,287.9,Marine,3,3,Carnivore,Aquatic predator,Aerial,6233403.78,,,Least Concern,1,0,1,0,0,0.974821075487656,0
290,Sooty Gull,Larus hemprichii,2058,avibase-67D43542,Sooty Gull,Ichthyaetus hemprichii,4582,Ichthyaetus hemprichii,soogul2,"Skimmers, Noddies, Terns, and Gulls",Charadriiformes,https://datazone.birdlife.org/species/factsheet/22694303,1,0,0,0,1,451.7,Marine,3,1,Omnivore,Omnivore,Terrestrial,157820.35,,,Least Concern,10,8,2,8,0,2.14391291400041,0
291,White-eyed Gull,Larus leucophthalmus,900,avibase-A7F240E3,White-eyed Gull,Ichthyaetus leucophthalmus,4581,Ichthyaetus leucophthalmus,whegul2,"Skimmers, Noddies, Terns, and Gulls",Charadriiformes,https://datazone.birdlife.org/species/factsheet/22694299,1,0,0,0,1,328.9,Coastal,3,1,Carnivore,Aquatic predator,Generalist,1402.69,"Species not recorded during both the old and new atlas, but recorded in Kenya. This species is prone to misidentification and its maps might be affected by error.",,Least Concern,0,0,0,0,0,0,0
292,Great Black-headed Gull,Larus ichthyaetus,2062,avibase-EF930CDC,Pallas's Gull,Ichthyaetus ichthyaetus,4577,Ichthyaetus ichthyaetus,gbhgul2,"Skimmers, Noddies, Terns, and Gulls",Charadriiformes,https://datazone.birdlife.org/species/factsheet/22694379,1,0,0,1,1,1378.8,Coastal,3,3,Omnivore,Omnivore,Generalist,739530.35,"This species is prone to misidentification and its maps might be affected by error.",,Least Concern,3,0,3,0,0,2.94186472209181,0
295,Black-headed Gull,Larus ridibundus,933,avibase-FB02DD96,Black-headed Gull,Chroicocephalus ridibundus,4555,Chroicocephalus ridibundus,bkhgul,"Skimmers, Noddies, Terns, and Gulls",Charadriiformes,https://datazone.birdlife.org/species/factsheet/22694420,1,0,0,1,1,284,Wetland,3,2,Carnivore,Aquatic predator,Generalist,17767358.5,,"CJ: Yes, this has definitely declined. I don't think the difficulty of ID is the reason ",Least Concern,29,16,17,12,4,16.7419125213988,3.77913409142784
296,Grey-headed Gull,Larus cirrocephalus,288,avibase-6EB497FA,Grey-headed Gull,Chroicocephalus cirrocephalus,4558,Chroicocephalus cirrocephalus,grhgul,"Skimmers, Noddies, Terns, and Gulls",Charadriiformes,https://datazone.birdlife.org/species/factsheet/22694387,1,0,0,0,1,374.7,Wetland,3,1,Carnivore,Aquatic predator,Aerial,6411818.5,,,Least Concern,22,27,5,17,10,4.96729006514689,9.5383768479853
297,Slender-billed Gull,Larus genei,1078,avibase-27CE7132,Slender-billed Gull,Chroicocephalus genei,4553,Chroicocephalus genei,slbgul1,"Skimmers, Noddies, Terns, and Gulls",Charadriiformes,https://datazone.birdlife.org/species/factsheet/22694428,1,0,0,1,1,281,Coastal,3,2,Carnivore,Aquatic predator,Generalist,1728211.09,,,Least Concern,4,6,2,2,4,2.05621201934947,3.8348602619807
298,Lesser Black-backed Gull,Larus fuscus,4136,avibase-2D52E3A5,Lesser Black-backed Gull,Larus fuscus,4624,Larus fuscus,lbbgul,"Skimmers, Noddies, Terns, and Gulls",Charadriiformes,https://datazone.birdlife.org/species/factsheet/22694373,1,0,0,0,1,762.4,Coastal,3,2,Carnivore,Aquatic predator,Generalist,4200335.24,"Records in the old atlas of Lesser Black-backed Gull and Herring Gull are lumped. This species is prone to misidentification and its maps might be affected by error.",,Least Concern,22,16,9,13,3,8.93701898889266,2.78901099537938
300,Kelp Gull,Larus dominicanus,287,avibase-E6536E4E,Kelp Gull,Larus dominicanus,4602,Larus dominicanus,kelgul,"Skimmers, Noddies, Terns, and Gulls",Charadriiformes,https://datazone.birdlife.org/species/factsheet/22694329,1,0,0,0,1,952.4,Marine,3,1,Carnivore,Omnivore,Generalist,3780207.34,"Species not recorded during both the old and new atlas, but recorded in Kenya. This species is prone to misidentification and its maps might be affected by error.",,Least Concern,0,0,0,0,0,0,0
301,Gull-billed Tern,Gelochelidon nilotica,902,avibase-87168739,Gull-billed Tern,Gelochelidon nilotica,4466,Gelochelidon nilotica,gubter2,"Skimmers, Noddies, Terns, and Gulls",Charadriiformes,https://datazone.birdlife.org/species/factsheet/62026481,1,0,0,1,1,218.3,Coastal,3,3,Carnivore,Omnivore,Aerial,7524091.88,,,Least Concern,28,41,3,25,16,3.0719572246257,15.2271601683136
302,Caspian Tern,Sterna caspia,290,avibase-BC06BC0D,Caspian Tern,Hydroprogne caspia,4463,Hydroprogne caspia,caster1,"Skimmers, Noddies, Terns, and Gulls",Charadriiformes,https://datazone.birdlife.org/species/factsheet/22694524,1,0,0,1,1,655,Wetland,3,3,Carnivore,Aquatic predator,Aerial,6293644.91,,,Least Concern,16,16,5,11,5,4.97857911388856,4.75228795295609
303,Crested Tern,Sterna bergii,298,avibase-526978C4,Greater Crested Tern,Thalasseus bergii,4491,Thalasseus bergii,grcter1,"Skimmers, Noddies, Terns, and Gulls",Charadriiformes,https://datazone.birdlife.org/species/factsheet/22694571,1,0,0,0,1,328,Coastal,3,3,Carnivore,Aquatic predator,Aerial,47808630.76,,,Least Concern,7,7,1,6,1,1.09654225756396,0.922516575859499
304,Lesser Crested Tern,Sterna bengalensis,297,avibase-D01CDECD,Lesser Crested Tern,Thalasseus bengalensis,4498,Thalasseus bengalensis,lecter2,"Skimmers, Noddies, Terns, and Gulls",Charadriiformes,https://datazone.birdlife.org/species/factsheet/22694561,1,0,1,0,1,209,Coastal,3,3,Carnivore,Aquatic predator,Aerial,1690030.71,,,Least Concern,13,9,5,8,1,5.10588792761259,0.961251951447203
305,Sandwich Tern,Sterna sandvicensis,296,avibase-F7504353,Sandwich Tern,Thalasseus sandvicensis,4485,Thalasseus sandvicensis,santer1,"Skimmers, Noddies, Terns, and Gulls",Charadriiformes,https://datazone.birdlife.org/species/factsheet/22694591,1,0,0,1,1,199.8,Marine,3,3,Carnivore,Aquatic predator,Aerial,2802142.59,,,Least Concern,4,2,2,2,0,2.07453097061612,0
306,Roseate Tern,Sterna dougallii,293,avibase-74236837,Roseate Tern,Sterna dougallii,4527,Sterna dougallii,roster,"Skimmers, Noddies, Terns, and Gulls",Charadriiformes,https://datazone.birdlife.org/species/factsheet/22694601,1,0,0,0,1,112,Marine,3,3,Carnivore,Aquatic predator,Aerial,7673719.23,,"CJ: How can this be 'lost' from the Watamu pentad? Will have to check if vetting needs to be done!",Least Concern,8,5,4,4,1,4.038433052918,0.922516575859499
307,Common Tern,Sterna hirundo,291,avibase-4D2FF6F1,Common Tern,Sterna hirundo,4518,Sterna hirundo,comter,"Skimmers, Noddies, Terns, and Gulls",Charadriiformes,https://datazone.birdlife.org/species/factsheet/22694623,1,0,0,1,1,129.2,Marine,3,3,Carnivore,Aquatic predator,Aerial,30248469.5,,,Least Concern,12,9,5,7,2,5.02217077610544,1.84026057625733
308,White-cheeked Tern,Sterna repressa,938,avibase-CF5C013D,White-cheeked Tern,Sterna repressa,4523,Sterna repressa,whcter1,"Skimmers, Noddies, Terns, and Gulls",Charadriiformes,https://datazone.birdlife.org/species/factsheet/22694705,1,0,0,0,1,90,Coastal,3,2,Carnivore,Aquatic predator,Aerial,797048.79,"This species is prone to misidentification and its maps might be affected by error.","CJ: I can also only suspect that this sp was mis-identified in the early years. It is certainly not nearly as common as the literature suggests, I would say…",Least Concern,8,2,6,2,0,5.97827077165016,0
309,Bridled Tern,Sterna anaethetus,936,avibase-E6518B9D,Bridled Tern,Onychoprion anaethetus,4437,Onychoprion anaethetus,briter1,"Skimmers, Noddies, Terns, and Gulls",Charadriiformes,https://datazone.birdlife.org/species/factsheet/22694730,1,0,0,0,1,119.4,Marine,3,2,Carnivore,Aquatic predator,Aerial,5130540.82,"This species is prone to misidentification and its maps might be affected by error.","CJ: I can only suspect ths species was mis-identified in the early years - on Whale Is it was stated that Bridled breed alongside the Roseates - but since 1998 when I started there, there have never been any breeding Bridled and in fact I've only recorded Bridled about 4-5 times in 25 years",Least Concern,7,1,6,1,0,5.95553765365262,0
310,Sooty Tern,Sterna fuscata,295,avibase-3E7F825D,Sooty Tern,Onychoprion fuscatus,4429,Onychoprion fuscatus,sooter1,"Skimmers, Noddies, Terns, and Gulls",Charadriiformes,https://datazone.birdlife.org/species/factsheet/22694740,1,0,0,0,1,185.7,Marine,3,2,Carnivore,Aquatic predator,Aerial,180205.31,,,Least Concern,6,2,5,1,1,5.03267095265819,0.977988713052154
311,Little Tern,Sterna albifrons,0,avibase-B552AFE3,Little/Saunders's Tern,Sternula sp.,4448,Sternula albifrons|Sternula saundersi,litter1|sauter2,"Skimmers, Noddies, Terns, and Gulls",Charadriiformes,,2,0,0,1,1,57,Coastal,3,3,Carnivore,Aquatic predator,Aerial,11965931.09,,"Historical lump of 2 species, treated as one taxon (Sterna albifrons) in the 1970-1984 atlas: Little Tern (Sternula albifrons, 89 Kenyan eBird records 2009-2023); Saunders's Tern (Sternula saundersi, 391 Kenyan eBird records 2009-2023). At least one member was already a distinct, field-separable species during the atlas era; old-atlas records for this concept may include unseparated or misidentified individuals of either.",Least Concern,16,13,6,10,3,6.08557040887813,2.82143115031877
312,Whiskered Tern,Chlidonias hybridus,305,avibase-7AB4E42B,Whiskered Tern,Chlidonias hybrida,4475,Chlidonias hybrida,whiter2,"Skimmers, Noddies, Terns, and Gulls",Charadriiformes,https://datazone.birdlife.org/species/factsheet/22694764,1,0,0,0,1,83.7,Wetland,3,3,Carnivore,Aquatic predator,Aerial,10089513.85,"This species is prone to misidentification and its maps might be affected by error.","CJ: This needs a note about the difficulty of ID separation from White-winged Black in non-breeding pl",Least Concern,20,32,5,15,17,4.88512651545839,16.2224885412417
313,Black Tern,Chlidonias niger,903,avibase-115AF02D,Black Tern,Chlidonias niger,4481,Chlidonias niger,blkter,"Skimmers, Noddies, Terns, and Gulls",Charadriiformes,https://datazone.birdlife.org/species/factsheet/22694787,1,0,0,0,1,65.3,Wetland,3,3,Carnivore,Aquatic predator,Aerial,12943719.56,,,Least Concern,2,0,2,0,0,1.92103801121677,0
314,White-winged Black Tern,Chlidonias leucopterus,304,avibase-43CAAEE3,White-winged Tern,Chlidonias leucopterus,4480,Chlidonias leucopterus,whwter,"Skimmers, Noddies, Terns, and Gulls",Charadriiformes,https://datazone.birdlife.org/species/factsheet/22694782,1,0,0,1,1,54.2,Wetland,3,3,Carnivore,Aquatic predator,Aerial,10229425.04,,,Least Concern,33,49,4,29,20,3.84279620522751,18.9764554050199
315,Lesser Noddy,Anous tenuirostris,939,avibase-03F9EB15,Lesser Noddy,Anous tenuirostris,4406,Anous tenuirostris,lesnod1,"Skimmers, Noddies, Terns, and Gulls",Charadriiformes,https://datazone.birdlife.org/species/factsheet/22694805,1,0,0,0,1,112,Marine,3,2,Carnivore,Aquatic predator,Aerial,177139.92,,"CJ: I suspect there are several unvetted records in the KBM which mean the distribution is not fully reflected…",Least Concern,4,1,3,1,0,2.89633984295318,0
316,Common Noddy,Anous stolidus,303,avibase-A070171E,Brown Noddy,Anous stolidus,4401,Anous stolidus,brnnod,"Skimmers, Noddies, Terns, and Gulls",Charadriiformes,https://datazone.birdlife.org/species/factsheet/22694794,1,0,0,0,1,177.8,Marine,3,2,Carnivore,Aquatic predator,Aerial,10192935.47,,,Least Concern,6,3,4,2,1,3.95291140216157,0.922516575859499
317,African Skimmer,Rynchops flavirostris,306,avibase-907B1140,African Skimmer,Rynchops flavirostris,4388,Rynchops flavirostris,afrski1,"Skimmers, Noddies, Terns, and Gulls",Charadriiformes,https://datazone.birdlife.org/species/factsheet/22694262,1,0,0,0,1,164,Wetland,3,2,Carnivore,Aquatic predator,Aerial,9718531.11,,,Least Concern,23,18,11,12,6,10.801159421775,5.72601947190132
318,Chestnut-bellied Sandgrouse,Pterocles exustus,1960,avibase-F5DE9155,Chestnut-bellied Sandgrouse,Pterocles exustus,2236,Pterocles exustus,chbsan,"Sandgrouse",Pterocliformes,https://datazone.birdlife.org/species/factsheet/22692990,1,0,0,0,0,202.8,Grassland,3,2,Herbivore,Granivore,Terrestrial,9267366.88,,,Least Concern,45,44,14,31,13,13.8063324623032,12.7043464263465
319,Black-faced Sandgrouse,Pterocles decoratus,1958,avibase-70AFED2C,Black-faced Sandgrouse,Pterocles decoratus,2256,Pterocles decoratus,blfsan1,"Sandgrouse",Pterocliformes,https://datazone.birdlife.org/species/factsheet/22693013,1,0,0,0,0,181.3,Shrubland,3,2,Herbivore,Granivore,Terrestrial,1363573.06,,,Least Concern,40,51,6,34,17,5.8736541567538,16.320117669196
320,Lichtenstein's Sandgrouse,Pterocles lichtensteinii,1962,avibase-F3715F7B,Lichtenstein's Sandgrouse,Pterocles lichtensteinii,2261,Pterocles lichtensteinii,licsan1,"Sandgrouse",Pterocliformes,https://datazone.birdlife.org/species/factsheet/22693028,1,0,0,0,0,209.1,Grassland,3,1,Herbivore,Granivore,Terrestrial,3826174.11,,,Least Concern,21,18,9,12,6,9.0964999059792,5.84480457740252
321,Four-banded Sandgrouse,Pterocles quadricinctus,1968,avibase-461482EA,Four-banded Sandgrouse,Pterocles quadricinctus,2271,Pterocles quadricinctus,fobsan1,"Sandgrouse",Pterocliformes,https://datazone.birdlife.org/species/factsheet/22693021,1,0,0,0,0,178.9,Shrubland,3,1,Herbivore,Granivore,Terrestrial,3917295.51,,,Least Concern,3,3,3,0,3,2.97845247399645,2.91129984902179
322,Yellow-throated Sandgrouse,Pterocles gutturalis,309,avibase-8B6EA5FA,Yellow-throated Sandgrouse,Pterocles gutturalis,2247,Pterocles gutturalis,yetsan1,"Sandgrouse",Pterocliformes,https://datazone.birdlife.org/species/factsheet/22692998,1,0,0,0,0,338,Grassland,3,2,Herbivore,Granivore,Terrestrial,810480.4,"This map might contains errors","CJ: how sure are we about the northern records? Why is it now appearing up there…?",Least Concern,14,22,3,11,11,3.06157718987502,10.6320869009543
323,Feral Pigeon,Columba livia,940,avibase-BBA263C2,Rock Dove,Columba livia,2703,Columba livia,rocpig,"Doves and Pigeons",Columbiformes,https://datazone.birdlife.org/species/factsheet/22690066,1,0,0,0,0,354.2,Human Modified,3,1,Herbivore,Granivore,Terrestrial,17464191.46,,,Least Concern,23,64,4,19,45,3.91490547519252,43.4097803484808
324,Speckled Pigeon,Columba guinea,311,avibase-A6EA9F02,Speckled Pigeon,Columba guinea,2693,Columba guinea,spepig1,"Doves and Pigeons",Columbiformes,https://datazone.birdlife.org/species/factsheet/22690080,1,0,0,0,0,352,Shrubland,2,1,Herbivore,Granivore,Terrestrial,10557795.16,,,Least Concern,65,100,1,64,36,0.983360256990764,35.4193446346715
325,Olive Pigeon,Columba arquatrix,312,avibase-EEDB8253,African Olive Pigeon,Columba arquatrix,2680,Columba arquatrix,rampig1,"Doves and Pigeons",Columbiformes,https://datazone.birdlife.org/species/factsheet/22690145,1,0,0,0,0,400,Forest,2,1,Herbivore,Frugivore,Insessorial,1486805.14,,,Least Concern,36,37,10,26,11,9.72980357442501,10.7328427638291
326,Bronze-naped Pigeon,Columba delegorguei,313,avibase-870E4DDA,Eastern Bronze-naped Pigeon,Columba delegorguei,2648,Columba delegorguei,delpig1,"Doves and Pigeons",Columbiformes,https://datazone.birdlife.org/species/factsheet/22690359,1,0,0,0,0,133,Forest,2,1,Herbivore,Frugivore,Insessorial,232244.08,,,Least Concern,24,23,9,15,8,8.8043961805181,7.70737381278387
327,White-winged Dove,Streptopelia reichenowi,1876,avibase-65FE8029,White-winged Collared Dove,Streptopelia reichenowi,2643,Streptopelia reichenowi,wwcdov1,"Doves and Pigeons",Columbiformes,https://datazone.birdlife.org/species/factsheet/22690529,1,0,0,0,0,119,Forest,2,1,Herbivore,Frugivore,Insessorial,153525.54,"Species not recorded during both the old and new atlas, but recorded in Kenya. This species occurs only in an area with high insecurity during the new altas period, thus few or no visits",,Least Concern,0,0,0,0,0,0,0
328,Ring-necked Dove,Streptopelia capicola,316,avibase-AB937AEB,Ring-necked Dove,Streptopelia capicola,2626,Streptopelia capicola,rindov,"Doves and Pigeons",Columbiformes,https://datazone.birdlife.org/species/factsheet/22690488,1,0,0,0,0,142,Shrubland,3,1,Herbivore,Granivore,Terrestrial,9534302.21,,,Least Concern,114,117,1,113,4,1.08256319807895,4.15897140199303
329,Mourning Dove,Streptopelia decipiens,315,avibase-70BD722B,Mourning Collared Dove,Streptopelia decipiens,2634,Streptopelia decipiens,afmdov1,"Doves and Pigeons",Columbiformes,https://datazone.birdlife.org/species/factsheet/22690477,1,0,0,0,0,134,Shrubland,2,1,Herbivore,Granivore,Terrestrial,7210175.11,,,Least Concern,81,101,5,76,25,5.0831252458404,24.0854893672868
330,Red-eyed Dove,Streptopelia semitorquata,314,avibase-9888B3AE,Red-eyed Dove,Streptopelia semitorquata,2633,Streptopelia semitorquata,reedov1,"Doves and Pigeons",Columbiformes,https://datazone.birdlife.org/species/factsheet/22690499,1,0,0,0,0,176,Shrubland,3,1,Herbivore,Granivore,Terrestrial,13753343.72,,,Least Concern,93,103,1,92,11,1.02027327686649,10.9687958872283
331,Turtle Dove,Streptopelia turtur,1005,avibase-5788552B,European Turtle Dove,Streptopelia turtur,2618,Streptopelia turtur,eutdov,"Doves and Pigeons",Columbiformes,https://datazone.birdlife.org/species/factsheet/22690419,1,0,0,0,0,132,Woodland,2,3,Herbivore,Granivore,Terrestrial,17578320.62,,"CJ: These rare species maps don't make sense",Vulnerable,3,0,3,0,0,2.89265413290202,0
332,Dusky Turtle Dove,Streptopelia lugens,1874,avibase-8770C6A7,Dusky Turtle Dove,Streptopelia lugens,2623,Streptopelia lugens,dutdov1,"Doves and Pigeons",Columbiformes,https://datazone.birdlife.org/species/factsheet/22690432,1,0,0,0,0,155,Forest,3,1,Herbivore,Omnivore,Terrestrial,945579.48,,,Least Concern,32,44,5,27,17,5.01352420032999,16.4146414572531
333,Laughing Dove,Streptopelia senegalensis,317,avibase-B2D6AB06,Laughing Dove,Spilopelia senegalensis,2580,Spilopelia senegalensis,laudov1,"Doves and Pigeons",Columbiformes,https://datazone.birdlife.org/species/factsheet/22690445,1,0,0,0,0,82.1,Woodland,3,1,Herbivore,Granivore,Terrestrial,28873137.27,,,Least Concern,108,106,6,102,4,6.2147783138607,3.7541143928694
334,Lemon Dove,Aplopelia larvata,322,avibase-EE40DDB6,Lemon Dove,Aplopelia larvata,2598,Aplopelia larvata,lemdov2,"Doves and Pigeons",Columbiformes,https://datazone.birdlife.org/species/factsheet/22690384,1,0,0,0,0,155,Forest,2,1,Herbivore,Granivore,Terrestrial,2621498.99,"This species is prone to misidentification and its maps might be affected by error.","CJ: This increase is probably more due to observer skill and effort, not a real increase… ",Least Concern,18,27,6,12,15,5.93610333183644,14.477476542352
335,Tambourine Dove,Turtur tympanistria,319,avibase-7308278F,Tambourine Dove,Turtur tympanistria,2740,Turtur tympanistria,tamdov1,"Doves and Pigeons",Columbiformes,https://datazone.birdlife.org/species/factsheet/22690635,1,0,0,0,0,70.6,Forest,2,1,Herbivore,Granivore,Terrestrial,8134665.65,"This species is prone to misidentification and its maps might be affected by error.","CJ: It would be interesting to know how many of these 'expansion' records were by ear and not actually SEEN. Am not sure I would trust most people's audio records to differentiate this and Em-spotted",Least Concern,55,73,3,52,21,2.9665495007253,20.158168422509
336,Blue-spotted Wood Dove,Turtur afer,320,avibase-23D5FC36,Blue-spotted Wood Dove,Turtur afer,2744,Turtur afer,bswdov1,"Doves and Pigeons",Columbiformes,https://datazone.birdlife.org/species/factsheet/22690628,1,0,0,0,0,65.6,Shrubland,2,1,Herbivore,Granivore,Terrestrial,10011361.74,,,Least Concern,19,29,0,19,10,0,9.58930420619712
337,Emerald-spotted Wood Dove,Turtur chalcospilos,321,avibase-BDF442F2,Emerald-spotted Wood Dove,Turtur chalcospilos,2745,Turtur chalcospilos,eswdov1,"Doves and Pigeons",Columbiformes,https://datazone.birdlife.org/species/factsheet/22690621,1,0,0,0,0,60.6,Shrubland,2,1,Herbivore,Granivore,Terrestrial,5888722.68,,,Least Concern,93,109,2,91,18,2.03437112392957,17.6579648540526
339,Namaqua Dove,Oena capensis,318,avibase-DDC2CC92,Namaqua Dove,Oena capensis,2736,Oena capensis,namdov1,"Doves and Pigeons",Columbiformes,https://datazone.birdlife.org/species/factsheet/22690645,1,0,0,0,0,40.6,Shrubland,3,2,Herbivore,Granivore,Terrestrial,9891692.7,,,Least Concern,99,104,10,89,15,10.2697689091328,14.5871807910347
340,Green Pigeon,Treron calva,323,avibase-00146574,African Green Pigeon,Treron calvus,2812,Treron calvus,afrgrp1,"Doves and Pigeons",Columbiformes,,1,0,0,0,0,197.5,Forest,2,2,Herbivore,Frugivore,Insessorial,10739326.33,,,Not Evaluated,65,71,7,58,13,6.87454044614234,12.9734443059057
341,Bruce's Green Pigeon,Treron waalia,1888,avibase-46C90944,Bruce's Green Pigeon,Treron waalia,2798,Treron waalia,brgpig1,"Doves and Pigeons",Columbiformes,https://datazone.birdlife.org/species/factsheet/22691212,1,0,0,0,0,254,Woodland,2,2,Herbivore,Frugivore,Insessorial,5454383.59,,,Least Concern,3,2,1,2,0,1.01126324748867,0
342,Red-fronted Parrot,Poicephalus gulielmi,1656,avibase-83D329B5,Red-fronted Parrot,Poicephalus gulielmi,11366,Poicephalus gulielmi,refpar5,"African and New World Parrots",Psittaciformes,https://datazone.birdlife.org/species/factsheet/22685291,1,0,0,0,0,274.6,Forest,1,1,Herbivore,Omnivore,Insessorial,1483974.66,,,Least Concern,17,21,4,13,8,3.94568317634184,7.69465588021867
343,Orange-bellied Parrot,Poicephalus rufiventris,1658,avibase-69661C7D,Red-bellied Parrot,Poicephalus rufiventris,11384,Poicephalus rufiventris,rebpar1,"African and New World Parrots",Psittaciformes,https://datazone.birdlife.org/species/factsheet/22685312,1,0,0,0,0,120,Shrubland,2,1,Herbivore,Omnivore,Insessorial,1544074.33,,,Least Concern,43,48,7,36,12,6.98236596229535,11.5019320571341
344,Brown Parrot,Poicephalus meyeri,327,avibase-0ECD9D58,Meyer's Parrot,Poicephalus meyeri,11370,Poicephalus meyeri,meypar1,"African and New World Parrots",Psittaciformes,https://datazone.birdlife.org/species/factsheet/22685304,1,0,0,0,0,117.5,Grassland,2,1,Herbivore,Omnivore,Insessorial,5835819.27,,,Least Concern,37,44,5,32,12,4.98950764435495,11.6510178156603
345,Brown-headed Parrot,Poicephalus cryptoxanthus,328,avibase-4A039821,Brown-headed Parrot,Poicephalus cryptoxanthus,11380,Poicephalus cryptoxanthus,brhpar2,"African and New World Parrots",Psittaciformes,https://datazone.birdlife.org/species/factsheet/22685317,1,0,0,0,0,140,Woodland,3,1,Herbivore,Omnivore,Insessorial,1182606.67,"This map might contains errors",,Least Concern,6,10,1,5,5,1.04737065643645,4.80604842420306
346,Grey Parrot,Psittacus erithacus,1664,avibase-A20878F0,Grey Parrot,Psittacus erithacus,11358,Psittacus erithacus,grepar,"African and New World Parrots",Psittaciformes,https://datazone.birdlife.org/species/factsheet/22724813,1,0,0,0,0,333,Forest,1,1,Herbivore,Omnivore,Insessorial,2732037.72,,,Endangered,2,4,1,1,3,0.972712084595792,2.85553389106995
347,Red-headed Lovebird,Agapornis pullaria,1640,avibase-1E2EC99C,Red-headed Lovebird,Agapornis pullarius,12112,Agapornis pullarius,rehlov1,"Old World Parrots",Psittaciformes,https://datazone.birdlife.org/species/factsheet/22685330,1,0,0,0,0,39.3,Woodland,3,1,Herbivore,Granivore,Terrestrial,2650780.74,"This map might contains errors",,Least Concern,1,7,0,1,6,0,5.80866714643878
349,Fischer's Lovebird,Agapornis fischeri,10031,avibase-7B0E2F01,Fischer's Lovebird,Agapornis fischeri,12119,Agapornis fischeri,,"Old World Parrots",Psittaciformes,https://datazone.birdlife.org/species/factsheet/22685346,1,0,0,0,0,48.3,Woodland,3,1,Herbivore,Granivore,Insessorial,133888.77,"Records in the old atlas of both Yellow-collared Lovebird and Fischer's Lovebird are lumped.","No pure Fischer's Lovebird is accepted in Kenya - Kenyan birds are a fischeri x personatus hybrid swarm (see SEQ 348). fislov1 (species-level, GroupCount 0) removed from data/eBird/sp_ebird.xlsx; avibase_id and ebird crosswalk now point to eBird's own hybrid taxon x00671 / avibase-7B0E2F01 (Fischer's x Yellow-collared Lovebird), which carries the real Kenyan records. ebird_code left blank rather than fislov1 so the website does not offer a dead/misleading species-level link.",Near Threatened,11,36,1,10,26,0.92549347325374,25.026141487127
350,Rose-ringed Parrakeet,Psittacula krameri,0,avibase-6B1CFC3C,Rose-ringed Parakeet,Psittacula krameri,11950,Psittacula krameri,rorpar,"Old World Parrots",Psittaciformes,https://datazone.birdlife.org/species/factsheet/22685441,1,0,0,0,0,116.1,Forest,2,1,Herbivore,Omnivore,Insessorial,7699517.77956872,,,Least Concern,3,1,2,1,0,1.92151876746552,0
351,Great Blue Turaco,Corythaeola cristata,1696,avibase-002445CB,Great Blue Turaco,Corythaeola cristata,1704,Corythaeola cristata,grbtur1,"Turacos",Musophagiformes,https://datazone.birdlife.org/species/factsheet/22688425,1,0,0,0,0,965,Forest,1,1,Herbivore,Frugivore,Insessorial,3896093.97,,,Least Concern,3,2,1,2,0,0.972712084595792,0
352,Eastern Grey Plantain-eater,Crinifer zonurus,1704,avibase-10B14696,Eastern Plantain-eater,Crinifer zonurus,1716,Crinifer zonurus,easple1,"Turacos",Musophagiformes,https://datazone.birdlife.org/species/factsheet/22688420,1,0,0,0,0,527,Grassland,3,1,Herbivore,Frugivore,Insessorial,1014236.61,,,Least Concern,13,16,0,13,3,0,2.92728594201557
353,Bare-faced Go-away-bird,Corythaixoides personata,1700,avibase-215428B0,Bare-faced Go-away-bird,Crinifer personatus,1711,Crinifer personatus,bfgbir1,"Turacos",Musophagiformes,,1,0,0,0,0,250,Woodland,2,1,Herbivore,Frugivore,Insessorial,52976.1,,"CJ: expansion due to climate change? Drying habitats??",Not Evaluated,11,22,2,9,13,1.97386903187446,12.510186096698
354,White-bellied Go-away-bird,Corythaixoides leucogaster,1698,avibase-2AA4BC58,White-bellied Go-away-bird,Crinifer leucogaster,1714,Crinifer leucogaster,wbgbir1,"Turacos",Musophagiformes,https://datazone.birdlife.org/species/factsheet/22688410,1,0,0,0,0,216.2,Grassland,2,1,Herbivore,Omnivore,Insessorial,2293621.91,"This map might contains errors","CJ: What's with the comment about errors for this easy-to-ID species??",Least Concern,82,88,8,74,14,8.17861468431668,13.4089126171014
355,Fischer's Turaco,Tauraco fischeri,1716,avibase-D5846D2A,Fischer's Turaco,Tauraco fischeri,1752,Tauraco fischeri,fistur1,"Turacos",Musophagiformes,https://datazone.birdlife.org/species/factsheet/22688327,1,0,0,0,0,250,Forest,1,1,Herbivore,Frugivore,Insessorial,48655.56,,,Near Threatened,9,9,1,8,1,0.990573237446677,0.974821075487656
356,Livingstone's Turaco,Tauraco livingstonii,338,avibase-22952180,Schalow's Turaco,Tauraco schalowi,1741,Tauraco schalowi,schtur1,"Turacos",Musophagiformes,https://datazone.birdlife.org/species/factsheet/22688323,1,0,0,0,0,206.4,Forest,1,1,Herbivore,Frugivore,Insessorial,1899419.96,,,Least Concern,6,7,2,4,3,1.89272392463914,3.05013294558342
357,Black-billed Turaco,Tauraco schuetti,1730,avibase-C9A1C773,Black-billed Turaco,Tauraco schuettii,1738,Tauraco schuettii,blbtur1,"Turacos",Musophagiformes,https://datazone.birdlife.org/species/factsheet/22688316,1,0,0,0,0,235,Forest,1,1,Herbivore,Frugivore,Insessorial,2085207.97,,,Least Concern,2,2,0,2,0,0,0
358,Hartlaub's Turaco,Tauraco hartlaubi,1718,avibase-94214F1C,Hartlaub's Turaco,Tauraco hartlaubi,1751,Tauraco hartlaubi,hartur1,"Turacos",Musophagiformes,https://datazone.birdlife.org/species/factsheet/22688365,1,0,0,0,0,224,Forest,1,1,Herbivore,Frugivore,Insessorial,264805.15,,"CJ: Interesting that this regional endemic has spread - maybe it's more adaptable to living in semi-agricultural land??",Least Concern,33,48,3,30,18,2.83580802218864,17.48868790847
359,White-crested Turaco,Tauraco leucolophus,1720,avibase-FF2AF138,White-crested Turaco,Tauraco leucolophus,1737,Tauraco leucolophus,whctur2,"Turacos",Musophagiformes,https://datazone.birdlife.org/species/factsheet/22688369,1,0,0,0,0,219,Forest,2,1,Herbivore,Frugivore,Insessorial,1433202.57,,"CJ: This loss to the south is probably real - habitat change",Least Concern,14,11,5,9,2,4.89833511198614,1.98948031794774
360,Violet-crested Turaco,Tauraco porphyreolophus,337,avibase-76E45A19,Purple-crested Turaco,Gallirex porphyreolophus,1718,Gallirex porphyreolophus,puctur2,"Turacos",Musophagiformes,https://datazone.birdlife.org/species/factsheet/22688380,1,0,0,0,0,259,Woodland,2,1,Herbivore,Frugivore,Insessorial,2166499.58,,,Least Concern,7,8,2,5,3,1.96868994731394,2.90102343264315
361,Ross's Turaco,Musophaga rossae,942,avibase-2C7BA3A6,Ross's Turaco,Tauraco rossae,1732,Tauraco rossae,rostur1,"Turacos",Musophagiformes,https://datazone.birdlife.org/species/factsheet/22688391,1,0,0,0,0,361.4,Forest,2,1,Herbivore,Frugivore,Insessorial,3088906.06,,,Least Concern,19,22,1,18,4,0.947805722007291,3.98262757399301
362,Great Spotted Cuckoo,Clamator glandarius,346,avibase-3D67C56A,Great Spotted Cuckoo,Clamator glandarius,2005,Clamator glandarius,grscuc1,"Cuckoos",Cuculiformes,https://datazone.birdlife.org/species/factsheet/22683819,1,0,0,0,0,143,Shrubland,2,3,Carnivore,Invertivore,Insessorial,13672737.21,,"CJ: Yes, this decline is surely correct",Least Concern,53,44,22,31,13,22.1899331425445,12.5074495364392
363,Black and white Cuckoo,Clamator jacobinus,348,avibase-BF0A0954,Jacobin Cuckoo,Clamator jacobinus,2007,Clamator jacobinus,piecuc1,"Cuckoos",Cuculiformes,https://datazone.birdlife.org/species/factsheet/22683800,1,0,0,0,0,79.4,Grassland,2,3,Carnivore,Invertivore,Insessorial,16118043.62,,,Least Concern,75,73,16,59,14,16.0371473080245,13.5568939811898
364,Levaillant's Cuckoo,Clamator levaillantii,347,avibase-3C8C3A31,Levaillant's Cuckoo,Clamator levaillantii,2006,Clamator levaillantii,levcuc1,"Cuckoos",Cuculiformes,https://datazone.birdlife.org/species/factsheet/22683808,1,0,0,0,0,122,Grassland,2,3,Carnivore,Invertivore,Insessorial,9843346.04,,,Least Concern,37,48,10,27,21,9.91449014090906,19.9944621566907
365,Red-chested Cuckoo,Cuculus solitarius,343,avibase-26A34DA5,Red-chested Cuckoo,Cuculus solitarius,2203,Cuculus solitarius,reccuc1,"Cuckoos",Cuculiformes,https://datazone.birdlife.org/species/factsheet/22683862,1,0,0,0,0,76.7,Forest,2,2,Carnivore,Invertivore,Insessorial,12082464.27,,,Least Concern,79,87,5,74,13,5.11051090724506,13.0007924904846
366,Black Cuckoo,Cuculus clamosus,344,avibase-EDB84334,Black Cuckoo,Cuculus clamosus,2200,Cuculus clamosus,blacuc1,"Cuckoos",Cuculiformes,https://datazone.birdlife.org/species/factsheet/22683866,1,0,0,0,0,78.8,Forest,2,3,Carnivore,Invertivore,Insessorial,11853670.65,"This map might contains errors","CJ: I think there are records submitted as this which are in fact Black Cuckoo-Shrike. The northern coastal records I seriously doubt unless seen by someone who really knows their birds or photographed and confirmed.",Least Concern,63,70,10,53,17,9.93809344102678,16.5923370357995
367,African Cuckoo,Cuculus gularis,341,avibase-66931B3F,African Cuckoo,Cuculus gularis,2209,Cuculus gularis,afrcuc1,"Cuckoos",Cuculiformes,https://datazone.birdlife.org/species/factsheet/22683879,1,0,1,0,0,103,Shrubland,2,2,Carnivore,Invertivore,Insessorial,12409053.89,"This species is prone to misidentification and its maps might be affected by error.",,Least Concern,55,48,21,34,14,20.6493897316395,13.6460994918923
368,Eurasian Cuckoo,Cuculus canorus,340,avibase-B3D2C3C5,Common Cuckoo,Cuculus canorus,2213,Cuculus canorus,comcuc,"Cuckoos",Cuculiformes,https://datazone.birdlife.org/species/factsheet/22683873,1,0,0,1,0,111.4,Forest,2,3,Carnivore,Invertivore,Insessorial,37338142.79,"This species is prone to misidentification and its maps might be affected by error.",,Least Concern,51,50,17,34,16,16.8552638915865,15.4814947701172
369,Lesser Cuckoo,Cuculus poliocephalus,4130,avibase-FF41B79F,Lesser Cuckoo,Cuculus poliocephalus,2204,Cuculus poliocephalus,lescuc1,"Cuckoos",Cuculiformes,https://datazone.birdlife.org/species/factsheet/22683889,1,0,0,1,0,46.6,Forest,1,3,Carnivore,Invertivore,Insessorial,5291320.75,"This species is prone to misidentification and its maps might be affected by error.",,Least Concern,11,8,6,5,3,5.85304726232295,2.84823578950621
370,Thick-billed Cuckoo,Pachycoccyx audeberti,345,avibase-2AD52363,Thick-billed Cuckoo,Pachycoccyx audeberti,2057,Pachycoccyx audeberti,thbcuc1,"Cuckoos",Cuculiformes,https://datazone.birdlife.org/species/factsheet/22683823,1,0,0,0,0,102.9,Forest,2,1,Carnivore,Invertivore,Insessorial,4407880.92,,,Least Concern,4,5,3,1,4,2.9917825614297,3.80939180938594
371,Barred Long-tailed Cuckoo,Cercococcyx montanus,923,avibase-B8D42059,Barred Long-tailed Cuckoo,Cercococcyx montanus,2172,Cercococcyx montanus,bltcuc1,"Cuckoos",Cuculiformes,https://datazone.birdlife.org/species/factsheet/22683913,1,0,0,0,0,58.2,Forest,1,1,Carnivore,Invertivore,Insessorial,733955.71,,,Least Concern,3,4,1,2,2,0.952087957490116,1.87982207852351
372,Emerald Cuckoo,Chrysococcyx cupreus,350,avibase-1B309CB5,African Emerald Cuckoo,Chrysococcyx cupreus,2100,Chrysococcyx cupreus,afecuc1,"Cuckoos",Cuculiformes,https://datazone.birdlife.org/species/factsheet/22684021,1,0,0,0,0,37.7,Forest,2,1,Carnivore,Invertivore,Insessorial,11402508.04,,,Least Concern,45,51,10,35,16,9.65388550752811,15.5987858129063
373,Klaas's Cuckoo,Chrysococcyx klaas,351,avibase-1FACD210,Klaas's Cuckoo,Chrysococcyx klaas,2098,Chrysococcyx klaas,klacuc1,"Cuckoos",Cuculiformes,https://datazone.birdlife.org/species/factsheet/22684017,1,0,0,0,0,27.4,Shrubland,2,1,Carnivore,Invertivore,Insessorial,14138608.99,,,Least Concern,80,96,4,76,20,4.05603819136422,20.0097765835348
374,Didric Cuckoo,Chrysococcyx caprius,352,avibase-0482FA7E,Diederik Cuckoo,Chrysococcyx caprius,2097,Chrysococcyx caprius,didcuc1,"Cuckoos",Cuculiformes,https://datazone.birdlife.org/species/factsheet/22684026,1,0,0,0,0,32.8,Shrubland,2,1,Carnivore,Invertivore,Insessorial,17768023.87,,,Least Concern,80,90,8,72,18,8.18837189354293,17.587448728555
375,Blue-headed Coucal,Centropus monachus,1628,avibase-7C879D6D,Blue-headed Coucal,Centropus monachus,1910,Centropus monachus,blhcou2,"Cuckoos",Cuculiformes,https://datazone.birdlife.org/species/factsheet/22684276,1,0,0,0,0,201.3,Wetland,1,1,Carnivore,Omnivore,Terrestrial,2920157.62,"This map might contains errors",,Least Concern,17,22,3,14,8,2.8941645021741,7.52161726674395
376,Senegal Coucal,Centropus senegalensis,355,avibase-4A83155B,Senegal Coucal,Centropus senegalensis,1906,Centropus senegalensis,sencou1,"Cuckoos",Cuculiformes,https://datazone.birdlife.org/species/factsheet/22684284,1,0,0,0,0,169,Shrubland,2,1,Carnivore,Vertivore,Terrestrial,9875812.37,,,Least Concern,10,6,5,5,1,4.86840623336652,0.977637739136406
377,White-browed Coucal,Centropus superciliosus,1036,avibase-4B2A7A35,White-browed Coucal,Centropus superciliosus,1917,Centropus superciliosus,whbcou2,"Cuckoos",Cuculiformes,,1,0,0,0,0,148.5,Wetland,1,1,Carnivore,Invertivore,Terrestrial,7292900.16,,,Not Evaluated,107,101,12,95,6,12.1786976456743,5.98713790354611
378,Black Coucal,Centropus grillii,353,avibase-DB09507D,Black Coucal,Centropus grillii,1937,Centropus grillii,blacou1,"Cuckoos",Cuculiformes,https://datazone.birdlife.org/species/factsheet/22684249,1,0,0,0,0,122.9,Grassland,2,2,Carnivore,Invertivore,Terrestrial,8530549.35,,,Least Concern,16,13,13,3,10,12.6049384527079,9.44854124744298
379,Yellowbill,Ceuthmochares aereus,0,avibase-DC83C05D,Blue/Green Malkoha,Ceuthmochares sp.,1963,Ceuthmochares aereus|Ceuthmochares australis,yellow5|yellow6,"Cuckoos",Cuculiformes,,2,0,0,0,0,65.8,Forest,1,1,Carnivore,Invertivore,Insessorial,4005421.1,,"CJ: Intriguing re the 'expansion' into central Kenya - which race / species is this one?",Least Concern,18,21,5,13,8,5.01917276723335,7.64154172178321
380,Cape Grass Owl,Tyto capensis,360,avibase-B21A37E7,African Grass Owl,Tyto capensis,7196,Tyto capensis,afgowl1,"Bay Owls and Barn Owls",Strigiformes,https://datazone.birdlife.org/species/factsheet/22688514,1,0,0,0,0,364.7,Grassland,3,2,Carnivore,Vertivore,Generalist,2692718.84,,,Least Concern,14,3,12,2,1,11.4184263280104,0.917744000397832
381,Barn Owl,Tyto alba,359,avibase-6B54759B,American Barn Owl,Tyto furcata,7216,Tyto furcata,brnowl,"Bay Owls and Barn Owls",Strigiformes,,1,0,0,0,0,403.3,Human Modified,3,1,Carnivore,Vertivore,Insessorial,63140525.19,,,Not Evaluated,36,44,13,23,21,12.8194247470966,20.056563773754
382,Scops Owl,Otus scops,0,avibase-80603CB9,African/Eurasian Scops Owl,Otus sp.,7565,Otus senegalensis|Otus scops,afsowl1|eursco1,"Owls",Strigiformes,,2,0,0,0,0,92,Woodland,2,3,Carnivore,Invertivore,Insessorial,8778464.51,,"Historical lump of 2 species, treated as one taxon (Otus scops) in the 1970-1984 atlas: African Scops-Owl (Otus senegalensis, 662 Kenyan eBird records 2009-2023); Eurasian Scops-Owl (Otus scops, 14 Kenyan eBird records 2009-2023). At least one member was already a distinct, field-separable species during the atlas era; old-atlas records for this concept may include unseparated or misidentified individuals of either.",Least Concern,56,45,27,29,16,26.8558353917091,15.2000420036384
383,Sokoke Scops Owl,Otus ireneae,1780,avibase-75194A63,Sokoke Scops Owl,Otus ireneae,7489,Otus ireneae,sosowl1,"Owls",Strigiformes,https://datazone.birdlife.org/species/factsheet/22688565,1,0,0,0,0,50.3,Forest,1,1,Carnivore,Invertivore,Insessorial,634.79,,,Endangered,2,1,1,1,0,0.961849005680008,0
384,White-faced Scops Owl,Otus leucotis,0,avibase-53E6B684,Northern/Southern White-faced Owl,Ptilopsis sp.,7609,Ptilopsis leucotis|Ptilopsis granti,nwfowl1|swfowl1,"Owls",Strigiformes,,2,0,0,0,0,214.4,Woodland,3,1,Carnivore,Invertivore,Insessorial,7822704.31,,"Historical lump of 2 species, treated as one taxon (Otus leucotis) in the 1970-1984 atlas: Northern White-faced Owl (Ptilopsis leucotis, 601 Kenyan eBird records 2009-2023); Southern White-faced Owl (Ptilopsis granti, 25 Kenyan eBird records 2009-2023). At least one member was already a distinct, field-separable species during the atlas era; old-atlas records for this concept may include unseparated or misidentified individuals of either.",Least Concern,16,21,10,6,15,9.74948490507098,14.5193159002726
385,Cape Eagle Owl,Bubo capensis,367,avibase-3CD0F535,Cape Eagle-Owl,Bubo capensis,7672,Bubo capensis,caeowl1,"Owls",Strigiformes,https://datazone.birdlife.org/species/factsheet/22688944,1,0,0,0,0,1118.6,Shrubland,2,1,Carnivore,Vertivore,Insessorial,1905194.15,,,Least Concern,8,9,3,5,4,3.06066071072788,3.83035110745473
386,Spotted Eagle Owl,Bubo africanus,0,avibase-38E24616,Greyish/Spotted Eagle-Owl,Bubo sp.,7695,Bubo cinerascens|Bubo africanus,graeao1|spoeao2,"Owls",Strigiformes,,2,0,0,0,0,645,Rock,2,1,Carnivore,Vertivore,Generalist,9185929.09,,"Historical lump of 2 species, treated as one taxon (Bubo africanus) in the 1970-1984 atlas: Grayish Eagle-Owl (Bubo cinerascens, 493 Kenyan eBird records 2009-2023); Spotted Eagle-Owl (Bubo africanus, 668 Kenyan eBird records 2009-2023). At least one member was already a distinct, field-separable species during the atlas era; old-atlas records for this concept may include unseparated or misidentified individuals of either.",Least Concern,48,52,20,28,24,20.222771314946,23.149966891214
387,Verreaux's Eagle Owl,Bubo lacteus,369,avibase-EBD3129B,Verreaux's Eagle-Owl,Ketupa lactea,7707,Ketupa lactea,veeowl1,"Owls",Strigiformes,https://datazone.birdlife.org/species/factsheet/22688986,1,0,0,0,0,2114.9,Woodland,3,1,Carnivore,Vertivore,Insessorial,11298632.02,,,Least Concern,65,72,8,57,15,8.08123256499807,14.7289576455771
388,Pel's Fishing Owl,Scotopelia peli,370,avibase-034B2A6A,Pel's Fishing Owl,Scotopelia peli,7699,Scotopelia peli,pefowl1,"Owls",Strigiformes,https://datazone.birdlife.org/species/factsheet/22689032,1,0,0,0,0,1942.8,Wetland,1,1,Carnivore,Aquatic predator,Insessorial,4649310.2,"This species occurs only in an area with high insecurity during the new altas period, thus few or no visits",,Least Concern,10,3,8,2,1,8.00887033550319,0.952503076056223
389,African Wood Owl,Ciccaba woodfordii,362,avibase-2E6575A8,African Wood Owl,Strix woodfordii,7915,Strix woodfordii,afwowl1,"Owls",Strigiformes,https://datazone.birdlife.org/species/factsheet/22689166,1,0,0,0,0,350,Forest,1,1,Carnivore,Invertivore,Insessorial,9861983.74,,,Least Concern,36,39,12,24,15,11.9613543027247,14.2507977029592
390,Barred Owlet,Glaucidium capense,366,avibase-77FEB897,African Barred Owlet,Glaucidium capense,7472,Glaucidium capense,afbowl1,"Owls",Strigiformes,,1,0,0,0,0,122,Forest,2,1,Carnivore,Invertivore,Insessorial,4071921.71,,,Not Evaluated,6,6,4,2,4,3.97349751379543,3.90638789571012
391,Pearl-spotted Owlet,Glaucidium perlatum,365,avibase-70CB00EC,Pearl-spotted Owlet,Glaucidium perlatum,7411,Glaucidium perlatum,pesowl1,"Owls",Strigiformes,https://datazone.birdlife.org/species/factsheet/22689203,1,0,0,0,0,79.2,Shrubland,2,1,Carnivore,Invertivore,Insessorial,11923401.87,,,Least Concern,51,58,14,37,21,14.0752910534763,19.9427694360866
392,Red-chested Owlet,Glaucidium tephronotum,1764,avibase-E05A96F3,Red-chested Owlet,Glaucidium tephronotum,7453,Glaucidium tephronotum,recowl1,"Owls",Strigiformes,https://datazone.birdlife.org/species/factsheet/22689267,1,0,0,0,0,87.4,Forest,1,1,Carnivore,Invertivore,Insessorial,2054685.26,,,Least Concern,4,3,2,2,1,1.94248860516743,0.998337085374777
393,Long-eared Owl,Asio otus,1738,avibase-FC4D40D2,Long-eared Owl,Asio otus,7646,Asio otus,loeowl,"Owls",Strigiformes,https://datazone.birdlife.org/species/factsheet/22689507,1,0,0,0,0,296.6,Forest,2,2,Carnivore,Vertivore,Aerial,27618929.92,,,Least Concern,1,0,1,0,0,0.901298652314584,0
394,African Marsh Owl,Asio capensis,361,avibase-83E21A84,Marsh Owl,Asio capensis,7613,Asio capensis,marowl2,"Owls",Strigiformes,https://datazone.birdlife.org/species/factsheet/22689535,1,0,0,0,0,334,Grassland,3,1,Carnivore,Vertivore,Generalist,7302556.68,,,Least Concern,22,16,14,8,8,13.6221091217208,7.53508661914906
395,Short-eared Owl,Asio flammeus,1740,avibase-8F123A11,Short-eared Owl,Asio flammeus,7617,Asio flammeus,sheowl,"Owls",Strigiformes,https://datazone.birdlife.org/species/factsheet/22689531,1,0,0,0,0,322.6,Grassland,3,3,Carnivore,Vertivore,Aerial,39874062.36,,,Least Concern,2,2,2,0,2,1.94233819074021,1.91288506390701
396,Star-spotted Nightjar,Caprimulqus stellatus,1836,avibase-CE884D49,Star-spotted Nightjar,Caprimulgus stellatus,5689,Caprimulgus stellatus,stsnig1,"Nightjars and Nighthawks",Caprimulgiformes,https://datazone.birdlife.org/species/factsheet/22689981,1,0,0,0,0,58.2,Grassland,3,1,Carnivore,Invertivore,Aerial,123669.26,,,Least Concern,6,3,6,0,3,5.81928265379857,2.91617576543631
397,Fiery-necked Nightjar,Caprimulqus pectoralis,0,avibase-7E3578A2,Fiery-necked Nightjar,Caprimulgus pectoralis,5668,Caprimulgus pectoralis,finnig1,"Nightjars and Nighthawks",Caprimulgiformes,https://datazone.birdlife.org/species/factsheet/22730097,1,0,0,0,0,51.4,Woodland,2,2,Carnivore,Invertivore,Generalist,5725005.93,,"CJ: Lack of atlassing in these squares where there is a 'decline'? Esp atlassing that would search for nocturnal spp",Least Concern,12,8,6,6,2,5.94085475191388,1.93357206006912
398,Montane Nightjar,Caprimulqus poliocephalus,357,avibase-FB96690D,Montane Nightjar,Caprimulgus poliocephalus,5674,Caprimulgus poliocephalus,monnig1,"Nightjars and Nighthawks",Caprimulgiformes,https://datazone.birdlife.org/species/factsheet/22730103,1,0,0,0,0,41.8,Forest,2,2,Carnivore,Invertivore,Aerial,807034.95,,,Least Concern,27,35,5,22,13,5.00151388768989,12.3764156452409
399,Nubian Nightjar,Caprimulqus nubicus,1830,avibase-626D56E4,Nubian Nightjar,Caprimulgus nubicus,5642,Caprimulgus nubicus,nubnig1,"Nightjars and Nighthawks",Caprimulgiformes,https://datazone.birdlife.org/species/factsheet/22689912,1,0,1,0,0,49.3,Shrubland,2,2,Carnivore,Invertivore,Aerial,654647.83,,,Least Concern,6,12,4,2,10,3.89607895694247,9.81048271848001
400,Dusky Nightjar,Caprimulqus fraenatus,1824,avibase-E93A0F33,Sombre Nightjar,Caprimulgus fraenatus,5635,Caprimulgus fraenatus,somnig1,"Nightjars and Nighthawks",Caprimulgiformes,https://datazone.birdlife.org/species/factsheet/22689893,1,0,0,0,0,59.7,Shrubland,2,1,Carnivore,Invertivore,Aerial,543293.67,,,Least Concern,20,33,7,13,20,6.86395086182562,19.1877019050409
401,Eurasian Nightjar,Caprimulgus europaeus,371,avibase-80D4B0FE,European Nightjar,Caprimulgus europaeus,5628,Caprimulgus europaeus,eurnig1,"Nightjars and Nighthawks",Caprimulgiformes,https://datazone.birdlife.org/species/factsheet/22689887,1,0,0,1,0,67,Shrubland,2,3,Carnivore,Invertivore,Aerial,19002486.05,,"CJ: I suspect the increase shown is due to greater interest and knowledge of nightjars than a 'real' increase",Least Concern,21,31,7,14,17,6.76454613323618,16.4098079961612
402,Plain Nightjar,Caprimulqus inornatus,1826,avibase-7C3959D6,Plain Nightjar,Caprimulgus inornatus,5688,Caprimulgus inornatus,planig1,"Nightjars and Nighthawks",Caprimulgiformes,https://datazone.birdlife.org/species/factsheet/22689977,1,0,1,0,0,50.3,Grassland,3,1,Carnivore,Invertivore,Generalist,3310936.5,,,Least Concern,18,20,11,7,13,10.7852986819908,12.3855938205403
403,Freckled Nightjar,Caprimulqus tristigma,374,avibase-E3C780D6,Freckled Nightjar,Caprimulgus tristigma,5701,Caprimulgus tristigma,frenig1,"Nightjars and Nighthawks",Caprimulgiformes,https://datazone.birdlife.org/species/factsheet/22689988,1,0,0,0,0,79,Rock,3,1,Carnivore,Invertivore,Aerial,4557630.15,"This species is prone to misidentification and its maps might be affected by error.","CJ: This is a crazy increase for this species! Is it seriously 'real'??",Least Concern,13,36,5,8,28,4.95200625874162,26.7821840983345
404,Donaldson-Smith's Nightjar,Caprimulqus donaldsoni,1818,avibase-D1D9B619,Donaldson Smith's Nightjar,Caprimulgus donaldsoni,5667,Caprimulgus donaldsoni,dosnig1,"Nightjars and Nighthawks",Caprimulgiformes,https://datazone.birdlife.org/species/factsheet/22689940,1,0,0,0,0,29,Shrubland,2,1,Carnivore,Invertivore,Aerial,751577.81,"This species is prone to misidentification and its maps might be affected by error.","CJ: For all the nightjars… it might be worth adding a comment about the difficulty in ID'ing them?",Least Concern,33,34,16,17,17,15.902710972483,16.4606873875742
405,White-tailed Nightjar,Caprimulqus natalensis,375,avibase-52E6406E,Swamp Nightjar,Caprimulgus natalensis,5685,Caprimulgus natalensis,swanig1,"Nightjars and Nighthawks",Caprimulgiformes,https://datazone.birdlife.org/species/factsheet/22689972,1,0,0,0,0,77.7,Forest,2,1,Carnivore,Invertivore,Aerial,2207800.39,,,Least Concern,7,10,5,2,8,4.92393925315437,7.5982889554241
406,Slender-tailed Nightjar,Caprimulqus clarus,1814,avibase-54494BCE,Slender-tailed Nightjar,Caprimulgus clarus,5717,Caprimulgus clarus,sltnig1,"Nightjars and Nighthawks",Caprimulgiformes,https://datazone.birdlife.org/species/factsheet/22690012,1,0,0,0,0,42.5,Shrubland,2,1,Carnivore,Invertivore,Aerial,1225629.63,,,Least Concern,45,56,11,34,22,11.1968236184553,21.1017150644573
407,Long-tailed Nightjar,Caprimulqus climacurus,1816,avibase-A20EA34D,Long-tailed Nightjar,Caprimulgus climacurus,5713,Caprimulgus climacurus,lotnig1,"Nightjars and Nighthawks",Caprimulgiformes,https://datazone.birdlife.org/species/factsheet/22690008,1,0,0,0,0,45.8,Forest,2,1,Carnivore,Invertivore,Aerial,7239636.45,,,Least Concern,2,0,2,0,0,1.99087337469074,0
408,Gabon Nightjar,Caprimulqus fossii,376,avibase-4FD242D0,Square-tailed Nightjar,Caprimulgus fossii,5718,Caprimulgus fossii,sqtnig1,"Nightjars and Nighthawks",Caprimulgiformes,https://datazone.birdlife.org/species/factsheet/22690016,1,0,0,0,0,58.3,Forest,2,1,Carnivore,Invertivore,Aerial,5155775.73,"There is likely an error of identification or taxnomy with the old atlas data",,Least Concern,11,17,6,5,12,5.72606133781723,11.4541141259635
409,Standard-winged Nightjar,Macrodipteryx longipennis,1838,avibase-D36F4D98,Standard-winged Nightjar,Caprimulgus longipennis,5617,Caprimulgus longipennis,stwnig1,"Nightjars and Nighthawks",Caprimulgiformes,https://datazone.birdlife.org/species/factsheet/22690021,1,0,1,0,0,48,Grassland,3,2,Carnivore,Invertivore,Aerial,3883244.3,,,Least Concern,4,3,2,2,1,2.074324067775,0.993721820563689
410,Pennant-winged Nightjar,Macrodipteryx vexillarius,377,avibase-A526534E,Pennant-winged Nightjar,Caprimulgus vexillarius,5616,Caprimulgus vexillarius,pewnig1,"Nightjars and Nighthawks",Caprimulgiformes,https://datazone.birdlife.org/species/factsheet/22690025,1,0,1,0,0,72.2,Woodland,3,2,Carnivore,Invertivore,Aerial,3406683.13,,,Least Concern,9,6,9,0,6,8.67321446761636,5.69795442623672
411,Sabine's Spinetail,Rhaphidura sabini,1686,avibase-1E12D857,Sabine's Spinetail,Rhaphidura sabini,5870,Rhaphidura sabini,sabspi1,"Swifts",Apodiformes,https://datazone.birdlife.org/species/factsheet/22686664,1,0,0,0,0,16,Forest,1,1,Carnivore,Invertivore,Aerial,1774423.81,,,Least Concern,2,1,1,1,0,0.983462364966188,0
412,Mottle-throated Spinetail,Telacanthura ussheri,388,avibase-8ACC245F,Mottled Spinetail,Telacanthura ussheri,5879,Telacanthura ussheri,motspi1,"Swifts",Apodiformes,https://datazone.birdlife.org/species/factsheet/22686652,1,0,0,0,0,32.6,Woodland,1,1,Carnivore,Invertivore,Aerial,5188546,,"CJ: Interesting supposed decline in this distribution - I guess it could be…",Least Concern,18,14,8,10,4,7.77762275503988,3.96087877087691
413,Böhm's Spinetail,Neafrapus boehmi,389,avibase-0D52DFC7,Böhm's Spinetail,Neafrapus boehmi,5874,Neafrapus boehmi,balspi1,"Swifts",Apodiformes,https://datazone.birdlife.org/species/factsheet/22686672,1,0,0,0,0,14.4,Woodland,1,2,Carnivore,Invertivore,Aerial,1674288.3,,,Least Concern,10,14,4,6,8,4.01276669867453,7.78691996301646
414,Scarce Swift,Schoutedenapus myoptilus,904,avibase-8439A6E7,Scarce Swift,Schoutedenapus myoptilus,5983,Schoutedenapus myoptilus,scaswi1,"Swifts",Apodiformes,https://datazone.birdlife.org/species/factsheet/157470471,1,0,0,0,0,23.5,Forest,1,2,Carnivore,Invertivore,Aerial,384804.79,"This species is prone to misidentification and its maps might be affected by error.","CJ: I think a note about the difficult of ID'ing this and other 'black swifts' is worth including…",Least Concern,19,25,4,15,10,3.85617609977933,9.60523869082031
415,African Palm Swift,Cypsiurus parvus,387,avibase-DA106373,African Palm Swift,Cypsiurus parvus,5954,Cypsiurus parvus,afpswi1,"Swifts",Apodiformes,https://datazone.birdlife.org/species/factsheet/155257123,1,0,0,0,0,13.6,Shrubland,1,1,Carnivore,Invertivore,Aerial,15963964.24,,"CJ: This sp is def associated with human habitation as so many people like to plant palms and thus create habitat for them…",Least Concern,57,91,4,53,38,4.02560006891515,36.7544459275341
416,Mottled Swift,Apus aequatorialis,382,avibase-91429F78,Mottled Swift,Tachymarptis aequatorialis,5965,Tachymarptis aequatorialis,motswi2,"Swifts",Apodiformes,https://datazone.birdlife.org/species/factsheet/22686788,1,0,0,0,0,92.8,Shrubland,1,2,Carnivore,Invertivore,Aerial,1399846.87,,,Least Concern,59,62,11,48,14,11.1819261756634,13.3492650600011
417,Alpine Swift,Apus melba,386,avibase-FA1CAD29,Alpine Swift,Tachymarptis melba,5971,Tachymarptis melba,alpswi1,"Swifts",Apodiformes,https://datazone.birdlife.org/species/factsheet/22686774,1,0,0,0,0,100.4,Rock,1,3,Carnivore,Invertivore,Aerial,7307949.41,,,Least Concern,31,38,12,19,19,11.8264550031103,18.2858618758614
418,Eurasian Swift,Apus apus,378,avibase-4E6EF3F9,Common Swift,Apus apus,6032,Apus apus,comswi,"Swifts",Apodiformes,https://datazone.birdlife.org/species/factsheet/22686800,1,0,0,1,0,37.6,Human Modified,1,3,Carnivore,Invertivore,Aerial,24779919.71,"This species is prone to misidentification and its maps might be affected by error.",,Least Concern,42,60,8,34,26,7.96680675456695,24.9108798723179
419,Black Swift,Apus barbatus,380,avibase-DEE4829A,African Black Swift,Apus barbatus,6019,Apus barbatus,afrswi1,"Swifts",Apodiformes,,1,0,0,0,0,42.8,Rock,1,2,Carnivore,Invertivore,Aerial,1200605.42,"This species is prone to misidentification and its maps might be affected by error.","CJ: YES! I cannot believe that the species has spread quite so much. This is def an",Not Evaluated,17,51,0,17,34,0,32.9678596082078
420,Forbes-Watson's Swift,Apus berliozi,1674,avibase-45D3FD5A,Forbes-Watson's Swift,Apus berliozi,6028,Apus berliozi,fowswi1,"Swifts",Apodiformes,https://datazone.birdlife.org/species/factsheet/22686831,1,0,1,0,0,38.2,Rock,1,2,Carnivore,Invertivore,Aerial,204574.56,"This species is prone to misidentification and its maps might be affected by error.",,Least Concern,4,5,1,3,2,0.961849005680008,1.96539431293433
421,Nyanza Swift,Apus niansae,1676,avibase-2103011F,Nyanza Swift,Apus niansae,6010,Apus niansae,nyaswi1,"Swifts",Apodiformes,https://datazone.birdlife.org/species/factsheet/22686811,1,0,0,0,0,32.5,Rock,1,2,Carnivore,Invertivore,Aerial,381006.41,,,Least Concern,36,48,11,25,23,10.7038075864683,22.3430921963
422,White-rumped Swift,Apus caffer,383,avibase-FA9F6019,White-rumped Swift,Apus caffer,5995,Apus caffer,whrswi1,"Swifts",Apodiformes,https://datazone.birdlife.org/species/factsheet/22686882,1,0,0,0,0,22.1,Shrubland,1,3,Carnivore,Invertivore,Aerial,12490681.95,,,Least Concern,58,77,4,54,23,4.09106304019638,22.3882602251222
423,Horus Swift,Apus horus,384,avibase-FF79A533,Horus Swift,Apus horus,5997,Apus horus,horswi1,"Swifts",Apodiformes,https://datazone.birdlife.org/species/factsheet/22724997,1,0,0,0,0,27.5,Shrubland,1,2,Carnivore,Invertivore,Aerial,2043600.71,,,Least Concern,26,39,9,17,22,8.69083004776243,21.0574307042767
424,Little Swift,Apus affinis,385,avibase-D209A90C,Little Swift,Apus affinis,6003,Apus affinis,litswi1,"Swifts",Apodiformes,https://datazone.birdlife.org/species/factsheet/22686856,1,0,0,0,0,22.6,Human Modified,1,3,Carnivore,Invertivore,Aerial,22143832.39,,,Least Concern,86,102,5,81,21,5.26183375502723,20.7651686672196
425,Speckled Mousebird,Colius striatus,390,avibase-1FDDABDB,Speckled Mousebird,Colius striatus,8681,Colius striatus,spemou2,"Mousebirds",Coliiformes,https://datazone.birdlife.org/species/factsheet/22683776,1,0,0,0,0,51.1,Shrubland,2,1,Herbivore,Frugivore,Insessorial,8057145.03,,,Least Concern,92,96,3,89,7,3.05357086002607,7.0408443641669
426,White-headed Mousebird,Colius leucocephalus,1588,avibase-ADDB3611,White-headed Mousebird,Colius leucocephalus,8699,Colius leucocephalus,whhmou1,"Mousebirds",Coliiformes,https://datazone.birdlife.org/species/factsheet/22683780,1,0,0,0,0,35.8,Shrubland,2,1,Herbivore,Frugivore,Insessorial,533022.16,,,Least Concern,25,34,5,20,14,5.02606521407682,13.5841930387023
427,Blue-naped Mousebird,Urocolius macrourus,1590,avibase-E45D9EB2,Blue-naped Mousebird,Urocolius macrourus,8673,Urocolius macrourus,blnmou1,"Mousebirds",Coliiformes,https://datazone.birdlife.org/species/factsheet/22683792,1,0,0,0,0,45.5,Shrubland,2,1,Herbivore,Frugivore,Insessorial,5779732.9,,,Least Concern,101,106,5,96,10,5.26229370735337,9.60178846819936
428,Narina's Trogon,Apaloderma narina,393,avibase-7FED5700,Narina Trogon,Apaloderma narina,8716,Apaloderma narina,nartro1,"Trogons",Trogoniformes,https://datazone.birdlife.org/species/factsheet/22682715,1,0,0,0,0,67.7,Forest,1,1,Carnivore,Invertivore,Insessorial,10932030.89,,,Least Concern,43,55,9,34,21,8.89030073872909,20.4422845826344
429,Bar-tailed Trogon,Apaloderma vittatum,944,avibase-2F2CB724,Bar-tailed Trogon,Apaloderma vittatum,8722,Apaloderma vittatum,battro1,"Trogons",Trogoniformes,https://datazone.birdlife.org/species/factsheet/22682723,1,0,0,0,0,55,Forest,1,1,Carnivore,Invertivore,Insessorial,485903.03,,,Least Concern,11,9,4,7,2,3.92678906493097,1.95274806076493
430,Giant Kingfisher,Ceryle maxima,395,avibase-F51C1C4A,Giant Kingfisher,Megaceryle maxima,9318,Megaceryle maxima,giakin3,"Kingfishers",Coraciiformes,https://datazone.birdlife.org/species/factsheet/22683616,1,0,0,0,1,325,Wetland,3,1,Carnivore,Aquatic predator,Insessorial,13133154.9,,,Least Concern,45,48,9,36,12,8.85732180918744,11.3631263795609
431,Pied Kingfisher,Ceryle rudis,394,avibase-8205077F,Pied Kingfisher,Ceryle rudis,9327,Ceryle rudis,piekin1,"Kingfishers",Coraciiformes,https://datazone.birdlife.org/species/factsheet/22683645,1,0,0,0,1,84.4,Wetland,3,1,Carnivore,Aquatic predator,Insessorial,23875911.23,,,Least Concern,70,82,4,66,16,4.15308805098431,15.6465197378693
432,Half-collared Kingfisher,Alcedo semitorquata,396,avibase-F9F5CAB0,Half-collared Kingfisher,Alcedo semitorquata,9241,Alcedo semitorquata,hackin1,"Kingfishers",Coraciiformes,https://datazone.birdlife.org/species/factsheet/22683033,1,0,0,0,1,47.3,Wetland,2,1,Carnivore,Aquatic predator,Insessorial,3463736.2,,,Least Concern,4,0,4,0,0,3.8336673515449,0
433,Shining-blue Kingfisher,Alcedo quadribrachys,959,avibase-A376DE65,Shining-blue Kingfisher,Alcedo quadribrachys,9242,Alcedo quadribrachys,shbkin1,"Kingfishers",Coraciiformes,https://datazone.birdlife.org/species/factsheet/22683037,1,0,0,0,1,34.9,Wetland,2,1,Carnivore,Aquatic predator,Insessorial,4674328.28,,,Least Concern,1,0,1,0,0,0.953396142674805,0
434,Malachite Kingfisher,Alcedo cristata,397,avibase-7149F93D,Malachite Kingfisher,Corythornis cristatus,9225,Corythornis cristatus,malkin1,"Kingfishers",Coraciiformes,,1,0,0,0,1,15.7,Wetland,2,1,Carnivore,Aquatic predator,Insessorial,14363969.72,,,Not Evaluated,69,73,15,54,19,15.0335806500628,18.4537360630815
435,Pygmy Kingfisher,Ispidina picta,398,avibase-C0998BB9,African Pygmy Kingfisher,Ispidina picta,9210,Ispidina picta,afpkin1,"Kingfishers",Coraciiformes,https://datazone.birdlife.org/species/factsheet/22683165,1,0,0,0,1,12.7,Forest,1,1,Carnivore,Invertivore,Insessorial,13894765.2,,,Least Concern,61,68,13,48,20,13.0522852242949,19.4153444262768
436,Chestnut-bellied Kingfisher,Halcyon leucocephala,401,avibase-178B6892,Grey-headed Kingfisher,Halcyon leucocephala,9403,Halcyon leucocephala,gyhkin1,"Kingfishers",Coraciiformes,https://datazone.birdlife.org/species/factsheet/22683255,1,0,0,0,1,41.8,Shrubland,2,2,Carnivore,Invertivore,Insessorial,14797715.21,,,Least Concern,90,92,8,82,10,8.05260224511377,9.75035041944526
437,Brown-hooded Kingfisher,Halcyon albiventris,402,avibase-C5D3CB2A,Brown-hooded Kingfisher,Halcyon albiventris,9398,Halcyon albiventris,brhkin1,"Kingfishers",Coraciiformes,https://datazone.birdlife.org/species/factsheet/22683273,1,0,0,0,1,65.1,Shrubland,2,1,Carnivore,Invertivore,Insessorial,3765344.98,"This species is prone to misidentification and its maps might be affected by error.",,Least Concern,37,32,10,27,5,9.95983694123602,4.84742228405644
438,Striped Kingfisher,Halcyon chelicuti,403,avibase-AB51824B,Striped Kingfisher,Halcyon chelicuti,9395,Halcyon chelicuti,strkin1,"Kingfishers",Coraciiformes,https://datazone.birdlife.org/species/factsheet/22683278,1,0,0,0,1,43.2,Shrubland,2,1,Carnivore,Invertivore,Insessorial,13120453.97,,,Least Concern,73,69,13,60,9,12.8735792400211,8.58719143288438
439,Woodland Kingfisher,Halcyon senegalensis,399,avibase-47E71671,Woodland Kingfisher,Halcyon senegalensis,9391,Halcyon senegalensis,wookin1,"Kingfishers",Coraciiformes,https://datazone.birdlife.org/species/factsheet/22683260,1,0,0,0,1,73.4,Woodland,2,1,Carnivore,Invertivore,Insessorial,14752529.26,,,Least Concern,26,33,4,22,11,3.85757007007958,10.5878504899805
440,Mangrove Kingfisher,Halcyon senegaloides,400,avibase-1F360691,Mangrove Kingfisher,Halcyon senegaloides,9390,Halcyon senegaloides,mankin2,"Kingfishers",Coraciiformes,https://datazone.birdlife.org/species/factsheet/22683265,1,0,1,0,1,61.8,Wetland,2,2,Carnivore,Aquatic predator,Insessorial,193724.21,,,Least Concern,11,13,1,10,3,1.02322061093087,2.88496074743524
441,White-fronted Bee-eater,Merops bullockoides,409,avibase-38507A80,White-fronted Bee-eater,Merops bullockoides,9078,Merops bullockoides,wfbeat1,"Bee-eaters",Coraciiformes,https://datazone.birdlife.org/species/factsheet/22683684,1,0,0,0,0,34.8,Woodland,2,1,Carnivore,Invertivore,Insessorial,5313566.69,,,Least Concern,24,35,4,20,15,4.0182071185306,14.2405244473845
442,Little Bee-eater,Merops pusillus,410,avibase-C0A68CA0,Little Bee-eater,Merops pusillus,9093,Merops pusillus,libeat1,"Bee-eaters",Coraciiformes,https://datazone.birdlife.org/species/factsheet/22683688,1,0,0,0,0,15.1,Grassland,2,1,Carnivore,Invertivore,Insessorial,14410773.71,,,Least Concern,91,100,5,86,14,4.93510367680191,13.7756178802191
443,Blue-breasted Bee-eater,Merops variegatus,1584,avibase-A90C512F,Blue-breasted Bee-eater,Merops variegatus,9089,Merops variegatus,bbbeat2,"Bee-eaters",Coraciiformes,https://datazone.birdlife.org/species/factsheet/61627052,1,0,0,0,0,22.5,Wetland,3,1,Carnivore,Invertivore,Insessorial,3491407.89,,,Least Concern,3,3,1,2,1,0.972712084595792,0.953396142674805
444,Cinnamon-chested Bee-eater,Merops oreobates,1578,avibase-B85B93BB,Cinnamon-chested Bee-eater,Merops oreobates,9105,Merops oreobates,ccbeat1,"Bee-eaters",Coraciiformes,https://datazone.birdlife.org/species/factsheet/22683697,1,0,0,0,0,24,Woodland,3,1,Carnivore,Invertivore,Insessorial,360934.32,"This map might contains errors",,Least Concern,39,57,4,35,22,3.85393709091215,21.301834436556
445,Swallow-tailed Bee-eater,Merops hirundineus,411,avibase-910E6D86,Swallow-tailed Bee-eater,Merops hirundineus,9099,Merops hirundineus,stbeat1,"Bee-eaters",Coraciiformes,https://datazone.birdlife.org/species/factsheet/22683702,1,0,0,0,0,21.7,Shrubland,2,1,Carnivore,Invertivore,Insessorial,8552948.69,"Species not recorded during both the old and new atlas, but recorded in Kenya.",,Least Concern,0,0,0,0,0,0,0
446,Madagascar Bee-eater,Merops superciliosus,406,avibase-AC89B8FF,Olive Bee-eater,Merops superciliosus,9131,Merops superciliosus,mabeat1,"Bee-eaters",Coraciiformes,https://datazone.birdlife.org/species/factsheet/22683744,1,0,0,0,0,38.5,Shrubland,2,2,Carnivore,Invertivore,Generalist,4269964.77,,,Least Concern,43,46,12,31,15,12.1927443988299,14.5003847737758
447,Blue-cheeked Bee-eater,Merops persicus,405,avibase-6EE45113,Blue-cheeked Bee-eater,Merops persicus,9134,Merops persicus,bcbeat1,"Bee-eaters",Coraciiformes,https://datazone.birdlife.org/species/factsheet/22683740,1,0,0,1,0,49.3,Desert,3,3,Carnivore,Invertivore,Insessorial,3658429.52,,,Least Concern,43,56,12,31,25,12.0720245292801,24.1403941203861
448,Eurasian Bee-eater,Merops apiaster,404,avibase-66AA3934,European Bee-eater,Merops apiaster,9128,Merops apiaster,eubeat1,"Bee-eaters",Coraciiformes,https://datazone.birdlife.org/species/factsheet/22683756,1,0,0,1,0,56.6,Woodland,2,3,Carnivore,Invertivore,Insessorial,11028502.02,,,Least Concern,84,88,8,76,12,7.9249818006021,12.0731040853089
449,Blue-headed Bee-eater,Merops muelleri,1574,avibase-72CAA64D,Blue-headed Bee-eater,Merops muelleri,9087,Merops muelleri,bhbeat2,"Bee-eaters",Coraciiformes,https://datazone.birdlife.org/species/factsheet/22736507,1,0,0,0,0,22.5,Forest,1,1,Carnivore,Invertivore,Insessorial,1597560.38,,,Least Concern,2,2,0,2,0,0,0
450,White-throated Bee-eater,Merops albicollis,1034,avibase-03C4A0C9,White-throated Bee-eater,Merops albicollis,9106,Merops albicollis,wtbeat1,"Bee-eaters",Coraciiformes,https://datazone.birdlife.org/species/factsheet/22683714,1,0,1,0,0,25.9,Grassland,3,2,Carnivore,Invertivore,Insessorial,1564871.29,,,Least Concern,75,90,10,65,25,10.1780002378976,24.1965661098345
451,Somali Bee-eater,Merops revoilii,1582,avibase-AFA39D5A,Somali Bee-eater,Merops revoilii,9082,Merops revoilii,sobeat1,"Bee-eaters",Coraciiformes,https://datazone.birdlife.org/species/factsheet/22683710,1,0,0,0,0,12.9,Shrubland,2,1,Carnivore,Invertivore,Insessorial,958341.75,,,Least Concern,33,30,9,24,6,9.04311998759011,5.61052118511867
452,Carmine Bee-eater,Merops nubicus,1576,avibase-2125426A,Northern Carmine Bee-eater,Merops nubicus,9108,Merops nubicus,ncbeat1,"Bee-eaters",Coraciiformes,https://datazone.birdlife.org/species/factsheet/22683768,1,0,1,0,0,42.4,Grassland,2,2,Carnivore,Invertivore,Insessorial,6717055.8,,,Least Concern,41,47,10,31,16,9.93281173076883,15.498021821958
453,Abyssinian Roller,Coracias abyssinica,1530,avibase-E7C7EE3A,Abyssinian Roller,Coracias abyssinicus,9064,Coracias abyssinicus,abyrol2,"Rollers",Coraciiformes,https://datazone.birdlife.org/species/factsheet/22682865,1,0,0,0,0,102,Shrubland,2,1,Carnivore,Invertivore,Insessorial,7043827.44,,,Least Concern,19,14,13,6,8,12.6158510539653,7.79273641881894
454,Eurasian Roller,Coracias garrulus,412,avibase-7451A628,European Roller,Coracias garrulus,9065,Coracias garrulus,eurrol1,"Rollers",Coraciiformes,https://datazone.birdlife.org/species/factsheet/22682860,1,0,0,1,0,146,Woodland,2,3,Carnivore,Invertivore,Insessorial,9539437.58,,,Least Concern,85,76,24,61,15,24.2986164400811,14.5765068407052
455,Lilac-breasted Roller,Coracias caudata,413,avibase-9E9B6EF9,Lilac-breasted Roller,Coracias caudatus,9061,Coracias caudatus,librol2,"Rollers",Coraciiformes,https://datazone.birdlife.org/species/factsheet/22682874,1,0,0,0,0,110,Shrubland,2,2,Carnivore,Omnivore,Insessorial,8821260.61,,,Least Concern,89,99,7,82,17,7.04305702430473,16.3917440678617
456,Rufous-crowned Roller,Coracias naevia,415,avibase-2624054E,Purple Roller,Coracias naevius,9053,Coracias naevius,rucrol2,"Rollers",Coraciiformes,https://datazone.birdlife.org/species/factsheet/22682892,1,0,0,0,0,168,Shrubland,2,1,Carnivore,Invertivore,Insessorial,9355490.24,,,Least Concern,80,67,24,56,11,24.3067599431805,10.7390391484732
457,Broad-billed Roller,Eurystomus glaucurus,416,avibase-4F01F416,Broad-billed Roller,Eurystomus glaucurus,9033,Eurystomus glaucurus,brbrol1,"Rollers",Coraciiformes,https://datazone.birdlife.org/species/factsheet/22682912,1,0,1,0,0,110,Forest,2,1,Carnivore,Invertivore,Generalist,13880859.89,,,Least Concern,57,57,13,44,13,12.929145063316,12.8315039208823
458,Hoopoe,Upupa epops,1512,avibase-FA2F9125,Common Hoopoe,Upupa epops,8861,Upupa epops,hoopoe,"Hoopoes",Bucerotiformes,https://datazone.birdlife.org/species/factsheet/22682655,1,0,0,0,0,66.9,Grassland,3,3,Carnivore,Invertivore,Terrestrial,46881685.44,,,Least Concern,92,87,18,74,13,18.1778717780295,12.6081198417369
459,Green Wood Hoopoe,Phoeniculus purpureus,0,avibase-A86DA27F,Green/Black-billed Wood Hoopoe,Phoeniculus sp.,8889,Phoeniculus purpureus|Phoeniculus somaliensis,grewoo2|blbwoo2,"Wood Hoopoes and Scimitarbills",Bucerotiformes,,2,0,0,0,0,73.2,Woodland,2,1,Carnivore,Invertivore,Insessorial,12280558.03,,"Historical lump of 2 species, treated as one taxon (Phoeniculus purpureus) in the 1970-1984 atlas: Green Woodhoopoe (Phoeniculus purpureus, 4979 Kenyan eBird records 2009-2023); Black-billed Woodhoopoe (Phoeniculus somaliensis, 25 Kenyan eBird records 2009-2023). At least one member was already a distinct, field-separable species during the atlas era; old-atlas records for this concept may include unseparated or misidentified individuals of either.",Least Concern,81,88,10,71,17,10.0831866154068,16.7777958379392
460,Violet Wood Hoopoe,Phoeniculus granti,420,avibase-76FAC9A5,Violet Wood Hoopoe,Phoeniculus damarensis,8896,Phoeniculus damarensis,viowoo1,"Wood Hoopoes and Scimitarbills",Bucerotiformes,https://datazone.birdlife.org/species/factsheet/22682673,1,0,0,0,0,81.8,Shrubland,2,1,Carnivore,Invertivore,Insessorial,823036.02,"This species is prone to misidentification and its maps might be affected by error.","CJ: this pattern is surely a factor of a change in the ability to ID these? OR are they being wrongly identified today??",Least Concern,20,30,9,11,19,9.06185106516388,18.2107603131409
461,White-headed Wood Hoopoe,Phoeniculus bollei,1516,avibase-D1FFB474,White-headed Wood Hoopoe,Phoeniculus bollei,8903,Phoeniculus bollei,whhwoo1,"Wood Hoopoes and Scimitarbills",Bucerotiformes,https://datazone.birdlife.org/species/factsheet/22682684,1,0,0,0,0,54.6,Forest,1,1,Carnivore,Invertivore,Insessorial,1291286.11,,,Least Concern,23,21,5,18,3,4.98375271736766,2.81758483932072
462,Scimitarbill,Phoeniculus cyanomelas,421,avibase-B0DD1318,Common Scimitarbill,Rhinopomastus cyanomelas,8882,Rhinopomastus cyanomelas,cosbil1,"Wood Hoopoes and Scimitarbills",Bucerotiformes,https://datazone.birdlife.org/species/factsheet/22682704,1,0,0,0,0,27.1,Grassland,2,1,Carnivore,Invertivore,Insessorial,6396418.32,,,Least Concern,62,63,16,46,17,15.7618535370432,16.489311290372
463,Abyssinian Scimitarbill,Phoeniculus minor,1526,avibase-46847C50,Abyssinian Scimitarbill,Rhinopomastus minor,8885,Rhinopomastus minor,absbil1,"Wood Hoopoes and Scimitarbills",Bucerotiformes,https://datazone.birdlife.org/species/factsheet/22682710,1,0,0,0,0,21.7,Woodland,3,1,Carnivore,Invertivore,Insessorial,2064431.67,,,Least Concern,75,76,15,60,16,15.2381307023948,15.5998434163102
464,Black-and-white-casqued Hornbill,Bycanistes subcylindricus,1484,avibase-02428AC1,Black-and-white-casqued Hornbill,Bycanistes subcylindricus,8951,Bycanistes subcylindricus,bawhor2,"Hornbills",Bucerotiformes,https://datazone.birdlife.org/species/factsheet/22682577,1,0,0,0,0,1195.4,Forest,2,1,Herbivore,Frugivore,Insessorial,1147243.51,,,Least Concern,17,18,1,16,2,0.972712084595792,1.85041425824546
465,Silvery-cheeked Hornbill,Bycanistes brevis,423,avibase-5350D0E8,Silvery-cheeked Hornbill,Bycanistes brevis,8950,Bycanistes brevis,sichor1,"Hornbills",Bucerotiformes,https://datazone.birdlife.org/species/factsheet/22682570,1,0,0,0,0,1232.8,Forest,1,1,Herbivore,Frugivore,Insessorial,834397.49,,,Least Concern,28,31,7,21,10,6.64447708242426,9.69110103970232
466,Trumpeter Hornbill,Bycanistes bucinator,422,avibase-3A4D2B44,Trumpeter Hornbill,Bycanistes bucinator,8956,Bycanistes bucinator,truhor1,"Hornbills",Bucerotiformes,https://datazone.birdlife.org/species/factsheet/22682548,1,0,0,0,0,639.4,Forest,2,1,Herbivore,Frugivore,Insessorial,4073212.84,,,Least Concern,21,25,3,18,7,2.97311504370715,6.70762151293082
467,Ground Hornbill,Bucorvus cafer,430,avibase-4192DE77,Southern Ground Hornbill,Bucorvus leadbeateri,8910,Bucorvus leadbeateri,soghor1,"Hornbills",Bucerotiformes,https://datazone.birdlife.org/species/factsheet/22682638,1,0,0,0,0,3743.6,Grassland,3,1,Carnivore,Omnivore,Terrestrial,4867849.88,,,Vulnerable,45,27,23,22,5,22.5242532682895,4.85473776029812
468,Abyssinian Ground Hornbill,Bucorvus abyssinicus,1510,avibase-948ED65C,Abyssinian Ground Hornbill,Bucorvus abyssinicus,8909,Bucorvus abyssinicus,noghor1,"Hornbills",Bucerotiformes,https://datazone.birdlife.org/species/factsheet/22682632,1,0,0,0,0,4000,Grassland,3,1,Carnivore,Omnivore,Terrestrial,4482170.58,,,Vulnerable,10,7,9,1,6,8.91818812687064,5.88217405132669
469,Yellow-billed Hornbill,Tockus flavirostris,1494,avibase-3BCD9CB0,Eastern Yellow-billed Hornbill,Tockus flavirostris,8925,Tockus flavirostris,eybhor1,"Hornbills",Bucerotiformes,https://datazone.birdlife.org/species/factsheet/22682379,1,0,0,0,0,216.7,Woodland,3,1,Carnivore,Invertivore,Terrestrial,1449740.43,"There is likely an error of identification or taxnomy with the old atlas data",,Least Concern,61,57,18,43,14,17.9497909726593,13.5178455126863
470,Von Der Decken's Hornbill,Tockus deckeni,1490,avibase-DE36D3BD,Von der Decken's Hornbill,Tockus deckeni,8930,Tockus deckeni,vddhor1,"Hornbills",Bucerotiformes,https://datazone.birdlife.org/species/factsheet/22682392,1,0,0,0,0,167.7,Grassland,3,1,Carnivore,Invertivore,Terrestrial,1628868.18,,,Least Concern,78,82,11,67,15,11.193302719826,14.6045432477696
471,Jackson's Hornbill,Tockus jacksoni,1500,avibase-427D7FD6,Jackson's Hornbill,Tockus jacksoni,8929,Tockus jacksoni,jachor1,"Hornbills",Bucerotiformes,https://datazone.birdlife.org/species/factsheet/22682388,1,0,0,0,0,167.7,Woodland,3,1,Carnivore,Invertivore,Terrestrial,112777.06,,,Least Concern,16,16,5,11,5,5.07392389216716,4.77878839096366
472,Red-billed Hornbill,Tockus erythrorhynchus,4129,avibase-AF75AC32,Northern Red-billed Hornbill,Tockus erythrorhynchus,8936,Tockus erythrorhynchus,rebhor1,"Hornbills",Bucerotiformes,,1,0,0,0,0,138.6,Woodland,3,1,Carnivore,Invertivore,Terrestrial,9150146.92,,,Not Evaluated,78,83,11,67,16,10.9427552733303,15.4169716905278
473,Hemprich's Hornbill,Tockus hemprichii,1498,avibase-6D72B23C,Hemprich's Hornbill,Lophoceros hemprichii,8917,Lophoceros hemprichii,hemhor1,"Hornbills",Bucerotiformes,https://datazone.birdlife.org/species/factsheet/22682409,1,0,0,0,0,297,Shrubland,2,1,Carnivore,Invertivore,Insessorial,546665.06,,,Least Concern,6,13,1,5,8,1.00046670778247,7.76201501636453
474,Crowned Hornbill,Tockus alboterminatus,427,avibase-1FDA0172,Crowned Hornbill,Lophoceros alboterminatus,8913,Lophoceros alboterminatus,crohor1,"Hornbills",Bucerotiformes,https://datazone.birdlife.org/species/factsheet/22682396,1,0,0,0,0,223.7,Forest,1,1,Omnivore,Omnivore,Insessorial,3002290.12,,,Least Concern,64,64,10,54,10,9.783354610399,9.69860063906188
475,Grey Hornbill,Tockus nasutus,424,avibase-0CCD664D,African Grey Hornbill,Lophoceros nasutus,8918,Lophoceros nasutus,afghor1,"Hornbills",Bucerotiformes,https://datazone.birdlife.org/species/factsheet/22682413,1,0,0,0,0,179.6,Shrubland,2,1,Carnivore,Invertivore,Insessorial,9830291.23,,,Least Concern,76,86,10,66,20,9.99209491264656,19.2101651059974
477,Double-toothed Barbet,Lybius bidentatus,1422,avibase-439FE608,Double-toothed Barbet,Pogonornis bidentatus,9970,Pogonornis bidentatus,dotbar1,"African Barbets",Piciformes,https://datazone.birdlife.org/species/factsheet/22681861,1,0,0,0,0,79.3,Forest,1,1,Omnivore,Frugivore,Insessorial,2585581.98,,,Least Concern,21,24,1,20,4,1.00409636289505,3.8617036784614
478,Brown-breasted Barbet,Lybius melanopterus,1050,avibase-724266B4,Brown-breasted Barbet,Pogonornis melanopterus,9966,Pogonornis melanopterus,brbbar1,"African Barbets",Piciformes,https://datazone.birdlife.org/species/factsheet/22681849,1,0,0,0,0,52.4,Forest,1,1,Omnivore,Omnivore,Insessorial,809569.53,,,Least Concern,14,16,2,12,4,1.97579520383155,3.80763283965252
479,White-headed Barbet,Lybius leucocephalus,960,avibase-BCA0F974,White-headed Barbet,Lybius leucocephalus,9985,Lybius leucocephalus,whhbar1,"African Barbets",Piciformes,,1,0,0,0,0,62.8,Woodland,2,1,Omnivore,Frugivore,Insessorial,1924719.61,,,Not Evaluated,44,49,10,34,15,9.99691983198587,14.6397451970356
480,Black-collared Barbet,Lybius torquatus,431,avibase-8C50CB2D,Black-collared Barbet,Lybius torquatus,9995,Lybius torquatus,blcbar1,"African Barbets",Piciformes,https://datazone.birdlife.org/species/factsheet/22681845,1,0,0,0,0,51.7,Grassland,2,1,Omnivore,Frugivore,Insessorial,4663900.43,,,Least Concern,11,7,5,6,1,4.9460743616631,1.04737065643645
481,Black-billed Barbet,Lybius guifsobalito,1428,avibase-0D419595,Black-billed Barbet,Lybius guifsobalito,9994,Lybius guifsobalito,blbbar3,"African Barbets",Piciformes,https://datazone.birdlife.org/species/factsheet/22681841,1,0,0,0,0,42.2,Woodland,2,1,Herbivore,Frugivore,Insessorial,1310708.12,,,Least Concern,11,14,2,9,5,1.95736332557602,4.78157724562782
482,Red-fronted Barbet,Tricholaema diadematus,1462,avibase-3E3AFB25,Red-fronted Barbet,Tricholaema diademata,9949,Tricholaema diademata,refbar2,"African Barbets",Piciformes,https://datazone.birdlife.org/species/factsheet/22681790,1,0,0,0,0,30.6,Forest,2,1,Herbivore,Frugivore,Insessorial,578757.82,,,Least Concern,46,61,7,39,22,7.00325688971158,21.5658071006183
483,Black-throated Barbet,Tricholaema melanocephala,1472,avibase-F03BE6C3,Black-throated Barbet,Tricholaema melanocephala,9960,Tricholaema melanocephala,bltbar1,"African Barbets",Piciformes,https://datazone.birdlife.org/species/factsheet/22681808,1,0,0,0,0,20.5,Shrubland,2,1,Omnivore,Invertivore,Insessorial,1969018.58,,,Least Concern,54,63,10,44,19,10.1332549460706,18.4261692619336
484,Spotted-flanked Barbet,Tricholaema lacrymosus,1470,avibase-F1CCA0AA,Spot-flanked Barbet,Tricholaema lacrymosa,9957,Tricholaema lacrymosa,spfbar1,"African Barbets",Piciformes,https://datazone.birdlife.org/species/factsheet/22681804,1,0,0,0,0,22.9,Forest,2,1,Herbivore,Frugivore,Insessorial,1269448.61,,,Least Concern,60,72,5,55,17,5.07062277192312,16.4140149752802
485,Hairy-breasted Barbet,Tricholaema hirsutus,1468,avibase-915DABE2,Hairy-breasted Barbet,Tricholaema hirsuta,9944,Tricholaema hirsuta,habbar1,"African Barbets",Piciformes,https://datazone.birdlife.org/species/factsheet/22681786,1,0,0,0,0,55.2,Forest,1,1,Omnivore,Frugivore,Insessorial,3734843.08,,,Least Concern,1,2,0,1,1,0,0.959026240201242
486,White-eared Barbet,Stactolaema leucotis,433,avibase-6C81D39B,White-eared Barbet,Stactolaema leucotis,9887,Stactolaema leucotis,whebar1,"African Barbets",Piciformes,,1,0,0,0,0,54.9,Forest,1,1,Omnivore,Frugivore,Insessorial,862758.91,,,Not Evaluated,7,10,1,6,4,0.919179037491431,3.75397639357258
487,Yellow-spotted Barbet,Buccanodon duchaillui,1414,avibase-56790B57,Yellow-spotted Barbet,Buccanodon duchaillui,9883,Buccanodon duchaillui,yesbar1,"African Barbets",Piciformes,,1,0,0,0,0,41.8,Forest,1,1,Herbivore,Frugivore,Insessorial,3427229.94,,,Not Evaluated,9,5,5,4,1,4.90121661793306,0.993721820563689
488,Green Barbet,Stactolaema olivaceum,435,avibase-4568986F,Green Barbet,Cryptolybia olivacea,9876,Cryptolybia olivacea,grebar2,"African Barbets",Piciformes,https://datazone.birdlife.org/species/factsheet/22681732,1,0,0,0,0,49.4,Forest,1,1,Omnivore,Frugivore,Insessorial,155265.95,,,Least Concern,7,5,2,5,0,1.95280978853981,0
489,Grey-throated Barbet,Gymnobucco bonapartei,1416,avibase-95054CA5,Grey-throated Barbet,Gymnobucco bonapartei,9903,Gymnobucco bonapartei,gytbar1,"African Barbets",Piciformes,,1,0,0,0,0,63,Forest,1,2,Omnivore,Frugivore,Insessorial,1792433.71,,,Not Evaluated,14,13,5,9,4,4.88123928982381,3.80076777267365
490,Speckled Tinkerbird,Pogoniulus scolopaceus,1446,avibase-EEA161A8,Speckled Tinkerbird,Pogoniulus scolopaceus,9913,Pogoniulus scolopaceus,spetin1,"African Barbets",Piciformes,https://datazone.birdlife.org/species/factsheet/22681736,1,0,0,0,0,14.1,Forest,1,1,Omnivore,Frugivore,Insessorial,3952077.92,,,Least Concern,1,0,1,0,0,0.953396142674805,0
491,Green Tinkerbird,Pogoniulus simplex,905,avibase-5238FF10,Green Tinkerbird,Pogoniulus simplex,9917,Pogoniulus simplex,gretin2,"African Barbets",Piciformes,https://datazone.birdlife.org/species/factsheet/22681754,1,0,0,0,0,8.8,Forest,1,1,Herbivore,Frugivore,Insessorial,516296.28,"This map might contains errors",,Least Concern,5,5,1,4,1,0.961849005680008,0.952503076056223
492,Moustached Green Tinkerbird,Pogoniulus leucomystax,1442,avibase-7BEB0003,Moustached Tinkerbird,Pogoniulus leucomystax,9918,Pogoniulus leucomystax,moutin1,"African Barbets",Piciformes,https://datazone.birdlife.org/species/factsheet/22681747,1,0,0,0,0,11.8,Forest,1,1,Omnivore,Frugivore,Insessorial,552561.75,,,Least Concern,19,28,4,15,13,3.8988868277765,12.5889834663906
493,Red-fronted Tinkerbird,Pogoniulus pusillus,436,avibase-E01F4BD7,Northern Red-fronted Tinkerbird,Pogoniulus uropygialis,9935,Pogoniulus uropygialis,reftin1,"African Barbets",Piciformes,,1,0,0,0,0,9.6,Shrubland,2,1,Omnivore,Frugivore,Insessorial,2446279.62,,,Not Evaluated,75,93,2,73,20,2.09526023752014,19.5988586607305
494,Yellow-fronted Tinkerbird,Pogoniulus chrysoconus,437,avibase-2F467821,Yellow-fronted Tinkerbird,Pogoniulus chrysoconus,9939,Pogoniulus chrysoconus,yeftin1,"African Barbets",Piciformes,https://datazone.birdlife.org/species/factsheet/22681774,1,0,0,0,0,10.8,Woodland,2,1,Omnivore,Frugivore,Insessorial,10202745.34,"This map might contains errors",,Least Concern,6,9,0,6,3,0,2.8963058856393
495,Yellow-rumped Tinkerbird,Pogoniulus bilineatus,438,avibase-7749C92B,Yellow-rumped Tinkerbird,Pogoniulus bilineatus,9928,Pogoniulus bilineatus,yertin1,"African Barbets",Piciformes,https://datazone.birdlife.org/species/factsheet/22731992,1,0,0,0,0,13.1,Forest,1,1,Herbivore,Frugivore,Insessorial,7153853.6,,,Least Concern,49,64,6,43,21,6.1500861101464,20.2513418813209
496,Yellow-billed Barbet,Trachylaemus purpuratus,1458,avibase-548EE951,Western Yellow-billed Barbet,Trachylaemus goffinii,9856,Trachylaemus goffinii,yebbar1,"African Barbets",Piciformes,,1,0,0,0,0,76.1,Forest,1,1,Carnivore,Invertivore,Insessorial,454445.83,,,Not Evaluated,11,13,4,7,6,3.83607965261956,5.87477079826641
497,d'Arnaud's Barbet,Trachyphonus darnaudii,1452,avibase-1953C1D6,D'Arnaud's Barbet,Trachyphonus darnaudii,9870,Trachyphonus darnaudii,darbar1,"African Barbets",Piciformes,,1,0,0,0,0,35.8,Grassland,2,1,Herbivore,Omnivore,Insessorial,1278810.54,"Records in the old atlas of d'Arnaud's and Usambiro Barbet are lumped",,Not Evaluated,80,90,10,70,20,10.044333677728,19.2585074941939
499,Red-and-yellow Barbet,Trachyphonus erythrocephalus,1454,avibase-570C1121,Red-and-yellow Barbet,Trachyphonus erythrocephalus,9863,Trachyphonus erythrocephalus,raybar1,"African Barbets",Piciformes,https://datazone.birdlife.org/species/factsheet/22681889,1,0,0,0,0,63.5,Shrubland,2,1,Omnivore,Omnivore,Terrestrial,1574108.27,,,Least Concern,67,78,10,57,21,10.241967447946,20.5270217134054
500,Black-throated Honeguide,Indicator indicator,440,avibase-862749B0,Greater Honeyguide,Indicator indicator,10204,Indicator indicator,grehon2,"Honeyguides",Piciformes,https://datazone.birdlife.org/species/factsheet/22680616,1,0,0,0,0,50.4,Shrubland,2,1,Carnivore,Invertivore,Insessorial,11206655.87,,,Least Concern,67,91,3,64,27,3.0489204550911,26.4769001428699
501,Lesser Honeyguide,Indicator minor,0,avibase-50F3668C,Lesser Honeyguide,Indicator minor,10187,Indicator minor,y00400,"Honeyguides",Piciformes,https://datazone.birdlife.org/species/factsheet/22680623,1,0,0,0,0,28.2,Woodland,2,1,Carnivore,Invertivore,Insessorial,13121952.74,"Records in the old atlas of Lesser and Thick-billed Honeyguide are lumped.",,Least Concern,62,89,2,60,29,2.13212900090696,28.4048131771325
503,Scaly-throated Honeyguide,Indicator variegatus,441,avibase-7EF4C99C,Scaly-throated Honeyguide,Indicator variegatus,10199,Indicator variegatus,scthon1,"Honeyguides",Piciformes,https://datazone.birdlife.org/species/factsheet/22680612,1,0,0,0,0,48.8,Woodland,2,1,Carnivore,Invertivore,Insessorial,3473509.99,,,Least Concern,39,58,7,32,26,6.77622204724653,25.2448019715388
504,Least Honeyguide,Indicator exilis,1132,avibase-BFF3AA65,Least Honeyguide,Indicator exilis,10183,Indicator exilis,leahon2,"Honeyguides",Piciformes,https://datazone.birdlife.org/species/factsheet/22680638,1,0,0,0,0,17.9,Forest,1,1,Carnivore,Invertivore,Insessorial,4132641.71,"This species is prone to misidentification and its maps might be affected by error.",,Least Concern,5,8,2,3,5,1.98874375228305,4.85884890788462
505,Pallid Honeyguide,Indicator meliphilus,906,avibase-5B74A911,Pallid Honeyguide,Indicator meliphilus,10180,Indicator meliphilus,palhon1,"Honeyguides",Piciformes,https://datazone.birdlife.org/species/factsheet/22680647,1,0,0,0,0,14,Woodland,2,1,Carnivore,Invertivore,Insessorial,1489690.4,"Records in the old atlas of Pallid and Kilimanjaro Honeyguide are lumped. This species is prone to misidentification and its maps might be affected by error.",,Least Concern,6,36,1,5,31,0.966722518725308,29.9126252215675
507,Cassin's Honeybird,Prodotiscus insignis,1364,avibase-7884F0D6,Cassin's Honeybird,Prodotiscus insignis,10159,Prodotiscus insignis,cashon1,"Honeyguides",Piciformes,https://datazone.birdlife.org/species/factsheet/22680667,1,0,0,0,0,10.4,Forest,1,1,Carnivore,Invertivore,Insessorial,2908784.71,"This species is prone to misidentification and its maps might be affected by error.",,Least Concern,4,2,3,1,1,2.96941784269042,0.959026240201242
508,Eastern Honeybird,Prodotiscus zambesiae,444,avibase-B20CDCE3,Green-backed Honeybird,Prodotiscus zambesiae,10162,Prodotiscus zambesiae,grbhon2,"Honeyguides",Piciformes,https://datazone.birdlife.org/species/factsheet/22680672,1,0,0,0,0,10.2,Forest,2,1,Carnivore,Invertivore,Insessorial,3997564.3,,,Least Concern,7,19,2,5,14,1.83716801223582,13.5065066319954
509,Wahlberg's Honeybird,Prodotiscus regulus,443,avibase-8DB3F1A2,Brown-backed Honeybird,Prodotiscus regulus,10166,Prodotiscus regulus,wahhon1,"Honeyguides",Piciformes,https://datazone.birdlife.org/species/factsheet/22680677,1,0,0,0,0,14.1,Woodland,2,1,Carnivore,Invertivore,Insessorial,3186750.81,,,Least Concern,15,34,5,10,24,5.10032019577554,22.9542754207087
510,Red-throated Wryneck,Jynx ruficollis,453,avibase-93EC5E12,Red-throated Wryneck,Jynx ruficollis,10207,Jynx ruficollis,runwry1,"Woodpeckers",Piciformes,https://datazone.birdlife.org/species/factsheet/22680689,1,0,0,0,0,46.4,Woodland,2,1,Carnivore,Invertivore,Insessorial,1609043.05,,,Least Concern,25,30,5,20,10,5.08495265341609,9.82463591767022
511,Eurasian Wryneck,Jynx torquilla,1402,avibase-B2E6AB9F,Eurasian Wryneck,Jynx torquilla,10211,Jynx torquilla,eurwry,"Woodpeckers",Piciformes,https://datazone.birdlife.org/species/factsheet/22680683,1,0,0,1,0,35,Woodland,1,3,Carnivore,Invertivore,Terrestrial,17649135.86,,,Least Concern,4,10,4,0,10,3.86552312647265,9.62424591979867
512,Nubian Woodpecker,Campethera nubica,1372,avibase-70170649,Nubian Woodpecker,Campethera nubica,10459,Campethera nubica,nubwoo1,"Woodpeckers",Piciformes,https://datazone.birdlife.org/species/factsheet/22680887,1,0,0,0,0,59.7,Shrubland,2,1,Carnivore,Invertivore,Insessorial,3241336.04,,,Least Concern,89,114,3,86,28,3.09554256294812,27.3766866445975
513,Golden-tailed Woodpecker,Campethera abingoni,0,avibase-69B835E2,Golden-tailed/Mombasa Woodpecker,Campethera sp.,10470,Campethera abingoni|Campethera mombassica,gotwoo1|momwoo1,"Woodpeckers",Piciformes,,2,0,0,0,0,67.5,Shrubland,2,1,Carnivore,Invertivore,Insessorial,6437199.24,,"Historical lump of 2 species, treated as one taxon (Campethera abingoni) in the 1970-1984 atlas: Golden-tailed Woodpecker (Campethera abingoni, 162 Kenyan eBird records 2009-2023); Mombasa Woodpecker (Campethera mombassica, 655 Kenyan eBird records 2009-2023). At least one member was already a distinct, field-separable species during the atlas era; old-atlas records for this concept may include unseparated or misidentified individuals of either.",Least Concern,13,17,2,11,6,2.01084651431316,5.62896209923218
514,Little Spotted Woodpecker,Campethera cailliautii,449,avibase-BD7C4F70,Green-backed Woodpecker,Campethera maculosa,10453,Campethera maculosa,grbwoo2,"Woodpeckers",Piciformes,,1,0,0,0,0,41.1,Forest,2,1,Carnivore,Invertivore,Insessorial,3823971.24,,,Not Evaluated,16,12,5,11,1,4.86057072553875,0.947805722007291
515,Fine-banded Woodpecker,Campethera tullbergi,1376,avibase-D0A5FADB,Fine-banded Woodpecker,Campethera taeniolaema,10450,Campethera taeniolaema,tulwoo3,"Woodpeckers",Piciformes,https://datazone.birdlife.org/species/factsheet/22726358,1,0,0,0,0,50.5,Forest,1,1,Carnivore,Invertivore,Insessorial,62707.5,,,Least Concern,20,21,5,15,6,4.97729554054131,5.74889450547494
516,Buff-spotted Woodpecker,Campethera nivosa,1188,avibase-02E56D98,Buff-spotted Woodpecker,Pardipicus nivosus,10442,Pardipicus nivosus,buswoo1,"Woodpeckers",Piciformes,https://datazone.birdlife.org/species/factsheet/22680937,1,0,0,0,0,37.8,Forest,1,1,Carnivore,Invertivore,Insessorial,3825842.41,,,Least Concern,2,3,1,1,2,0.99040666690827,1.96296228457134
517,Brown-eared Woodpecker,Campethera caroli,1368,avibase-01C9752D,Brown-eared Woodpecker,Pardipicus caroli,10439,Pardipicus caroli,brewoo1,"Woodpeckers",Piciformes,https://datazone.birdlife.org/species/factsheet/22680941,1,0,0,0,0,44.2,Forest,1,1,Carnivore,Invertivore,Insessorial,3849726.47,,,Least Concern,3,2,2,1,1,1.97386903187446,0.959026240201242
518,Uganda Spotted Woodpecker,Denropicos poecilolaemus,1394,avibase-739A97EE,Speckle-breasted Woodpecker,Dendropicos poecilolaemus,10883,Dendropicos poecilolaemus,spbwoo2,"Woodpeckers",Piciformes,https://datazone.birdlife.org/species/factsheet/22680954,1,0,0,0,0,28.1,Forest,2,1,Carnivore,Invertivore,Insessorial,723686.32,,,Least Concern,9,4,6,3,1,5.86421489228916,0.977637739136406
519,Cardinal Woodpecker,Denropicos fuscescens,450,avibase-0A241B83,Cardinal Woodpecker,Dendropicos fuscescens,10884,Dendropicos fuscescens,carwoo1,"Woodpeckers",Piciformes,https://datazone.birdlife.org/species/factsheet/22680963,1,0,0,0,0,26,Shrubland,2,1,Carnivore,Invertivore,Insessorial,12708768.94,,,Least Concern,97,95,14,83,12,14.0537023288735,11.5372409812525
520,Bearded Woodpecker,Thripias namaquus,451,avibase-77D82F60,Bearded Woodpecker,Chloropicus namaquus,10850,Chloropicus namaquus,beawoo1,"Woodpeckers",Piciformes,https://datazone.birdlife.org/species/factsheet/22680982,1,0,0,0,0,81.5,Shrubland,2,1,Carnivore,Invertivore,Insessorial,7980417.7,,,Least Concern,59,58,13,46,12,13.0829651804899,11.6799824144846
521,Yellow-crested Woodpecker,Mesopicos xantholophus,1400,avibase-2700C97D,Yellow-crested Woodpecker,Chloropicus xantholophus,10849,Chloropicus xantholophus,gocwoo3,"Woodpeckers",Piciformes,https://datazone.birdlife.org/species/factsheet/22680996,1,0,0,0,0,81.5,Forest,1,1,Carnivore,Invertivore,Insessorial,2751221.14,,,Least Concern,3,2,1,2,0,0.983462364966188,0
522,Grey Woodpecker,Mesopicos goertae,1392,avibase-178B3896,African/Eastern Grey Woodpecker,Dendropicos sp.,10861,Dendropicos goertae|Dendropicos spodocephalus,grywoo1|gyhwoo1,"Woodpeckers",Piciformes,,2,0,0,0,0,44.5,Woodland,2,1,Carnivore,Invertivore,Insessorial,7460292.4,,"Historical lump of 2 species, treated as one taxon (Mesopicos goertae) in the 1970-1984 atlas: African Gray Woodpecker (Dendropicos goertae, 517 Kenyan eBird records 2009-2023); Mountain Gray Woodpecker (Dendropicos spodocephalus, 3755 Kenyan eBird records 2009-2023). At least one member was already a distinct, field-separable species during the atlas era; old-atlas records for this concept may include unseparated or misidentified individuals of either. avibase_id is Avibase's own sensu lato concept for Mesopicos goertae, confirmed to include both members.",Least Concern,48,49,6,42,7,5.98300685392362,6.63680743729204
523,Brown-backed Woodpecker,Picoides obsoletus,1410,avibase-9FF4EDB5,Brown-backed Woodpecker,Dendropicos obsoletus,10856,Dendropicos obsoletus,brbwoo1,"Woodpeckers",Piciformes,https://datazone.birdlife.org/species/factsheet/22681030,1,0,0,0,0,21.4,Woodland,2,1,Carnivore,Invertivore,Insessorial,5967593.22,,,Least Concern,12,19,1,11,8,1.01795316844552,7.75706834011827
524,African Broadbill,Smithornis capensis,454,avibase-9EE216F9,African Broadbill,Smithornis capensis,12395,Smithornis capensis,afrbro1,"African and Green Broadbills",Passeriformes,https://datazone.birdlife.org/species/factsheet/22698707,1,0,0,0,0,23.2,Forest,2,1,Carnivore,Invertivore,Insessorial,3751914,,,Least Concern,7,4,3,4,0,2.85896940521112,0
525,African Pitta,Pitta angolensis,455,avibase-373286B2,African Pitta,Pitta angolensis,12487,Pitta angolensis,afrpit1,"Pittas",Passeriformes,https://datazone.birdlife.org/species/factsheet/22698671,1,0,1,0,0,62.7,Forest,1,2,Carnivore,Invertivore,Terrestrial,1147347.7,,,Least Concern,6,3,6,0,3,5.66201095931706,2.91658884814112
526,Fawn-coloured Lark,Mirafra africanoides,459,avibase-A990EB0B,Fawn-colored Lark,Calendulauda africanoides,21118,Calendulauda africanoides,faclar8,"Larks",Passeriformes,https://datazone.birdlife.org/species/factsheet/200369092,1,0,0,0,0,24,Grassland,2,1,Omnivore,Omnivore,Terrestrial,781225.54,,,Least Concern,29,44,7,22,22,7.00860952785422,21.1485943177447
527,Singing Bush Lark,Mirafra cantillans,3534,avibase-5BFC242D,Singing Bush Lark,Mirafra javanica,21154,Mirafra javanica,sinbus6,"Larks",Passeriformes,https://datazone.birdlife.org/species/factsheet/103765775,1,0,0,0,0,23,Grassland,3,1,Omnivore,Omnivore,Terrestrial,11569436.06,"This species is prone to misidentification and its maps might be affected by error.",,Least Concern,29,31,11,18,13,10.8303386838204,12.5027205661001
528,Northern White-tailed Bush Lark,Mirafra albicauda,3528,avibase-E32DAEE2,Melodious/White-tailed Lark,Mirafra sp.,21152,Mirafra cheniana|Mirafra albicauda,latlar1|whtlar1,"Larks",Passeriformes,,2,0,0,0,0,22.2,Grassland,3,1,Omnivore,Omnivore,Terrestrial,516863.45,,"Not an atlas-era field lump: 1970-1984 surveyors knew only White-tailed Lark (Mirafra albicauda, 146 Kenyan eBird records 2009-2023) here. A disjunct resident population of Melodious Lark (Mirafra cheniana, 199 Kenyan eBird records 2009-2023) - previously known no closer than central Zimbabwe, ~2000 km south - was confirmed present in southern Kenya/northern Tanzania by mtDNA and song (Cohen et al. 2022, ""Disjunct resident population of Melodious Lark Mirafra cheniana discovered in East Africa,"" J. Ornithol. 164:55-71, doi:10.1007/s10336-022-02013-z). Melodious Lark's occurrence here was unknown until then, so old-atlas records for this concept may be either species. avibase_id points to Avibase's ""Mirafra sp."" genus spuh (avibase-E32DAEE2): neither species has its own combined-concept page, so this is the closest single link for the pair.",Least Concern,9,10,4,5,5,3.93423045186078,4.7264183336378
529,Flappet Lark,Mirafra rufocinnamomea,468,avibase-C49FA9A8,Flappet Lark,Amirafra rufocinnamomea,21177,Amirafra rufocinnamomea,flalar1,"Larks",Passeriformes,https://datazone.birdlife.org/species/factsheet/22717068,1,0,0,0,0,26.3,Woodland,2,1,Carnivore,Invertivore,Terrestrial,9716191.66,,,Least Concern,45,40,17,28,12,16.942059713121,11.4892637703669
530,Collared Lark,Mirafra collaris,3536,avibase-D0EAD8A3,Collared Lark,Amirafra collaris,21176,Amirafra collaris,collar1,"Larks",Passeriformes,https://datazone.birdlife.org/species/factsheet/22717076,1,0,0,0,0,29.2,Grassland,2,1,Omnivore,Invertivore,Terrestrial,319160.76,"This map might contains errors",,Least Concern,2,2,1,1,1,1.02322061093087,0.955521926965063
531,Rufous-naped Lark,Mirafra africana,458,avibase-4E923B31,Rufous-naped Lark,Corypha africana,21220,Corypha africana,runlar1,"Larks",Passeriformes,,1,0,0,0,0,45,Grassland,3,2,Omnivore,Invertivore,Terrestrial,5074225.03,,,Not Evaluated,38,47,8,30,17,7.91583383801522,16.4358602886928
532,Red-winged Bush Lark,Mirafra hypermetra,3546,avibase-5F213A7D,Red-winged Lark,Corypha hypermetra,21238,Corypha hypermetra,rewlar1,"Larks",Passeriformes,,1,0,0,0,0,61.4,Grassland,3,1,Omnivore,Invertivore,Terrestrial,451245.37,,,Not Evaluated,20,26,5,15,11,5.08698060199114,10.5755199942406
533,Pink-breasted Lark,Mirafra poecilosterna,3520,avibase-99F447AD,Pink-breasted Lark,Calendulauda poecilosterna,21117,Calendulauda poecilosterna,piblar3,"Larks",Passeriformes,https://datazone.birdlife.org/species/factsheet/22717112,1,0,0,0,0,24.7,Grassland,2,1,Carnivore,Invertivore,Terrestrial,703693.95,,,Least Concern,41,42,10,31,11,9.9606686060112,10.694642275053
534,Gillett's Lark,Mirafra gilletti,3542,avibase-A3E077E6,Gillett's Lark,Calendulauda gilletti,21113,Calendulauda gilletti,gillar1,"Larks",Passeriformes,https://datazone.birdlife.org/species/factsheet/22735646,1,0,0,0,0,22.4,Shrubland,2,1,Omnivore,Omnivore,Terrestrial,590017.04,"Species not recorded during both the old and new atlas, but recorded in Kenya.",,Least Concern,0,0,0,0,0,0,0
535,Williams' Bush Lark,Mirafra williamsi,3558,avibase-4E61514C,Williams's Lark,Mirafra williamsi,21150,Mirafra williamsi,willar1,"Larks",Passeriformes,https://datazone.birdlife.org/species/factsheet/22717028,1,1,0,0,0,29.2,Desert,2,1,Omnivore,Omnivore,Terrestrial,30949.62,,,Least Concern,2,2,1,1,1,1.03902627210716,0.955521926965063
536,Friedmann's Bush Lark,Mirafra pulpa,3552,avibase-F22CCF78,Friedmann's Lark,Mirafra pulpa,21151,Mirafra pulpa,frilar1,"Larks",Passeriformes,https://datazone.birdlife.org/species/factsheet/22717033,1,0,1,0,0,21.9,Grassland,3,3,Omnivore,Granivore,Terrestrial,42119.97,,,Data Deficient,6,9,2,4,5,2.03310610541341,4.80488664346518
538,Masked Lark,Calandrella personata,3568,avibase-419AEB97,Masked Lark,Spizocorys personata,21251,Spizocorys personata,maslar1,"Larks",Passeriformes,https://datazone.birdlife.org/species/factsheet/22717364,1,0,0,0,0,19.7,Grassland,3,1,Herbivore,Granivore,Terrestrial,73283.54,,,Least Concern,9,6,4,5,1,3.93064888135884,1.02984615716829
539,Short-toed Lark,Calandrella brachydactyla,3486,avibase-4091A51E,Greater Short-toed Lark,Calandrella brachydactyla,21408,Calandrella brachydactyla,gstlar1,"Larks",Passeriformes,https://datazone.birdlife.org/species/factsheet/103766207,1,0,0,0,0,21.1,Grassland,3,2,Omnivore,Omnivore,Terrestrial,9578341.98,"Species not recorded during both the old and new atlas, but recorded in Kenya.",,Least Concern,0,0,0,0,0,0,0
540,Red-capped Lark,Calandrella cinerea,488,avibase-FCDA4F09,Red-capped Lark,Calandrella cinerea,21417,Calandrella cinerea,reclar1,"Larks",Passeriformes,https://datazone.birdlife.org/species/factsheet/103766143,1,0,0,0,0,23.7,Grassland,3,2,Omnivore,Granivore,Terrestrial,5733287.57,,,Least Concern,21,32,3,18,14,2.97771590719506,13.5031514896837
541,Rufous Short-toed Lark,Calandrella somalica,3484,avibase-61CECCA7,Somali Short-toed Lark,Alaudala somalica,21445,Alaudala somalica,sstlar1,"Larks",Passeriformes,https://datazone.birdlife.org/species/factsheet/22717340,1,0,0,0,0,24.1,Desert,3,2,Omnivore,Omnivore,Terrestrial,203115.48,,,Least Concern,7,19,3,4,15,2.90535215214737,14.3018725674823
542,Short-tailed Lark,Galerida fremantlii,3562,avibase-1AF3034A,Short-tailed Lark,Spizocorys fremantlii,21264,Spizocorys fremantlii,shtlar1,"Larks",Passeriformes,https://datazone.birdlife.org/species/factsheet/22717407,1,0,0,0,0,23.4,Grassland,3,2,Herbivore,Granivore,Terrestrial,566471.71,,,Least Concern,5,11,0,5,6,0,5.7708958039252
543,Crested Lark,Galerida cristata,3506,avibase-21ADC3ED,Crested Lark,Galerida cristata,21320,Galerida cristata,crelar1,"Larks",Passeriformes,https://datazone.birdlife.org/species/factsheet/22717383,1,0,0,0,0,42.7,Grassland,3,1,Omnivore,Omnivore,Terrestrial,24389170.69,"This map might contains errors",,Least Concern,14,11,6,8,3,5.89890925805548,2.90008681675598
544,Short-crested Lark,Galerida malabarica,3510,avibase-5351025C,Thekla's Lark,Galerida theklae,21306,Galerida theklae,thelar1,"Larks",Passeriformes,https://datazone.birdlife.org/species/factsheet/22717387,1,0,0,0,0,38.2,Shrubland,2,1,Omnivore,Omnivore,Terrestrial,2270448.11,,,Least Concern,8,8,3,5,3,3.14136303596194,2.94486936181213
545,Fischer's Sparrow-Lark,Eremopteryx leucopareia,3500,avibase-97D7865F,Fischer's Sparrow-Lark,Eremopterix leucopareia,21083,Eremopterix leucopareia,fislar1,"Larks",Passeriformes,https://datazone.birdlife.org/species/factsheet/22717207,1,0,0,0,0,14.5,Grassland,3,2,Herbivore,Granivore,Terrestrial,859362.7,,,Least Concern,46,53,11,35,18,10.8913215644168,17.195093936072
546,Chestnut-headed Sparrow-Lark,Eremopteryx signata,3504,avibase-2F66131B,Chestnut-headed Sparrow-Lark,Eremopterix signatus,21084,Eremopterix signatus,chhspl1,"Larks",Passeriformes,https://datazone.birdlife.org/species/factsheet/22717212,1,0,0,0,0,15.7,Grassland,2,2,Herbivore,Granivore,Terrestrial,970819.66,"This species is prone to misidentification and its maps might be affected by error.",,Least Concern,36,38,15,21,17,14.6822821140892,16.4064506794164
547,Chestnut-backed Sparrow-Lark,Eremopteryx leucotis,484,avibase-9164F314,Chestnut-backed Sparrow-Lark,Eremopterix leucotis,21092,Eremopterix leucotis,cbslar1,"Larks",Passeriformes,https://datazone.birdlife.org/species/factsheet/22717192,1,0,0,0,0,16.4,Grassland,3,2,Herbivore,Granivore,Terrestrial,7621320.47,,,Least Concern,21,23,11,10,13,11.0359619695148,12.6556483679105
548,Banded Martin,Riparia cincta,510,avibase-1AED683B,Banded Martin,Neophedina cincta,22614,Neophedina cincta,banmar1,"Swallows",Passeriformes,https://datazone.birdlife.org/species/factsheet/22712194,1,0,0,0,0,23.4,Grassland,3,2,Carnivore,Invertivore,Aerial,5525100.68,,,Least Concern,37,41,9,28,13,8.79267214339997,12.4760695927258
549,African Sand Martin,Riparia paludicola,509,avibase-D2854489,Brown-throated Martin,Riparia paludicola,22636,Riparia paludicola,plamar1,"Swallows",Passeriformes,https://datazone.birdlife.org/species/factsheet/103815402,1,0,0,0,0,13.5,Wetland,3,2,Carnivore,Invertivore,Aerial,7018694.27,,,Least Concern,50,68,9,41,27,9.05080661725622,26.1908678844138
550,Sand Martin,Riparia riparia,508,avibase-94A1C447,Sand Martin,Riparia riparia,22622,Riparia riparia,banswa,"Swallows",Passeriformes,https://datazone.birdlife.org/species/factsheet/103815961,1,0,0,1,0,12.7,Riverine,3,3,Carnivore,Invertivore,Aerial,36583654.61,,,Least Concern,56,53,17,39,14,16.9526941290211,13.563301394739
551,Blue Swallow,Hirundo atrocaerulea,497,avibase-CB7FB32A,Blue Swallow,Hirundo atrocaerulea,22734,Hirundo atrocaerulea,bluswa1,"Swallows",Passeriformes,https://datazone.birdlife.org/species/factsheet/22712318,1,0,1,0,0,13.8,Grassland,3,3,Carnivore,Invertivore,Aerial,140763.6,,,Endangered,0,6,0,0,6,0,5.697905523312
552,Wire-tailed Swallow,Hirundo smithii,496,avibase-B79D6B3D,Wire-tailed Swallow,Hirundo smithii,22753,Hirundo smithii,witswa1,"Swallows",Passeriformes,https://datazone.birdlife.org/species/factsheet/22712299,1,0,0,0,0,12.4,Shrubland,3,2,Carnivore,Invertivore,Aerial,15137552.43,,,Least Concern,78,82,5,73,9,5.00820188139412,8.77786512919788
553,Eurasian Swallow,Hirundo rustica,493,avibase-58C502EA,Barn Swallow,Hirundo rustica,22758,Hirundo rustica,barswa,"Swallows",Passeriformes,https://datazone.birdlife.org/species/factsheet/22712252,1,0,0,1,0,17.9,Human Modified,3,3,Carnivore,Invertivore,Aerial,51701054.06,,,Least Concern,109,108,6,103,5,6.20410822669745,5.01222460513749
554,Ethiopian Swallow,Hirundo aethiopica,2886,avibase-42E93B64,Ethiopian Swallow,Hirundo aethiopica,22767,Hirundo aethiopica,ethswa1,"Swallows",Passeriformes,https://datazone.birdlife.org/species/factsheet/22712266,1,0,0,0,0,13.3,Grassland,3,1,Carnivore,Invertivore,Aerial,4764528.41,"This map might contains errors",,Least Concern,35,31,15,20,11,14.9643836926363,10.5814048549049
555,Angola Swallow,Hirundo angolensis,494,avibase-B418B155,Angola Swallow,Hirundo angolensis,22770,Hirundo angolensis,angswa1,"Swallows",Passeriformes,https://datazone.birdlife.org/species/factsheet/22712272,1,0,0,0,0,17.8,Grassland,3,1,Carnivore,Invertivore,Aerial,1666808.13,,,Least Concern,23,33,1,22,11,0.987023942607514,10.6728310054341
556,Red-rumped Swallow,Hirundo daurica,962,avibase-1B08050E,European/African Red-rumped Swallow,Cecropis sp.,22805,Cecropis rufula|Cecropis melanocrissus,rerswa8|rerswa12,"Swallows",Passeriformes,,2,0,0,0,0,22.2,Grassland,3,3,Carnivore,Invertivore,Aerial,18735899.27,,"Historical lump of 2 species, treated as one taxon (Hirundo daurica) in the 1970-1984 atlas: European Red-rumped Swallow (Cecropis rufula) and African Red-rumped Swallow (Cecropis melanocrissus). eBird's own ""European/African Red-rumped Swallow"" slash (y01284) resolves the concept exactly; the Eastern/Daurian group (Cecropis daurica) is excluded as a separate species not part of this historical concept.",Not Evaluated,64,82,3,61,21,3.03086541372031,20.7540408122508
557,Mosque Swallow,Hirundo senegalensis,500,avibase-9185D29D,Mosque Swallow,Cecropis senegalensis,22801,Cecropis senegalensis,mosswa2,"Swallows",Passeriformes,https://datazone.birdlife.org/species/factsheet/22712365,1,0,0,0,0,45.4,Grassland,3,1,Carnivore,Invertivore,Aerial,12912848.81,,,Least Concern,63,60,11,52,8,11.0775217604229,7.64298535110464
558,Rufous-chested Swallow,Hirundo semirufa,501,avibase-958F4A5E,Red-breasted Swallow,Cecropis semirufa,22797,Cecropis semirufa,rucswa2,"Swallows",Passeriformes,https://datazone.birdlife.org/species/factsheet/22712358,1,0,0,0,0,30.1,Grassland,3,1,Carnivore,Invertivore,Aerial,8911972.36,,,Least Concern,16,12,6,10,2,5.84096747288626,1.84467251074517
559,Striped Swallow,Hirundo abyssinica,503,avibase-5ACC908D,Lesser Striped Swallow,Cecropis abyssinica,22790,Cecropis abyssinica,lessts1,"Swallows",Passeriformes,https://datazone.birdlife.org/species/factsheet/22712350,1,0,0,0,0,13.5,Grassland,3,1,Carnivore,Invertivore,Aerial,13676430.32,,,Least Concern,87,87,11,76,11,11.3190612695976,10.8123242078693
560,African Rock Martin,Hirundo fuligula,506,avibase-21E0ADE5,Large Rock Martin,Ptyonoprogne fuligula,22713,Ptyonoprogne fuligula,rocmar5,"Swallows",Passeriformes,https://datazone.birdlife.org/species/factsheet/104005679,1,0,0,0,0,21.1,Rock,3,2,Carnivore,Invertivore,Aerial,2657867.37,,,Least Concern,61,79,12,49,30,12.1018116963531,29.1880925757753
561,Grey-rumped Swallow,Hirundo griseopyga,499,avibase-97E7A30B,Grey-rumped Swallow,Pseudhirundo griseopyga,22604,Pseudhirundo griseopyga,gyrswa1,"Swallows",Passeriformes,https://datazone.birdlife.org/species/factsheet/22712209,1,0,0,0,0,10.2,Grassland,3,2,Carnivore,Invertivore,Aerial,5583454.87,,,Least Concern,27,27,11,16,11,10.7720193552623,10.4417533589
562,Mascarene Martin,Phedina borbonica,908,avibase-6C7BEEC6,Mascarene Martin,Phedina borbonica,22608,Phedina borbonica,masmar1,"Swallows",Passeriformes,https://datazone.birdlife.org/species/factsheet/22712198,1,0,0,0,0,22.2,Forest,3,2,Carnivore,Invertivore,Aerial,595253.95,,,Least Concern,1,1,1,0,1,1.01140577246673,0.91969906342994
563,House Martin,Delichon urbica,507,avibase-30FEC6BE,Western House Martin,Delichon urbicum,22778,Delichon urbicum,comhom1,"Swallows",Passeriformes,https://datazone.birdlife.org/species/factsheet/103811886,1,0,0,1,0,14.5,Human Modified,3,3,Carnivore,Invertivore,Aerial,16377219.72,,,Least Concern,51,69,10,41,28,10.0203937076486,27.2116339725472
564,Black Rough-wing,Psalidoprocne prisoptera,511,avibase-4AC57370,Black Saw-wing,Psalidoprocne pristoptera,22588,Psalidoprocne pristoptera,blksaw1,"Swallows",Passeriformes,https://datazone.birdlife.org/species/factsheet/22712540,1,0,0,0,0,10.3,Forest,2,2,Carnivore,Invertivore,Aerial,8277210.72,,,Least Concern,54,67,2,52,15,1.90656914051672,14.6738341476291
565,White-headed Rough-wing,Psalidoprocne albiceps,964,avibase-88AAE3D3,White-headed Saw-wing,Psalidoprocne albiceps,22585,Psalidoprocne albiceps,whhsaw1,"Swallows",Passeriformes,https://datazone.birdlife.org/species/factsheet/22712515,1,0,0,0,0,11.1,Forest,2,3,Carnivore,Invertivore,Aerial,1147033.42,,,Least Concern,39,45,4,35,10,3.87321559635053,9.6264129088134
566,Drongo,Dicrurus adsimilis,0,avibase-25C3A6D0,Velvet-mantled/Fork-tailed Drongo,Dicrurus sp.,19325,Dicrurus modestus|Dicrurus adsimilis,vemdro6|fotdro5,"Drongos",Passeriformes,,2,0,0,0,0,40.3,Woodland,3,1,Carnivore,Invertivore,Insessorial,14611485.32,,"Historical lump of 2 species, treated as one taxon (Dicrurus adsimilis) in the 1970-1984 atlas: Velvet-mantled Drongo (Dicrurus modestus, 7 Kenyan eBird records 2009-2023); Fork-tailed Drongo (Dicrurus adsimilis, 21259 Kenyan eBird records 2009-2023). At least one member was already a distinct, field-separable species during the atlas era; old-atlas records for this concept may include unseparated or misidentified individuals of either.",Least Concern,114,113,4,110,3,4.07841702435639,2.95204996793296
567,Square-tailed Drongo,Dicrurus ludwigii,0,avibase-E83D45A6,Sharpe's/Square-tailed Drongo,Dicrurus sp.,19296,Dicrurus sharpei|Dicrurus ludwigii,shadro2|cstdro1,"Drongos",Passeriformes,,2,0,0,0,0,29.4,Forest,2,1,Carnivore,Invertivore,Insessorial,4614861.96,,,Least Concern,5,9,1,4,5,1.02468537250146,4.98211071992833
568,Black-headed Oriole,Oriolus larvatus,521,avibase-BE62734A,Black-headed Oriole,Oriolus larvatus,18780,Oriolus larvatus,abhori1,"Old World Orioles",Passeriformes,https://datazone.birdlife.org/species/factsheet/22706421,1,0,0,0,0,66.1,Woodland,2,1,Omnivore,Omnivore,Insessorial,6081428.22,,,Least Concern,95,98,5,90,8,5.07804140411001,7.84757792531346
569,Western Black-headed Oriole,Oriolus brachyrhynchus,2460,avibase-418C7CCB,Western Oriole,Oriolus brachyrynchus,18774,Oriolus brachyrynchus,wbhori1,"Old World Orioles",Passeriformes,https://datazone.birdlife.org/species/factsheet/22706410,1,0,0,0,0,49,Forest,1,1,Omnivore,Invertivore,Insessorial,2640549.2,,,Least Concern,1,2,0,1,1,0,0.959026240201242
570,Montane Oriole,Oriolus percivali,2466,avibase-95A2F6E7,Mountain Oriole,Oriolus percivali,18787,Oriolus percivali,bltori1,"Old World Orioles",Passeriformes,https://datazone.birdlife.org/species/factsheet/22706427,1,0,0,0,0,61,Forest,1,1,Herbivore,Frugivore,Insessorial,164128.38,"This species is prone to misidentification and its maps might be affected by error.",,Least Concern,10,19,1,9,10,0.946469114612371,9.62739424039168
571,Green-headed Oriole,Oriolus chlorocephalus,909,avibase-4321596C,Green-headed Oriole,Oriolus chlorocephalus,18769,Oriolus chlorocephalus,grhori1,"Old World Orioles",Passeriformes,https://datazone.birdlife.org/species/factsheet/22706400,1,0,0,0,0,49,Forest,1,2,Herbivore,Omnivore,Insessorial,61138.59,,,Least Concern,3,4,0,3,1,0,1.02322061093087
572,African Golden Oriole,Oriolus auratus,520,avibase-D4866EAE,African Golden Oriole,Oriolus auratus,18788,Oriolus auratus,afgori2,"Old World Orioles",Passeriformes,https://datazone.birdlife.org/species/factsheet/22706389,1,0,1,0,0,66.2,Woodland,2,1,Omnivore,Omnivore,Insessorial,4622656.44,,,Least Concern,45,53,9,36,17,8.82215245100709,16.4313507402084
573,Eurasian Golden Oriole,Oriolus oriolus,519,avibase-92A772BB,Eurasian Golden Oriole,Oriolus oriolus,18792,Oriolus oriolus,eugori2,"Old World Orioles",Passeriformes,https://datazone.birdlife.org/species/factsheet/103692938,1,0,0,1,0,79,Woodland,1,3,Omnivore,Omnivore,Insessorial,11164384.03,,,Least Concern,77,67,21,56,11,20.7930949485078,10.7478687992055
574,Piapiac,Ptilostomus afer,2484,avibase-4C35510F,Piapiac,Ptilostomus afer,20208,Ptilostomus afer,piapia1,"Crows, Jays, and Magpies",Passeriformes,https://datazone.birdlife.org/species/factsheet/22705925,1,0,0,0,0,128,Grassland,3,2,Omnivore,Omnivore,Terrestrial,3779257.09,,,Least Concern,3,3,1,2,1,0.977637739136406,0.953396142674805
575,Indian House Crow,Corvus splendens,989,avibase-39868903,House Crow,Corvus splendens,20288,Corvus splendens,houcro1,"Crows, Jays, and Magpies",Passeriformes,https://datazone.birdlife.org/species/factsheet/22705938,1,0,0,0,0,292.6,Human Modified,3,1,Omnivore,Omnivore,Terrestrial,4469957.42,,,Least Concern,5,23,0,5,18,0,17.4855118920145
576,Brown-necked Raven,Corvus ruficolis,2362,avibase-9DBAAB1D,Somali Crow,Corvus edithae,20256,Corvus edithae,somcro2,"Crows, Jays, and Magpies",Passeriformes,https://datazone.birdlife.org/species/factsheet/22732286,1,0,0,0,0,524,Desert,3,1,Carnivore,Omnivore,Terrestrial,1179817.28,,,Least Concern,26,23,5,21,2,4.91457694841149,2.00101446397968
577,Pied Crow,Corvus albus,522,avibase-34D538E1,Pied Crow,Corvus albus,20255,Corvus albus,piecro1,"Crows, Jays, and Magpies",Passeriformes,https://datazone.birdlife.org/species/factsheet/22735894,1,0,0,0,0,524,Shrubland,3,2,Carnivore,Omnivore,Terrestrial,19544750.22,,,Least Concern,82,106,2,80,26,2.09326869302913,25.8127489483127
578,White-naped Raven,Corvus albicollis,524,avibase-EA326EA2,White-necked Raven,Corvus albicollis,20252,Corvus albicollis,whnrav1,"Crows, Jays, and Magpies",Passeriformes,https://datazone.birdlife.org/species/factsheet/22706077,1,0,0,0,0,894,Rock,3,2,Omnivore,Omnivore,Terrestrial,1615598.28,,,Least Concern,49,39,21,28,11,20.715195962643,10.569039738036
579,Fan-tailed Raven,Corvus rhipidurus,2368,avibase-32C216E2,Fan-tailed Raven,Corvus rhipidurus,20258,Corvus rhipidurus,fatrav1,"Crows, Jays, and Magpies",Passeriformes,https://datazone.birdlife.org/species/factsheet/22706073,1,0,0,0,0,611,Grassland,3,1,Omnivore,Omnivore,Terrestrial,2756382.95,,,Least Concern,44,49,5,39,10,4.98013673105722,9.61587414320197
580,Cape Rook,Corvus capensis,523,avibase-562E17AB,Cape Crow,Corvus capensis,20245,Corvus capensis,capcro2,"Crows, Jays, and Magpies",Passeriformes,https://datazone.birdlife.org/species/factsheet/22705978,1,0,0,0,0,553,Grassland,3,2,Omnivore,Omnivore,Terrestrial,4036026.48,,,Least Concern,35,41,11,24,17,11.1863846758194,16.4270046558632
581,Grey Tit,Parus afer,2876,avibase-610FFD8E,Acacia Tit,Melaniparus thruppi,20809,Melaniparus thruppi,somtit4,"Tits, Chickadees, and Titmice",Passeriformes,https://datazone.birdlife.org/species/factsheet/22711881,1,0,0,0,0,12,Woodland,2,1,Carnivore,Invertivore,Insessorial,869174.26,,,Least Concern,32,30,17,15,15,17.0271958217885,14.5718768695116
582,Black Tit,Parus leucomelas,2856,avibase-5C70AA7D,White-shouldered Black Tit,Melaniparus guineensis,20785,Melaniparus guineensis,whsblt1,"Tits, Chickadees, and Titmice",Passeriformes,https://datazone.birdlife.org/species/factsheet/22711820,1,0,0,0,0,16.1,Woodland,3,1,Carnivore,Invertivore,Insessorial,2587731.88,,,Least Concern,1,0,1,0,0,0.99040666690827,0
583,White-bellied Tit,Parus albiventris,2860,avibase-C8880D28,White-bellied Tit,Melaniparus albiventris,20795,Melaniparus albiventris,whbtit5,"Tits, Chickadees, and Titmice",Passeriformes,https://datazone.birdlife.org/species/factsheet/22711839,1,0,0,0,0,21.2,Woodland,2,1,Carnivore,Invertivore,Insessorial,322293.63,,,Least Concern,53,56,9,44,12,9.06284598800645,11.4827128424048
584,Red-throated Tit,Parus fringillinus,2868,avibase-92FDBAF0,Red-throated Tit,Melaniparus fringillinus,20812,Melaniparus fringillinus,rettit2,"Tits, Chickadees, and Titmice",Passeriformes,https://datazone.birdlife.org/species/factsheet/22711869,1,0,0,0,0,13.8,Woodland,2,1,Omnivore,Invertivore,Insessorial,390583.14,,,Least Concern,14,17,1,13,4,1.05903580680954,3.77609606625634
585,Dusky Tit,Parus funereus,2870,avibase-5C54F8C9,Dusky Tit,Melaniparus funereus,20801,Melaniparus funereus,dustit2,"Tits, Chickadees, and Titmice",Passeriformes,https://datazone.birdlife.org/species/factsheet/22711852,1,0,0,0,0,25.4,Forest,1,1,Omnivore,Invertivore,Insessorial,2252792.06,,,Least Concern,2,2,0,2,0,0,0
586,African Penduline Tit,Remiz caroli,530,avibase-F44BD4BE,Grey Penduline Tit,Anthoscopus caroli,20666,Anthoscopus caroli,afptit1,"Penduline Tits",Passeriformes,,1,0,0,0,0,6.9,Woodland,2,1,Omnivore,Invertivore,Insessorial,4646761.76,,,Not Evaluated,24,26,13,11,15,12.7050362148972,14.5422923447002
587,Mouse-coloured Penduline Tit,Remiz musculus,2850,avibase-6F967270,Mouse-colored Penduline Tit,Anthoscopus musculus,20660,Anthoscopus musculus,mcptit1,"Penduline Tits",Passeriformes,https://datazone.birdlife.org/species/factsheet/22711653,1,0,0,0,0,5.2,Shrubland,3,1,Carnivore,Invertivore,Insessorial,1141427.54,,,Least Concern,28,31,12,16,15,11.7641891792535,14.4840846232548
588,Spotted Creeper,Salpornis spilonotus,532,avibase-A51A5F84,African Spotted Creeper,Salpornis salvadori,25444,Salpornis salvadori,spocre2,"Spotted Creepers",Passeriformes,https://datazone.birdlife.org/species/factsheet/103882123,1,0,0,0,0,14.8,Woodland,1,1,Carnivore,Invertivore,Insessorial,2540622.03,,,Least Concern,4,1,3,1,0,2.91635842724615,0
589,Brown Illadopsis,Trichastoma fulvescens,1181,avibase-3805ACAD,Brown Illadopsis,Illadopsis fulvescens,24713,Illadopsis fulvescens,broill1,"Ground Babblers and Allies",Passeriformes,https://datazone.birdlife.org/species/factsheet/22715914,1,0,0,0,0,27.9,Forest,1,1,Carnivore,Invertivore,Insessorial,2855381.87,,,Least Concern,1,1,0,1,0,0,0
590,Pale-breasted Illadopsis,Trichastoma rufipennis,3296,avibase-64078193,Pale-breasted Illadopsis,Illadopsis rufipennis,24720,Illadopsis rufipennis,pabill1,"Ground Babblers and Allies",Passeriformes,https://datazone.birdlife.org/species/factsheet/103869025,1,0,0,0,0,22.2,Forest,1,1,Carnivore,Invertivore,Generalist,2029123.6,,,Least Concern,2,2,1,1,1,0.99040666690827,0.959026240201242
591,Mountain Illadopsis,Trichastoma pyrrhopterum,3292,avibase-596BDE51,Mountain Illadopsis,Illadopsis pyrrhoptera,24725,Illadopsis pyrrhoptera,mouill1,"Ground Babblers and Allies",Passeriformes,https://datazone.birdlife.org/species/factsheet/22715918,1,0,0,0,0,24.8,Forest,1,1,Carnivore,Invertivore,Generalist,145566.3,,,Least Concern,7,7,2,5,2,1.90549535481361,1.89502047287827
592,Scaly-breasted Illadopsis,Trichastoma albipectus,1193,avibase-2D157C82,Scaly-breasted Illadopsis,Illadopsis albipectus,24734,Illadopsis albipectus,scbill1,"Ground Babblers and Allies",Passeriformes,https://datazone.birdlife.org/species/factsheet/22715895,1,0,0,0,0,30.6,Forest,1,1,Carnivore,Invertivore,Terrestrial,1215586.75,,,Least Concern,2,2,0,2,0,0,0
593,Grey-chested Illadopsis,Kakamega poliothorax,1133,avibase-FC1BE879,Grey-chested Babbler,Kakamega poliothorax,28161,Kakamega poliothorax,gycill1,"Dapple-throat and Allies",Passeriformes,https://datazone.birdlife.org/species/factsheet/22715933,1,0,0,0,0,36.4,Forest,1,1,Carnivore,Invertivore,Terrestrial,140625.85,,,Least Concern,2,3,0,2,1,0,0.948004862250568
594,African Hill Babbler,Alcippe abyssinica,467,avibase-7C3026CC,African Hill Babbler,Sylvia abyssinica,23750,Sylvia abyssinica,afhbab1,"Sylviid Warblers and Allies",Passeriformes,https://datazone.birdlife.org/species/factsheet/103872581,1,0,0,0,0,18.8,Forest,1,1,Carnivore,Invertivore,Insessorial,387143.47,,,Least Concern,20,31,5,15,16,4.91957442536233,15.5691336387413
595,Rufous Chatterer,Turdoides rubiginosus,3456,avibase-861DA135,Rufous Chatterer,Argya rubiginosa,25043,Argya rubiginosa,rufcha2,"Laughingthrushes and Allies",Passeriformes,https://datazone.birdlife.org/species/factsheet/22716383,1,0,0,0,0,40.6,Shrubland,2,1,Carnivore,Invertivore,Terrestrial,1410146.95,"There is likely an error of identification or taxnomy with the old atlas data",,Least Concern,82,79,16,66,13,15.9589928790717,12.5093812718501
596,Scaly Chatterer,Turdoides aylmeri,3440,avibase-987C8F6E,Scaly Chatterer,Argya aylmeri,25048,Argya aylmeri,scacha1,"Laughingthrushes and Allies",Passeriformes,https://datazone.birdlife.org/species/factsheet/22716379,1,0,0,0,0,35.3,Shrubland,2,1,Omnivore,Invertivore,Generalist,1055408.06,,,Least Concern,14,24,6,8,16,6.13230637493913,15.4747810168607
597,Black-lored Babbler,Turdoides melanops,3458,avibase-7350FE4C,Black-lored Babbler,Turdoides sharpei,25119,Turdoides sharpei,bklbab1,"Laughingthrushes and Allies",Passeriformes,https://datazone.birdlife.org/species/factsheet/22716462,1,0,0,0,0,79.3,Woodland,2,1,Carnivore,Invertivore,Insessorial,532508.01,,,Least Concern,18,33,2,16,17,1.92183789107098,16.2863762291281
598,Northern Pied Babbler,Turdoides hypoleucus,3446,avibase-B0F2FB67,Northern Pied Babbler,Turdoides hypoleuca,25125,Turdoides hypoleuca,norpib1,"Laughingthrushes and Allies",Passeriformes,https://datazone.birdlife.org/species/factsheet/22716469,1,0,0,0,0,74,Shrubland,2,1,Omnivore,Omnivore,Generalist,89042.46,,,Least Concern,17,23,3,14,9,3.00803810377642,8.53912782570177
599,Scaly Babbler,Turdoides squamulatus,3462,avibase-0E9C6F45,Scaly Babbler,Turdoides squamulata,25096,Turdoides squamulata,scabab2,"Laughingthrushes and Allies",Passeriformes,https://datazone.birdlife.org/species/factsheet/22716434,1,0,0,0,0,69.4,Shrubland,2,1,Omnivore,Omnivore,Insessorial,64347.57,,,Least Concern,8,9,3,5,4,2.97885063731906,3.97601247106414
600,Hinde's Pied Babbler,Turdoides hindei,3444,avibase-224B2B08,Hinde's Babbler,Turdoides hindei,25095,Turdoides hindei,hipbab1,"Laughingthrushes and Allies",Passeriformes,https://datazone.birdlife.org/species/factsheet/22716480,1,1,0,0,0,67.6,Shrubland,2,1,Omnivore,Omnivore,Generalist,13807.07,,,Near Threatened,7,14,0,7,7,0,6.91092850469362
601,Arrow-marked Babbler,Turdoides jardineii,533,avibase-E6576A8D,Arrow-marked Babbler,Turdoides jardineii,25100,Turdoides jardineii,armbab1,"Laughingthrushes and Allies",Passeriformes,https://datazone.birdlife.org/species/factsheet/22716501,1,0,0,0,0,78.2,Shrubland,2,1,Carnivore,Invertivore,Generalist,5822352.5,,,Least Concern,13,36,1,12,24,0.959026240201242,22.9153622027412
602,Brown Babbler,Turdoides plebejus,3452,avibase-6EBDD2D5,Brown Babbler,Turdoides plebejus,25085,Turdoides plebejus,brobab1,"Laughingthrushes and Allies",Passeriformes,https://datazone.birdlife.org/species/factsheet/22716487,1,0,0,0,0,62.5,Woodland,2,1,Omnivore,Invertivore,Terrestrial,5173060.81,,,Least Concern,16,29,3,13,16,2.9594362855543,15.3614902978713
603,Red-shouldered Cuckoo Shrike,Campephaga phoenicea,2342,avibase-439F76D1,Red-shouldered Cuckooshrike,Campephaga phoenicea,17689,Campephaga phoenicea,rescus1,"Cuckooshrikes",Passeriformes,https://datazone.birdlife.org/species/factsheet/22706700,1,0,0,0,0,27.1,Woodland,2,1,Carnivore,Invertivore,Insessorial,4733993.8,,,Least Concern,2,2,1,1,1,0.972712084595792,0.977637739136406
604,Black Cuckoo Shrike,Campephaga flava,513,avibase-F9031A09,Black Cuckooshrike,Campephaga flava,17687,Campephaga flava,blkcus1,"Cuckooshrikes",Passeriformes,https://datazone.birdlife.org/species/factsheet/22706695,1,0,0,0,0,32.3,Shrubland,2,1,Carnivore,Invertivore,Insessorial,5014249.34,,,Least Concern,75,76,10,65,11,9.84768242890931,10.7667782744563
605,Petit's Cuckoo Shrike,Campephaga petiti,2340,avibase-95A02709,Petit's Cuckooshrike,Campephaga petiti,17688,Campephaga petiti,petcus1,"Cuckooshrikes",Passeriformes,https://datazone.birdlife.org/species/factsheet/22706690,1,0,0,0,0,31.3,Forest,1,1,Carnivore,Invertivore,Insessorial,508880.65,,,Least Concern,1,2,0,1,1,0,0.959026240201242
606,Purple-throated Cuckoo Shrike,Campephaga quisqualina,2344,avibase-37D0D696,Purple-throated Cuckooshrike,Campephaga quiscalina,17690,Campephaga quiscalina,putcus1,"Cuckooshrikes",Passeriformes,https://datazone.birdlife.org/species/factsheet/22706705,1,0,0,0,0,34.5,Forest,1,1,Carnivore,Invertivore,Insessorial,1373914.13,,,Least Concern,17,21,5,12,9,4.85245406209777,8.66433725196191
607,Grey Cuckoo Shrike,Coracina caesia,516,avibase-C7B05F46,Grey Cuckooshrike,Ceblepyris caesius,17580,Ceblepyris caesius,grycus1,"Cuckooshrikes",Passeriformes,https://datazone.birdlife.org/species/factsheet/22706543,1,0,0,0,0,47.3,Forest,1,1,Carnivore,Invertivore,Insessorial,905645.62,,,Least Concern,28,34,8,20,14,7.87612683246849,13.6670779831676
608,White-breasted Cuckoo Shrike,Coracina pectoralis,515,avibase-6E682612,White-breasted Cuckooshrike,Ceblepyris pectoralis,17583,Ceblepyris pectoralis,whbcus2,"Cuckooshrikes",Passeriformes,https://datazone.birdlife.org/species/factsheet/22706538,1,0,0,0,0,54.4,Woodland,2,1,Carnivore,Invertivore,Insessorial,6110219.71,,,Least Concern,0,1,0,0,1,0,0.983462364966188
609,Common Bulbul,Pycnonotus barbatus,3036,avibase-6ABDB635,Common Bulbul,Pycnonotus barbatus,23566,Pycnonotus barbatus,combul2,"Bulbuls",Passeriformes,https://datazone.birdlife.org/species/factsheet/22712650,1,0,0,0,0,32.1,Woodland,2,1,Herbivore,Frugivore,Insessorial,19572184.19,,,Least Concern,112,115,2,110,5,2.1371954777737,5.02281391731209
610,Little Greenbul,Andropadus virens,565,avibase-3413C42C,Little Greenbul,Eurillas virens,23361,Eurillas virens,litgre2,"Bulbuls",Passeriformes,https://datazone.birdlife.org/species/factsheet/22712766,1,0,0,0,0,26.6,Forest,1,1,Herbivore,Frugivore,Insessorial,5766996.33,,,Least Concern,9,11,2,7,4,1.91393696317012,3.82676632019019
611,Little Grey Greenbul,Andropadus gracilis,2950,avibase-486103D7,Little Grey Greenbul,Eurillas gracilis,23374,Eurillas gracilis,grygre1,"Bulbuls",Passeriformes,https://datazone.birdlife.org/species/factsheet/22712777,1,0,0,0,0,21.6,Forest,1,1,Herbivore,Omnivore,Insessorial,3552112.86,,,Least Concern,1,2,0,1,1,0,0.959026240201242
612,Ansorge's Greenbul,Andropadus ansorgei,2944,avibase-0EA5F2E1,Ansorge's Greenbul,Eurillas ansorgei,23378,Eurillas ansorgei,ansgre1,"Bulbuls",Passeriformes,https://datazone.birdlife.org/species/factsheet/22712782,1,0,0,0,0,18.7,Forest,1,1,Herbivore,Frugivore,Insessorial,1858480.06,,,Least Concern,1,2,0,1,1,0,0.959026240201242
613,Slender-billed Greenbul,Andropadus gracilirostris,2948,avibase-5D82C13B,Slender-billed Greenbul,Stelgidillas gracilirostris,23288,Stelgidillas gracilirostris,slbgre1,"Bulbuls",Passeriformes,https://datazone.birdlife.org/species/factsheet/22712791,1,0,0,0,0,31.2,Forest,1,1,Herbivore,Frugivore,Insessorial,3807444.87,,,Least Concern,16,25,0,16,9,0,8.68222896902073
614,Cameroon Sombre Greenbul,Andropadus curvirostris,2946,avibase-0B325B7F,Plain Greenbul,Eurillas curvirostris,23371,Eurillas curvirostris,plagre2,"Bulbuls",Passeriformes,https://datazone.birdlife.org/species/factsheet/22712786,1,0,0,0,0,24.9,Forest,1,1,Herbivore,Omnivore,Insessorial,3502649.29,,,Least Concern,2,7,0,2,5,0,4.77344796749708
615,Mountain Greenbul,Andropadus tephrolaemus,2942,avibase-FC523946,Black-headed Mountain Greenbul,Arizelocichla nigriceps,23314,Arizelocichla nigriceps,easmog2,"Bulbuls",Passeriformes,,1,0,0,0,0,34.5,Forest,1,1,Herbivore,Frugivore,Insessorial,248447.89,,,Not Evaluated,17,22,4,13,9,4.04235060925227,8.64363258764883
616,Stripe-cheeked Greenbul,Andropadus milanjensis,549,avibase-8479F56E,Stripe-cheeked Greenbul,Arizelocichla milanjensis,23322,Arizelocichla milanjensis,stcgre1,"Bulbuls",Passeriformes,https://datazone.birdlife.org/species/factsheet/22730593,1,0,0,0,0,37.4,Forest,2,1,Omnivore,Omnivore,Insessorial,42374.09,,,Near Threatened,2,6,0,2,4,0,3.83417847397567
617,Shelley's Greenbul,Andropadus masukuensis,555,avibase-6FC57210,Shelley's Greenbul,Arizelocichla masukuensis,23305,Arizelocichla masukuensis,shegre1,"Bulbuls",Passeriformes,https://datazone.birdlife.org/species/factsheet/22712760,1,0,0,0,0,26.8,Forest,1,1,Omnivore,Invertivore,Insessorial,163721.68,,,Least Concern,3,3,0,3,0,0,0
618,Yellow-whiskered Greenbul,Andropadus latirostris,1111,avibase-728B225E,Yellow-whiskered Greenbul,Eurillas latirostris,23367,Eurillas latirostris,yewgre1,"Bulbuls",Passeriformes,https://datazone.birdlife.org/species/factsheet/22712800,1,0,0,0,0,26.2,Forest,1,1,Omnivore,Frugivore,Insessorial,3682285.72,,,Least Concern,29,43,3,26,17,2.94576593883333,16.4803206431354
619,Zanzibar Sombre Greenbul,Andropadus importunus,551,avibase-79A45DAF,Sombre Greenbul,Andropadus importunus,23280,Andropadus importunus,somgre1,"Bulbuls",Passeriformes,https://datazone.birdlife.org/species/factsheet/22712795,1,0,0,0,0,27.4,Shrubland,2,1,Herbivore,Frugivore,Insessorial,1338546.67,,,Least Concern,38,42,4,34,8,3.93049962798118,7.69203748301015
620,Yellow-throated Leaflove,Chlorocichla flavicollis,1194,avibase-C73137EA,Yellow-gorgeted Greenbul,Atimastillas flavicollis,23329,Atimastillas flavicollis,yetgre2,"Bulbuls",Passeriformes,https://datazone.birdlife.org/species/factsheet/103817373,1,0,0,0,0,48.7,Shrubland,2,1,Herbivore,Frugivore,Insessorial,1683203.48,,,Least Concern,16,18,1,15,3,0.944719062388575,2.81076003404855
621,Yellow-bellied Greenbul,Chlorocichla flaviventris,550,avibase-D083BB3F,Yellow-bellied Greenbul,Chlorocichla flaviventris,23344,Chlorocichla flaviventris,yebgre1,"Bulbuls",Passeriformes,https://datazone.birdlife.org/species/factsheet/22712865,1,0,0,0,0,39.4,Forest,1,1,Herbivore,Omnivore,Insessorial,3986239.89,,,Least Concern,16,31,3,13,18,2.95425480153991,17.5142886238243
622,Joyful Greenbul,Chlorocichla laetissima,2972,avibase-4602AC01,Joyful Greenbul,Chlorocichla laetissima,23339,Chlorocichla laetissima,joygre1,"Bulbuls",Passeriformes,https://datazone.birdlife.org/species/factsheet/22712869,1,0,0,0,0,50.2,Forest,1,1,Herbivore,Omnivore,Insessorial,137013.1,,,Least Concern,10,9,4,6,3,3.82010050303168,2.86333342264477
623,Bristlebill,Bleda syndactyla,1191,avibase-5A94FEAE,Red-tailed Bristlebill,Bleda syndactylus,23294,Bleda syndactylus,combri2,"Bulbuls",Passeriformes,https://datazone.birdlife.org/species/factsheet/22713056,1,0,0,0,0,46.1,Forest,1,1,Carnivore,Invertivore,Insessorial,3527560.89,,,Least Concern,3,2,1,2,0,0.99040666690827,0
624,Honeyguide Greenbul,Baeopogon indicator,1113,avibase-E6A0D208,Honeyguide Greenbul,Baeopogon indicator,23335,Baeopogon indicator,hongre1,"Bulbuls",Passeriformes,https://datazone.birdlife.org/species/factsheet/22712837,1,0,0,0,0,45.8,Forest,1,1,Herbivore,Frugivore,Insessorial,4280773.28,,,Least Concern,2,2,0,2,0,0,0
625,Fischer's Greenbul,Phyllastrephus fischeri,2998,avibase-2DA2C52F,Fischer's Greenbul,Phyllastrephus fischeri,23411,Phyllastrephus fischeri,fisgre1,"Bulbuls",Passeriformes,https://datazone.birdlife.org/species/factsheet/22712896,1,0,0,0,0,27,Forest,1,1,Carnivore,Invertivore,Generalist,270855.04,,,Least Concern,8,7,2,6,1,1.96856195049883,0.974821075487656
626,Olive Mountain Greenbul,Phyllastrephus placidus,1086,avibase-24F71192,Cabanis's Greenbul,Phyllastrephus cabanisi,23412,Phyllastrephus cabanisi,cabgre1,"Bulbuls",Passeriformes,https://datazone.birdlife.org/species/factsheet/22712890,1,0,0,0,0,34.4,Forest,1,1,Carnivore,Invertivore,Generalist,1995009.62,,,Least Concern,29,42,2,27,15,1.95506997528541,14.4944862501947
627,Brownbul,Phyllastrephus terrestris,546,avibase-07FD1D4C,Terrestrial Brownbul,Phyllastrephus terrestris,23401,Phyllastrephus terrestris,terbro1,"Bulbuls",Passeriformes,https://datazone.birdlife.org/species/factsheet/22712905,1,0,0,0,0,31.1,Forest,1,1,Carnivore,Invertivore,Generalist,2434586.59,,,Least Concern,9,8,4,5,3,3.93247832644786,2.91068883195828
628,Northern Brownbul,Phyllastrephus strepitans,3024,avibase-29820AD9,Northern Brownbul,Phyllastrephus strepitans,23407,Phyllastrephus strepitans,norbro1,"Bulbuls",Passeriformes,https://datazone.birdlife.org/species/factsheet/22712910,1,0,0,0,0,27.1,Shrubland,2,1,Omnivore,Invertivore,Insessorial,1347241.75,,,Least Concern,48,68,11,37,31,11.0292150370791,30.1650793395647
629,Grey-olive Greenbul,Phyllastrephus cerviniventris,965,avibase-7CE29E0E,Grey-olive Greenbul,Phyllastrephus cerviniventris,23408,Phyllastrephus cerviniventris,gyogre1,"Bulbuls",Passeriformes,https://datazone.birdlife.org/species/factsheet/22712919,1,0,0,0,0,27,Shrubland,2,1,Carnivore,Invertivore,Generalist,1170058.23,,,Least Concern,3,14,0,3,11,0,10.5335726815284
630,Yellow-streaked Greenbul,Phyllastrephus flavostriatus,547,avibase-651384DF,Yellow-streaked Greenbul,Phyllastrephus flavostriatus,23388,Phyllastrephus flavostriatus,yesbul1,"Bulbuls",Passeriformes,https://datazone.birdlife.org/species/factsheet/22730603,1,0,0,0,0,28.3,Forest,1,1,Carnivore,Invertivore,Insessorial,444379.94,"Species not recorded during both the old and new atlas, but recorded in Kenya.",,Least Concern,0,0,0,0,0,0,0
631,Toro Olive Greenbul,Phyllastrephus baumanni,3012,avibase-2E3D5AAF,Toro Olive Greenbul,Phyllastrephus hypochloris,23421,Phyllastrephus hypochloris,toogre1,"Bulbuls",Passeriformes,https://datazone.birdlife.org/species/factsheet/22712935,1,0,0,0,0,23.1,Forest,1,1,Carnivore,Invertivore,Insessorial,134659.57,,,Least Concern,1,2,0,1,1,0,0.959026240201242
632,Tiny Greenbul,Phyllastrephus debilis,548,avibase-FA137697,Lowland Tiny Greenbul,Phyllastrephus debilis,23382,Phyllastrephus debilis,tingre1,"Bulbuls",Passeriformes,https://datazone.birdlife.org/species/factsheet/103819211,1,0,0,0,0,14.3,Shrubland,2,1,Carnivore,Invertivore,Insessorial,199654.82,,,Least Concern,4,5,0,4,1,0,0.952087957490116
633,Nicator,Nicator chloris,725,avibase-7066D2F1,Eastern Nicator,Nicator gularis,21469,Nicator gularis,easnic1,"Nicators",Passeriformes,https://datazone.birdlife.org/species/factsheet/22713100,1,0,0,0,0,45.6,Woodland,1,1,Carnivore,Invertivore,Insessorial,940421.62,,,Least Concern,23,28,5,18,10,4.9641956198096,9.56318214217032
634,Stonechat,Saxicola torquata,576,avibase-CF2E9674,African Stonechat,Saxicola torquatus,27996,Saxicola torquatus,afrsto1,"Chats, Old World Flycatchers, and Allies",Passeriformes,,1,0,0,0,0,14.1,Shrubland,3,2,Carnivore,Invertivore,Insessorial,32655980.34,,,Not Evaluated,32,42,4,28,14,3.85748405561309,13.4458290663992
635,Whinchat,Saxicola rubetra,577,avibase-A0EDAEA2,Whinchat,Saxicola rubetra,27967,Saxicola rubetra,whinch1,"Chats, Old World Flycatchers, and Allies",Passeriformes,https://datazone.birdlife.org/species/factsheet/22710156,1,0,0,1,0,16.6,Shrubland,2,3,Carnivore,Invertivore,Insessorial,10238944.41,,,Least Concern,30,39,4,26,13,3.85976111331614,12.1814551433303
636,Capped Wheatear,Oenanthe pileata,568,avibase-E6BD3258,Capped Wheatear,Oenanthe pileata,28087,Oenanthe pileata,capwhe1,"Chats, Old World Flycatchers, and Allies",Passeriformes,https://datazone.birdlife.org/species/factsheet/22710329,1,0,0,0,0,26.8,Grassland,3,2,Carnivore,Invertivore,Insessorial,5997462.33,,,Least Concern,41,39,9,32,7,9.02296563572014,6.80794111473873
637,Red-breasted Wheatear,Oenanthe bottae,2664,avibase-6ADB636C,Heuglin's Wheatear,Oenanthe heuglinii,28094,Oenanthe heuglinii,heuwhe1,"Chats, Old World Flycatchers, and Allies",Passeriformes,https://datazone.birdlife.org/species/factsheet/22710348,1,0,0,0,0,19.9,Grassland,3,2,Carnivore,Invertivore,Insessorial,4731515.76,,,Least Concern,1,2,0,1,1,0,0.955521926965063
638,Isabelline Wheatear,Oenanthe isabellina,1010,avibase-E6C6F746,Isabelline Wheatear,Oenanthe isabellina,28093,Oenanthe isabellina,isawhe1,"Chats, Old World Flycatchers, and Allies",Passeriformes,https://datazone.birdlife.org/species/factsheet/22710333,1,0,0,1,0,29.4,Shrubland,3,3,Carnivore,Invertivore,Insessorial,11710698.47,,,Least Concern,100,77,27,73,4,26.9093722646779,3.89104226173608
639,Northern Wheatear,Oenanthe oenanthe,563,avibase-DF526047,Northern Wheatear,Oenanthe oenanthe,28083,Oenanthe oenanthe,norwhe,"Chats, Old World Flycatchers, and Allies",Passeriformes,https://datazone.birdlife.org/species/factsheet/103773898,1,0,0,1,0,25.4,Grassland,3,3,Carnivore,Invertivore,Insessorial,29248291.46,,,Least Concern,93,80,23,70,10,23.2376114435716,9.67524473324675
640,Pied Wheatear,Oenanthe pleschanka,1023,avibase-2FB34D83,Pied Wheatear,Oenanthe pleschanka,28079,Oenanthe pleschanka,piewhe1,"Chats, Old World Flycatchers, and Allies",Passeriformes,https://datazone.birdlife.org/species/factsheet/22710308,1,0,0,1,0,19.4,Rock,3,3,Carnivore,Invertivore,Insessorial,8846595.23,,,Least Concern,99,64,43,56,8,43.1487041331981,7.7861900679072
641,Black-eared Wheatear,Oenanthe hispanica,2674,avibase-9611335C,Western/Eastern Black-eared Wheatear,Oenanthe sp.,28078,Oenanthe hispanica|Oenanthe melanoleuca,bkewhe1|bkewhe2,"Chats, Old World Flycatchers, and Allies",Passeriformes,,2,0,0,0,0,15,Shrubland,2,3,Omnivore,Invertivore,Insessorial,3529344.19,,,Not Evaluated,1,1,1,0,1,0.952503076056223,0.970197902416558
642,Desert Wheatear,Oenanthe deserti,2670,avibase-078BC0ED,Desert Wheatear,Oenanthe deserti,28074,Oenanthe deserti,deswhe1,"Chats, Old World Flycatchers, and Allies",Passeriformes,https://datazone.birdlife.org/species/factsheet/22710325,1,0,0,0,0,19.8,Grassland,3,2,Carnivore,Invertivore,Insessorial,7736786.49,,,Least Concern,1,1,1,0,1,1.04737065643645,0.995416115101133
643,Mourning Wheatear,Oenanthe lugens,2682,avibase-5396F9FB,Abyssinian Wheatear,Oenanthe lugubris,28147,Oenanthe lugubris,mouwhe4,"Chats, Old World Flycatchers, and Allies",Passeriformes,https://datazone.birdlife.org/species/factsheet/22710287,1,0,0,0,0,22.4,Rock,3,1,Carnivore,Invertivore,Insessorial,2312897.13,,,Least Concern,12,9,4,8,1,3.95227468372057,0.970900599702378
644,Sprosser,Luscinia luscinia,592,avibase-6EC66752,Thrush Nightingale,Luscinia luscinia,27664,Luscinia luscinia,thrnig1,"Chats, Old World Flycatchers, and Allies",Passeriformes,https://datazone.birdlife.org/species/factsheet/22709691,1,0,0,1,0,23.8,Shrubland,1,3,Carnivore,Invertivore,Generalist,6890175.16,,,Least Concern,46,42,13,33,9,12.7333909319623,8.70234395429481
645,Nightingale,Luscinia megarhynchos,2596,avibase-7C7F0DEE,Common Nightingale,Luscinia megarhynchos,27665,Luscinia megarhynchos,comnig1,"Chats, Old World Flycatchers, and Allies",Passeriformes,https://datazone.birdlife.org/species/factsheet/22709696,1,0,0,1,0,19.6,Woodland,1,3,Carnivore,Invertivore,Generalist,6778462.19,,,Least Concern,46,35,20,26,9,19.805361502579,8.51355593103364
646,Irania,Irania gutturalis,2592,avibase-73BD4B29,White-throated Robin,Irania gutturalis,27662,Irania gutturalis,whtrob3,"Chats, Old World Flycatchers, and Allies",Passeriformes,https://datazone.birdlife.org/species/factsheet/22709758,1,0,0,1,0,21.6,Shrubland,2,3,Carnivore,Invertivore,Insessorial,1374813.39,,,Least Concern,26,32,10,16,16,10.0209750042104,15.3902337050245
647,Redstart,Phoenicurus phoenicurus,1004,avibase-06DD9D95,Common Redstart,Phoenicurus phoenicurus,27926,Phoenicurus phoenicurus,comred2,"Chats, Old World Flycatchers, and Allies",Passeriformes,https://datazone.birdlife.org/species/factsheet/22710055,1,0,0,1,0,14.6,Woodland,1,3,Carnivore,Invertivore,Insessorial,14485113.51,,,Least Concern,18,5,15,3,2,14.5935714370628,1.93658463785408
648,Red-tailed Chat,Cercomela familiaris,570,avibase-CD8DEBE3,Familiar Chat,Oenanthe familiaris,28110,Oenanthe familiaris,famcha1,"Chats, Old World Flycatchers, and Allies",Passeriformes,https://datazone.birdlife.org/species/factsheet/22710367,1,0,0,0,0,19.5,Shrubland,2,1,Carnivore,Invertivore,Insessorial,7293437.67,,,Least Concern,12,7,9,3,4,9.0806554146277,3.7892021135945
649,Brown-tailed Rock Chat,Cercomela scotocerca,2550,avibase-DA3F40DB,Brown-tailed Rock Chat,Oenanthe scotocerca,28119,Oenanthe scotocerca,brtcha1,"Chats, Old World Flycatchers, and Allies",Passeriformes,https://datazone.birdlife.org/species/factsheet/22710371,1,0,0,0,0,16,Rock,3,1,Omnivore,Invertivore,Generalist,554755.07,,,Least Concern,13,23,3,10,13,3.1476004769275,12.5995042877406
650,Alpine Chat,Cercomela sordida,2552,avibase-8EB0AB41,Moorland Chat,Pinarochroa sordida,28038,Pinarochroa sordida,moocha1,"Chats, Old World Flycatchers, and Allies",Passeriformes,https://datazone.birdlife.org/species/factsheet/22710389,1,0,0,0,0,21,Grassland,2,1,Carnivore,Invertivore,Insessorial,188372.16,,,Least Concern,6,9,1,5,4,1.08679167885342,3.87533613991809
651,Rock Thrush,Monticola saxatilis,2618,avibase-736D38E7,Common Rock Thrush,Monticola saxatilis,27947,Monticola saxatilis,rtrthr1,"Chats, Old World Flycatchers, and Allies",Passeriformes,https://datazone.birdlife.org/species/factsheet/22708257,1,0,0,1,0,50.3,Rock,2,3,Carnivore,Invertivore,Insessorial,8709224.99,,,Least Concern,93,68,30,63,5,29.9733988742269,4.76497174520641
652,Little Rock Thrush,Monticola rufocinerea,2616,avibase-566669CC,Little Rock Thrush,Monticola rufocinereus,27944,Monticola rufocinereus,lirthr1,"Chats, Old World Flycatchers, and Allies",Passeriformes,https://datazone.birdlife.org/species/factsheet/22708265,1,0,0,0,0,24,Rock,2,1,Carnivore,Invertivore,Insessorial,583391.08,,,Least Concern,19,37,3,16,21,2.92116487402768,20.0531031678303
653,Anteater Chat,Myrmecocichla aethiops,2650,avibase-E09F7223,Anteater Chat,Myrmecocichla aethiops,28056,Myrmecocichla aethiops,noacha1,"Chats, Old World Flycatchers, and Allies",Passeriformes,https://datazone.birdlife.org/species/factsheet/22710400,1,0,0,0,0,56.6,Grassland,3,1,Carnivore,Invertivore,Terrestrial,2152635.81,,,Least Concern,33,38,7,26,12,6.93421218446787,11.4403689789134
654,Sooty Chat,Myrmecocichla nigra,966,avibase-B55BADC1,Sooty Chat,Myrmecocichla nigra,28055,Myrmecocichla nigra,soocha1,"Chats, Old World Flycatchers, and Allies",Passeriformes,https://datazone.birdlife.org/species/factsheet/22710416,1,0,0,0,0,40.3,Grassland,3,1,Carnivore,Invertivore,Terrestrial,3505287.84,,,Least Concern,5,6,1,4,2,1.0039360443701,1.9200893173165
655,Cliff Chat,Thamnolaea cinnamomeiventris,573,avibase-F8B6EC31,Mocking Cliff Chat,Thamnolaea cinnamomeiventris,28044,Thamnolaea cinnamomeiventris,moccha1,"Chats, Old World Flycatchers, and Allies",Passeriformes,https://datazone.birdlife.org/species/factsheet/22710441,1,0,0,0,0,39.8,Rock,2,1,Herbivore,Frugivore,Insessorial,2978092.64,,,Least Concern,29,32,12,17,15,11.8267881456378,14.2282174095667
656,White-browed Scrub Robin,Cercotrichas leucophrys,588,avibase-B5B6EC7B,White-browed Scrub Robin,Cercotrichas leucophrys,27160,Cercotrichas leucophrys,rbsrob1,"Chats, Old World Flycatchers, and Allies",Passeriformes,https://datazone.birdlife.org/species/factsheet/22709927,1,0,0,0,0,16.5,Shrubland,2,1,Carnivore,Invertivore,Terrestrial,8126492.58,,,Least Concern,100,107,7,93,14,7.22653358334561,13.8004881496507
657,Brown-backed Scrub Robin,Cercotrichas hartlaubi,2556,avibase-15B2DD49,Brown-backed Scrub Robin,Cercotrichas hartlaubi,27159,Cercotrichas hartlaubi,bbsrob1,"Chats, Old World Flycatchers, and Allies",Passeriformes,https://datazone.birdlife.org/species/factsheet/22709918,1,0,0,0,0,19.2,Shrubland,2,1,Carnivore,Invertivore,Terrestrial,612316.42,"This species is prone to misidentification and its maps might be affected by error.",,Least Concern,12,15,6,6,9,5.74511353246796,8.62910117884373
658,Rufous Bush Chat,Cercotrichas galactotes,567,avibase-B68BD0D2,Rufous-tailed Scrub Robin,Cercotrichas galactotes,27149,Cercotrichas galactotes,rutscr1,"Chats, Old World Flycatchers, and Allies",Passeriformes,https://datazone.birdlife.org/species/factsheet/22709936,1,0,0,1,0,20.3,Shrubland,2,3,Omnivore,Invertivore,Generalist,9230677.97,,,Least Concern,44,39,19,25,14,18.9059793423643,13.3656992613229
659,Eastern Bearded Scrub Robin,Cercotrichas quadrivirgata,585,avibase-92908926,Bearded Scrub Robin,Tychaedon quadrivirgata,27141,Tychaedon quadrivirgata,besrob1,"Chats, Old World Flycatchers, and Allies",Passeriformes,https://datazone.birdlife.org/species/factsheet/22709891,1,0,0,0,0,26.1,Shrubland,1,1,Carnivore,Invertivore,Terrestrial,1616296.2,,,Least Concern,13,23,4,9,14,3.94163985490952,13.7700528859921
660,Morning Thrush,Cichladusa arquata,593,avibase-A0A3B03D,Collared Palm Thrush,Cichladusa arquata,27604,Cichladusa arquata,copthr1,"Chats, Old World Flycatchers, and Allies",Passeriformes,https://datazone.birdlife.org/species/factsheet/22709864,1,0,0,0,0,34.2,Shrubland,2,1,Carnivore,Invertivore,Terrestrial,2314814.62,"This map might contains errors",,Least Concern,6,9,2,4,5,2.11976286849483,4.76095741963462
661,Spotted Morning Thrush,Cichladusa guttata,2560,avibase-345658E9,Spotted Palm Thrush,Cichladusa guttata,27606,Cichladusa guttata,spmthr1,"Chats, Old World Flycatchers, and Allies",Passeriformes,https://datazone.birdlife.org/species/factsheet/22709876,1,0,0,0,0,23.1,Shrubland,2,1,Carnivore,Invertivore,Terrestrial,1373382.96,"This map might contains errors",,Least Concern,66,87,8,58,29,8.07630581406974,28.1637732537879
662,White-starred Forest Robin,Pogonocichla stellata,589,avibase-230A0342,White-starred Robin,Pogonocichla stellata,27529,Pogonocichla stellata,whsrob1,"Chats, Old World Flycatchers, and Allies",Passeriformes,https://datazone.birdlife.org/species/factsheet/22709611,1,0,0,0,0,18.6,Forest,1,1,Carnivore,Invertivore,Insessorial,1560903.36,,,Least Concern,26,34,6,20,14,5.8574836321825,13.5733705021159
663,Brown-chested Alethe,Alethe poliocephala,1109,avibase-8B7A6FE9,Brown-chested Alethe,Chamaetylas poliocephala,27559,Chamaetylas poliocephala,brcale1,"Chats, Old World Flycatchers, and Allies",Passeriformes,https://datazone.birdlife.org/species/factsheet/22708992,1,0,0,0,0,32.4,Forest,1,1,Carnivore,Invertivore,Terrestrial,1599692.41,,,Least Concern,12,11,4,8,3,3.91867523186161,2.88450165212689
665,Snowy-headed Robin Chat,Cossypha niveicapilla,2574,avibase-BB05D1FC,Snowy-crowned Robin-Chat,Cossypha niveicapilla,27596,Cossypha niveicapilla,scrcha1,"Chats, Old World Flycatchers, and Allies",Passeriformes,https://datazone.birdlife.org/species/factsheet/22709847,1,0,0,0,0,36.7,Woodland,2,1,Carnivore,Invertivore,Generalist,5176063.97,,,Least Concern,8,9,3,5,4,2.87793634182913,3.84757733496748
666,White-browed Robin Chat,Cossypha heuglini,580,avibase-16BD42DD,White-browed Robin-Chat,Cossypha heuglini,27584,Cossypha heuglini,wbrcha2,"Chats, Old World Flycatchers, and Allies",Passeriformes,https://datazone.birdlife.org/species/factsheet/22709822,1,0,0,0,0,34.8,Riverine,2,1,Carnivore,Invertivore,Terrestrial,6366999.37,,,Least Concern,61,78,5,56,22,4.90752681015538,21.4305409885036
667,Rüppell's Robin Chat,Cossypha semirufa,2576,avibase-53EABB81,Rüppell's Robin-Chat,Cossypha semirufa,27580,Cossypha semirufa,rurcha1,"Chats, Old World Flycatchers, and Allies",Passeriformes,https://datazone.birdlife.org/species/factsheet/22709815,1,0,0,0,0,27.3,Forest,2,1,Carnivore,Invertivore,Generalist,865714.31,"This species is prone to misidentification and its maps might be affected by error.",,Least Concern,14,36,2,12,24,1.90612297479665,22.9748497188058
668,Blue-shouldered Robin Chat,Cossypha cyanocampter,2570,avibase-9616C96E,Blue-shouldered Robin-Chat,Cossypha cyanocampter,27577,Cossypha cyanocampter,bsrcha1,"Chats, Old World Flycatchers, and Allies",Passeriformes,https://datazone.birdlife.org/species/factsheet/22709803,1,0,0,0,0,26.7,Shrubland,1,1,Carnivore,Invertivore,Generalist,1817635.07,,,Least Concern,2,2,0,2,0,0,0
669,Red-capped Robin Chat,Cossypha natalensis,579,avibase-3846F8A8,Red-capped Robin-Chat,Cossypha natalensis,27588,Cossypha natalensis,rcrcha1,"Chats, Old World Flycatchers, and Allies",Passeriformes,https://datazone.birdlife.org/species/factsheet/22709828,1,0,0,0,0,34.1,Woodland,2,1,Carnivore,Invertivore,Terrestrial,3643626.52,,,Least Concern,29,49,5,24,25,4.93429156177462,24.2268437645899
670,Robin Chat,Cossypha caffra,581,avibase-A38BABE1,Cape Robin-Chat,Dessonornis caffer,27621,Dessonornis caffer,carcha1,"Chats, Old World Flycatchers, and Allies",Passeriformes,https://datazone.birdlife.org/species/factsheet/22709791,1,0,0,0,0,28.5,Forest,2,1,Carnivore,Invertivore,Generalist,1628062.49,,,Least Concern,39,51,2,37,14,2.14582748566296,13.4598212460299
671,Grey-winged Ground Robin,Cossypha polioptera,1085,avibase-25C26AB9,Grey-winged Robin-Chat,Sheppardia polioptera,27628,Sheppardia polioptera,gywroc1,"Chats, Old World Flycatchers, and Allies",Passeriformes,https://datazone.birdlife.org/species/factsheet/22709809,1,0,0,0,0,18.7,Shrubland,1,1,Carnivore,Invertivore,Terrestrial,644019.5,,,Least Concern,9,11,2,7,4,2.0332607934658,3.85150857498043
672,Equatorial Akalat,Sheppardia aequatorialis,2710,avibase-C25F57BD,Equatorial Akalat,Sheppardia aequatorialis,27646,Sheppardia aequatorialis,equaka1,"Chats, Old World Flycatchers, and Allies",Passeriformes,https://datazone.birdlife.org/species/factsheet/22709642,1,0,0,0,0,16.8,Forest,1,1,Carnivore,Invertivore,Insessorial,137290.29,,,Least Concern,4,6,0,4,2,0,1.88212199676529
673,East Coast Akalat,Sheppardia gunningi,591,avibase-3E4783BA,East Coast Akalat,Sheppardia gunningi,27652,Sheppardia gunningi,eacaka1,"Chats, Old World Flycatchers, and Allies",Passeriformes,https://datazone.birdlife.org/species/factsheet/22709650,1,0,0,0,0,17.3,Forest,1,1,Carnivore,Invertivore,Insessorial,58081.47,,,Near Threatened,5,3,3,2,1,2.96588180586766,0.959669761785512
674,Red-tailed Ant Thrush,Neocossyphus rufus,2662,avibase-90FDC4CC,Red-tailed Ant Thrush,Neocossyphus rufus,26563,Neocossyphus rufus,rtathr1,"Thrushes and Allies",Passeriformes,https://datazone.birdlife.org/species/factsheet/22708188,1,0,0,0,0,65.9,Forest,1,2,Carnivore,Invertivore,Generalist,1123680.47,,,Least Concern,8,5,3,5,0,2.93041095617884,0
675,White-tailed Ant Thrush,Neocossyphus poensis,2660,avibase-0BD37CDF,White-tailed Ant Thrush,Neocossyphus poensis,26560,Neocossyphus poensis,wtathr1,"Thrushes and Allies",Passeriformes,https://datazone.birdlife.org/species/factsheet/22708195,1,0,0,0,0,51.8,Forest,1,1,Carnivore,Invertivore,Terrestrial,2510054.88,,,Least Concern,2,2,0,2,0,0,0
676,African Thrush,Turdus pelios,1168,avibase-40A2405D,African Thrush,Turdus pelios,26817,Turdus pelios,afrthr1,"Thrushes and Allies",Passeriformes,https://datazone.birdlife.org/species/factsheet/22708702,1,0,0,0,0,65.4,Woodland,2,1,Omnivore,Omnivore,Generalist,8376209.44,,,Least Concern,17,38,0,17,21,0,20.1219272719592
677,Bare-eyed Thrush,Turdus tephronotus,2750,avibase-A0DC8E87,Bare-eyed Thrush,Turdus tephronotus,26839,Turdus tephronotus,abethr1,"Thrushes and Allies",Passeriformes,https://datazone.birdlife.org/species/factsheet/22708707,1,0,0,0,0,49.4,Shrubland,2,1,Omnivore,Invertivore,Generalist,998012.21,,,Least Concern,43,59,7,36,23,7.12039991581723,22.008540110569
678,Northern Olive Thrush,Turdus abyssinicus,0,avibase-407A34D9,Abyssinian/Taita Thrush,Turdus sp.,26829,Turdus abyssinicus|Turdus helleri,abythr1|taithr1,"Thrushes and Allies",Passeriformes,,2,0,0,0,0,67.3,Forest,1,1,Omnivore,Omnivore,Generalist,985397.28,,,Endangered,41,63,4,37,26,3.8270147583694,25.1566447194178
679,Orange Ground Thrush,Zoothera gurneyi,556,avibase-45C55FDE,Orange Ground Thrush,Geokichla gurneyi,26769,Geokichla gurneyi,orgthr1,"Thrushes and Allies",Passeriformes,https://datazone.birdlife.org/species/factsheet/22708426,1,0,0,0,0,57.9,Forest,1,2,Carnivore,Invertivore,Terrestrial,421268.02,,,Least Concern,6,5,2,4,1,1.90928976406117,0.917744000397832
680,Abyssinian Ground Thrush,Zoothera piaggiae,2768,avibase-C54DCA26,Abyssinian Ground Thrush,Geokichla piaggiae,26762,Geokichla piaggiae,abgthr1,"Thrushes and Allies",Passeriformes,https://datazone.birdlife.org/species/factsheet/22730723,1,0,0,0,0,51.1,Forest,1,1,Omnivore,Omnivore,Generalist,328100.35,,,Least Concern,13,18,7,6,12,7.04052278110424,11.586552909421
681,Spotted Ground Thrush,Turdus fischeri,558,avibase-60A39CF9,Spotted Ground Thrush,Geokichla guttata,26745,Geokichla guttata,spgthr1,"Thrushes and Allies",Passeriformes,https://datazone.birdlife.org/species/factsheet/22708464,1,0,1,0,0,57.5,Forest,1,2,Omnivore,Omnivore,Terrestrial,43468.22,,,Vulnerable,8,2,6,2,0,5.92625285716841,0
682,Little Rush Warbler,Bradypterus baboecala,0,avibase-E23637BD,Little/Highland Rush Warbler,Bradypterus sp.,22495,Bradypterus baboecala|Bradypterus centralis,afbwar1|hirwar2,"Grasshopper Warblers, Grassbirds, and Allies",Passeriformes,,2,0,0,0,0,12.9,Wetland,3,1,Carnivore,Invertivore,Insessorial,3037930.36,,,Least Concern,21,43,4,17,26,3.94731907035659,24.7405828397217
683,White-winged Warbler,Bradypterus carpalis,1064,avibase-8CA1A851,White-winged Swamp Warbler,Bradypterus carpalis,22503,Bradypterus carpalis,wwswar1,"Grasshopper Warblers, Grassbirds, and Allies",Passeriformes,https://datazone.birdlife.org/species/factsheet/22714461,1,0,0,0,0,22.4,Wetland,3,1,Carnivore,Invertivore,Insessorial,116124.15,,,Least Concern,3,5,0,3,2,0,1.9261082272706
684,Cinnamon Bracken Warbler,Bradypterus cinnamomeus,1107,avibase-523913AE,Cinnamon Bracken Warbler,Bradypterus cinnamomeus,22487,Bradypterus cinnamomeus,cibwar1,"Grasshopper Warblers, Grassbirds, and Allies",Passeriformes,https://datazone.birdlife.org/species/factsheet/22714503,1,0,0,0,0,17.4,Forest,1,1,Carnivore,Invertivore,Generalist,513979.16,,,Least Concern,17,29,3,14,15,3.03001351596185,14.4707895002689
685,Evergreen Forest Warbler,Bradypterus lopezi,1106,avibase-8160D091,Evergreen Forest Warbler,Bradypterus lopezi,22477,Bradypterus lopezi,camscw1,"Grasshopper Warblers, Grassbirds, and Allies",Passeriformes,https://datazone.birdlife.org/species/factsheet/22714485,1,0,0,0,0,19.2,Forest,1,1,Carnivore,Invertivore,Generalist,424179.16,,,Least Concern,6,13,1,5,8,0.959026240201242,7.77353103294871
686,Fan-tailed Warbler,Schoenicola platyura,616,avibase-2470FC01,Fan-tailed Grassbird,Catriscus brevirostris,22459,Catriscus brevirostris,fatgra1,"Grasshopper Warblers, Grassbirds, and Allies",Passeriformes,https://datazone.birdlife.org/species/factsheet/22715572,1,0,0,0,0,15.7,Grassland,3,1,Carnivore,Invertivore,Terrestrial,2804794.87,,,Least Concern,13,15,6,7,8,5.78329730527806,7.62169667680756
687,Grasshopper Warbler,Locustella naevia,3306,avibase-BC0E4C9F,Common Grasshopper Warbler,Locustella naevia,22423,Locustella naevia,cogwar1,"Grasshopper Warblers, Grassbirds, and Allies",Passeriformes,https://datazone.birdlife.org/species/factsheet/22714657,1,0,0,0,0,13.3,Shrubland,2,3,Carnivore,Invertivore,Generalist,7984518.2,,,Least Concern,1,0,1,0,0,1.01901268370795,0
688,River Warbler,Locustella fluviatilis,598,avibase-2B020CA0,River Warbler,Locustella fluviatilis,22413,Locustella fluviatilis,eurwar2,"Grasshopper Warblers, Grassbirds, and Allies",Passeriformes,https://datazone.birdlife.org/species/factsheet/22714679,1,0,0,1,0,16.1,Wetland,3,3,Carnivore,Invertivore,Generalist,5232960.16,,,Least Concern,18,8,14,4,4,13.7310594338108,3.90019437355971
689,Savi's Warbler,Locustella luscinioides,3304,avibase-2D46BB98,Savi's Warbler,Locustella luscinioides,22414,Locustella luscinioides,savwar1,"Grasshopper Warblers, Grassbirds, and Allies",Passeriformes,https://datazone.birdlife.org/species/factsheet/22714684,1,0,0,0,0,13.9,Wetland,3,3,Carnivore,Invertivore,Generalist,4698320.69,,,Least Concern,1,0,1,0,0,0.970197902416558,0
690,Sedge Warbler,Acrocephalus schoenobaenus,608,avibase-FED5AED5,Sedge Warbler,Acrocephalus schoenobaenus,22248,Acrocephalus schoenobaenus,sedwar1,"Reed Warblers and Allies",Passeriformes,https://datazone.birdlife.org/species/factsheet/22714700,1,0,0,1,0,11.8,Wetland,3,3,Carnivore,Invertivore,Insessorial,11967937.01,,,Least Concern,53,35,27,26,9,26.5309342550973,8.4923247172999
692,Reed Warbler,Acrocephalus scirpaceus,911,avibase-3F0EE474,Common Reed Warbler,Acrocephalus scirpaceus,22265,Acrocephalus scirpaceus,eurwar1,"Reed Warblers and Allies",Passeriformes,https://datazone.birdlife.org/species/factsheet/22714722,1,0,0,1,0,12.3,Wetland,3,3,Carnivore,Invertivore,Insessorial,15112845.4,"This species is prone to misidentification and its maps might be affected by error.",,Least Concern,42,17,30,12,5,29.0571704019611,4.79653035046326
693,Marsh Warbler,Acrocephalus palustris,607,avibase-B675E006,Marsh Warbler,Acrocephalus palustris,22264,Acrocephalus palustris,marwar3,"Reed Warblers and Allies",Passeriformes,https://datazone.birdlife.org/species/factsheet/22714741,1,0,0,1,0,11.5,Shrubland,3,3,Carnivore,Invertivore,Insessorial,5996672.74,"This species is prone to misidentification and its maps might be affected by error.",,Least Concern,45,24,24,21,3,23.428160837046,2.89728466385968
694,Great Reed Warbler,Acrocephalus arundinaceus,603,avibase-B283E332,Great Reed Warbler,Acrocephalus arundinaceus,22295,Acrocephalus arundinaceus,grrwar1,"Reed Warblers and Allies",Passeriformes,https://datazone.birdlife.org/species/factsheet/104317670,1,0,0,1,0,30,Wetland,3,3,Carnivore,Invertivore,Insessorial,9336953.31,,,Least Concern,33,22,19,14,8,18.5496024563402,7.60589218783383
695,Basra Reed Warbler,Acrocephalus griseldis,949,avibase-0D42A253,Basra Reed Warbler,Acrocephalus griseldis,22276,Acrocephalus griseldis,barwar2,"Reed Warblers and Allies",Passeriformes,https://datazone.birdlife.org/species/factsheet/22714757,1,0,0,1,0,16.7,Wetland,3,3,Carnivore,Invertivore,Insessorial,105982.42,"This species is prone to misidentification and its maps might be affected by error.",,Endangered,14,9,8,6,3,7.86951493020843,2.8227725049501
696,Lesser Swamp Warbler,Acrocephalus gracilirostris,604,avibase-4AA7817D,Lesser Swamp Warbler,Acrocephalus gracilirostris,22280,Acrocephalus gracilirostris,leswar1,"Reed Warblers and Allies",Passeriformes,https://datazone.birdlife.org/species/factsheet/22714859,1,0,0,0,0,14.4,Wetland,3,1,Carnivore,Invertivore,Insessorial,4809980,,,Least Concern,27,47,1,26,21,0.977988713052154,20.0792692675841
697,Greater Swamp Warbler,Acrocephalus rufescens,912,avibase-C8857CC8,Greater Swamp Warbler,Acrocephalus rufescens,22290,Acrocephalus rufescens,grswar2,"Reed Warblers and Allies",Passeriformes,https://datazone.birdlife.org/species/factsheet/22714846,1,0,0,0,0,22.7,Wetland,3,1,Carnivore,Invertivore,Insessorial,1400095.07,,,Least Concern,7,9,0,7,2,0,1.95173322804958
698,Olivaceous Warbler,Hippolais pallida,3278,avibase-BAE527A2,Eastern Olivaceous Warbler,Iduna pallida,22230,Iduna pallida,eaowar1,"Reed Warblers and Allies",Passeriformes,https://datazone.birdlife.org/species/factsheet/22734747,1,0,0,1,0,9,Shrubland,2,3,Carnivore,Invertivore,Insessorial,4793435.1,,,Least Concern,84,63,30,54,9,30.1265965485441,8.58196248085142
699,Upcher's Warbler,Hippolais languida,3276,avibase-B10AD127,Upcher's Warbler,Hippolais languida,22221,Hippolais languida,upcwar1,"Reed Warblers and Allies",Passeriformes,https://datazone.birdlife.org/species/factsheet/22714904,1,0,0,1,0,12,Shrubland,2,3,Carnivore,Invertivore,Insessorial,3093496.38,"This species is prone to misidentification and its maps might be affected by error.",,Least Concern,44,25,28,16,9,27.6969205315211,8.72658906633646
700,Olive-tree Warbler,Hippolais olivetorum,597,avibase-791DED18,Olive-tree Warbler,Hippolais olivetorum,22222,Hippolais olivetorum,oltwar1,"Reed Warblers and Allies",Passeriformes,https://datazone.birdlife.org/species/factsheet/22714908,1,0,0,1,0,17.5,Human Modified,2,3,Carnivore,Invertivore,Insessorial,285772.62,"This species is prone to misidentification and its maps might be affected by error.",,Least Concern,11,18,5,6,12,4.85674133804489,11.4378710634979
701,Icterine Warbler,Hippolais icterina,596,avibase-869C978C,Icterine Warbler,Hippolais icterina,22219,Hippolais icterina,ictwar1,"Reed Warblers and Allies",Passeriformes,https://datazone.birdlife.org/species/factsheet/22714916,1,0,0,1,0,13.2,Woodland,1,3,Carnivore,Invertivore,Insessorial,6330920.54,"This species is prone to misidentification and its maps might be affected by error.",,Least Concern,8,11,5,3,8,4.77005600710026,7.61095099205593
702,Yellow Warbler,Chloropeta natalensis,666,avibase-EBBD09CA,African Yellow Warbler,Iduna natalensis,22238,Iduna natalensis,afywar1,"Reed Warblers and Allies",Passeriformes,https://datazone.birdlife.org/species/factsheet/22714920,1,0,0,0,0,11.7,Shrubland,2,1,Carnivore,Invertivore,Insessorial,3742433.69,,,Least Concern,20,29,6,14,15,5.81529844262292,14.4155777837338
703,Mountain Yellow Warbler,Chloropeta similis,471,avibase-E999FD2D,Mountain Yellow Warbler,Iduna similis,22237,Iduna similis,moywar1,"Reed Warblers and Allies",Passeriformes,https://datazone.birdlife.org/species/factsheet/22714927,1,0,0,0,0,11.1,Forest,2,1,Carnivore,Invertivore,Insessorial,283650.62,,,Least Concern,11,15,4,7,8,4.01906630159555,7.75273560442476
704,Papyrus Yellow Warbler,Chloropeta gracilirostris,1067,avibase-25F4FE96,Papyrus Yellow Warbler,Calamonastides gracilirostris,22244,Calamonastides gracilirostris,paywar1,"Reed Warblers and Allies",Passeriformes,,1,0,0,0,0,10.8,Wetland,3,1,Carnivore,Invertivore,Insessorial,69809.73,,,Not Evaluated,2,3,0,2,1,0,0.939260714274992
705,Barred Warbler,Sylvia nisoria,605,avibase-1EA60B94,Barred Warbler,Curruca nisoria,23758,Curruca nisoria,barwar1,"Sylviid Warblers and Allies",Passeriformes,https://datazone.birdlife.org/species/factsheet/22716937,1,0,0,1,0,22.5,Shrubland,2,3,Carnivore,Invertivore,Insessorial,10133103.58,,,Least Concern,43,24,25,18,6,24.6450876193593,5.80200945443618
706,Whitethroat,Sylvia communis,594,avibase-14AFBA82,Common Whitethroat,Curruca communis,23810,Curruca communis,grewhi1,"Sylviid Warblers and Allies",Passeriformes,https://datazone.birdlife.org/species/factsheet/22716910,1,0,0,1,0,15.1,Shrubland,3,3,Omnivore,Invertivore,Insessorial,14124012.64,,,Least Concern,63,56,18,45,11,17.7210688896552,10.5669632081162
707,Garden Warbler,Sylvia borin,595,avibase-A6A4FC63,Garden Warbler,Sylvia borin,23737,Sylvia borin,garwar1,"Sylviid Warblers and Allies",Passeriformes,https://datazone.birdlife.org/species/factsheet/22716906,1,0,0,1,0,18.2,Woodland,1,3,Omnivore,Omnivore,Insessorial,9648408.47,,,Least Concern,48,47,16,32,15,15.6244749057299,14.5458082108727
708,Blackcap,Sylvia atricapilla,969,avibase-61F9065B,Eurasian Blackcap,Sylvia atricapilla,23740,Sylvia atricapilla,blackc1,"Sylviid Warblers and Allies",Passeriformes,https://datazone.birdlife.org/species/factsheet/22716901,1,0,0,1,0,16.7,Woodland,1,3,Omnivore,Omnivore,Insessorial,8628077.66,,,Least Concern,40,47,8,32,15,7.81892728614127,14.4601999129173
709,Moustached Warbler,Sphenoeacus mentalis,617,avibase-1478AA79,Moustached Grass Warbler,Melocichla mentalis,21495,Melocichla mentalis,mogwar1,"Longbills, Crombecs, and Allies",Passeriformes,https://datazone.birdlife.org/species/factsheet/22714634,1,0,0,0,0,33.2,Shrubland,2,1,Carnivore,Invertivore,Insessorial,6248614.06,,,Least Concern,20,25,5,15,10,4.86039925307882,9.54918814937894
710,Yellow-throated Woodland Warbler,Phylloscopus ruficapilla,671,avibase-F6B77E64,Yellow-throated Woodland Warbler,Phylloscopus ruficapilla,23130,Phylloscopus ruficapilla,yetwow1,"Leaf Warblers",Passeriformes,https://datazone.birdlife.org/species/factsheet/22715207,1,0,0,0,0,7.7,Forest,1,1,Carnivore,Invertivore,Insessorial,423407.96,,,Least Concern,1,3,0,1,2,0,1.92717675516748
711,Uganda Woodland Warbler,Phylloscopus budongoensis,3370,avibase-132E0773,Uganda Woodland Warbler,Phylloscopus budongoensis,23148,Phylloscopus budongoensis,ugawow1,"Leaf Warblers",Passeriformes,https://datazone.birdlife.org/species/factsheet/22715228,1,0,0,0,0,8.2,Forest,1,1,Carnivore,Invertivore,Insessorial,176695.47,,,Least Concern,2,2,1,1,1,0.987532388921573,0.953396142674805
712,Brown Woodland Warbler,Phylloscopus umbrovirens,3382,avibase-E22B8495,Brown Woodland Warbler,Phylloscopus umbrovirens,23138,Phylloscopus umbrovirens,brwwar1,"Leaf Warblers",Passeriformes,https://datazone.birdlife.org/species/factsheet/22715234,1,0,0,0,0,8.6,Forest,2,1,Carnivore,Invertivore,Insessorial,611974.74,,,Least Concern,26,29,6,20,9,5.94373813847656,8.76584213054768
713,Wood Warbler,Phylloscopus sibilatrix,947,avibase-572C4C7F,Wood Warbler,Phylloscopus sibilatrix,23064,Phylloscopus sibilatrix,woowar,"Leaf Warblers",Passeriformes,https://datazone.birdlife.org/species/factsheet/22715260,1,0,0,1,0,9.2,Forest,1,3,Carnivore,Invertivore,Insessorial,6359810.96,"This species is prone to misidentification and its maps might be affected by error.",,Least Concern,5,7,4,1,6,3.77596786705085,5.74298097302582
714,Chiffchaff,Phylloscopus collybita,1054,avibase-F9F4B04D,Common Chiffchaff,Phylloscopus collybita,23116,Phylloscopus collybita,comchi1,"Leaf Warblers",Passeriformes,,1,0,0,1,0,8.3,Forest,1,3,Carnivore,Invertivore,Insessorial,7564956.38,"This species is prone to misidentification and its maps might be affected by error.",,Not Evaluated,13,9,10,3,6,9.83746413813459,5.7783642800997
715,Willow Warbler,Phylloscopus trochilus,599,avibase-88F4B969,Willow Warbler,Phylloscopus trochilus,23105,Phylloscopus trochilus,wlwwar,"Leaf Warblers",Passeriformes,https://datazone.birdlife.org/species/factsheet/22715240,1,0,0,1,0,8.7,Forest,1,3,Carnivore,Invertivore,Insessorial,15839222.41,,,Least Concern,97,86,17,80,6,17.3057620749444,5.83924456839308
716,Pectoral-patch Cisticola,Cisticola brunnescens,3114,avibase-006667E7,Pectoral-patch Cisticola,Cisticola brunnescens,22173,Cisticola brunnescens,pepcis1,"Cisticolas and Allies",Passeriformes,https://datazone.birdlife.org/species/factsheet/103776392,1,0,0,0,0,8,Grassland,3,1,Carnivore,Invertivore,Terrestrial,465384.19,,,Least Concern,15,27,3,12,15,2.90388952994306,14.3208554957123
717,Wing-snapping Cisticola,Cisticola ayresii,634,avibase-78573BB2,Wing-snapping Cisticola,Cisticola ayresii,22184,Cisticola ayresii,wiscis1,"Cisticolas and Allies",Passeriformes,https://datazone.birdlife.org/species/factsheet/22713540,1,0,0,0,0,7,Grassland,3,1,Carnivore,Invertivore,Insessorial,1258911.91,,,Least Concern,7,12,3,4,8,2.8450971414056,7.70800177023871
718,Black-backed Cisticola,Cisticola eximia,3130,avibase-53E61277,Black-backed Cisticola,Cisticola eximius,22166,Cisticola eximius,blncis1,"Cisticolas and Allies",Passeriformes,https://datazone.birdlife.org/species/factsheet/22713524,1,0,0,0,0,12,Grassland,3,1,Carnivore,Invertivore,Terrestrial,652428.41,,,Least Concern,0,4,0,0,4,0,3.73273539525402
719,Zitting Cisticola,Cisticola juncidis,629,avibase-AEE2063F,Zitting Cisticola,Cisticola juncidis,22130,Cisticola juncidis,zitcis1,"Cisticolas and Allies",Passeriformes,https://datazone.birdlife.org/species/factsheet/22713491,1,0,0,0,0,6.8,Grassland,3,3,Carnivore,Invertivore,Generalist,18929166.75,,,Least Concern,22,50,4,18,32,4.04782882573839,30.4577631496093
720,Desert Cisticola,Cisticola aridulus,630,avibase-A2C88219,Desert Cisticola,Cisticola aridulus,22150,Cisticola aridulus,descis1,"Cisticolas and Allies",Passeriformes,https://datazone.birdlife.org/species/factsheet/22713515,1,0,0,0,0,9.2,Grassland,3,1,Carnivore,Invertivore,Insessorial,4468382.38,,,Least Concern,19,29,7,12,17,6.97831349257107,16.2599267349276
721,Croaking Cisticola,Cisticola natalensis,647,avibase-FB740D14,Croaking Cisticola,Cisticola natalensis,22093,Cisticola natalensis,crocis1,"Cisticolas and Allies",Passeriformes,https://datazone.birdlife.org/species/factsheet/22713440,1,0,0,0,0,16.4,Grassland,2,1,Carnivore,Invertivore,Generalist,7970636.77,,,Least Concern,19,24,4,15,9,3.91235291429637,8.49008777656994
722,Stout Cisticola,Cisticola robustus,3152,avibase-D3B1A98B,Stout Cisticola,Cisticola robustus,22085,Cisticola robustus,stocis1,"Cisticolas and Allies",Passeriformes,https://datazone.birdlife.org/species/factsheet/22713430,1,0,0,0,0,18.5,Grassland,3,1,Carnivore,Invertivore,Generalist,1229121.48,,,Least Concern,16,29,1,15,14,0.939260714274992,13.3379656601511
723,Aberdare Cisticola,Cisticola aberdare,3108,avibase-3C79F1AC,Aberdare Cisticola,Cisticola aberdare,22112,Cisticola aberdare,abecis1,"Cisticolas and Allies",Passeriformes,https://datazone.birdlife.org/species/factsheet/22713436,1,1,0,0,0,24,Grassland,3,1,Carnivore,Invertivore,Generalist,1272.48,,,Vulnerable,3,7,0,3,4,0,3.75203968270417
724,Wailing Cisticola,Cisticola lais,639,avibase-5FD10562,Wailing Cisticola,Cisticola lais,22048,Cisticola lais,waicis1,"Cisticolas and Allies",Passeriformes,,1,0,0,0,0,14.8,Grassland,3,1,Carnivore,Invertivore,Insessorial,881974.02,,,Not Evaluated,4,9,0,4,5,0,4.86962354111983
725,Ashy Cisticola,Cisticola cinereola,3124,avibase-71F6A3F0,Ashy Cisticola,Cisticola cinereolus,22028,Cisticola cinereolus,ashcis1,"Cisticolas and Allies",Passeriformes,https://datazone.birdlife.org/species/factsheet/22713340,1,0,0,0,0,17,Desert,3,1,Carnivore,Invertivore,Terrestrial,614939.78,,,Least Concern,28,23,9,19,4,8.85310922070735,3.75657387732814
726,Tana River Cisticola,Cisticola restricta,3150,avibase-2E0E6C82,Tana River Cisticola,Cisticola restrictus,22056,Cisticola restrictus,tarcis1,"Cisticolas and Allies",Passeriformes,https://datazone.birdlife.org/species/factsheet/22713394,1,1,0,0,0,13.2,Shrubland,2,1,Carnivore,Invertivore,Generalist,3370.75,"Species not recorded during both the old and new atlas, but recorded in Kenya.",,Data Deficient,0,0,0,0,0,0,0
727,Rattling Cisticola,Cisticola chiniana,642,avibase-909FEE8A,Rattling Cisticola,Cisticola chiniana,22010,Cisticola chiniana,ratcis1,"Cisticolas and Allies",Passeriformes,https://datazone.birdlife.org/species/factsheet/22713333,1,0,0,0,0,16.1,Shrubland,2,1,Carnivore,Invertivore,Insessorial,6716168.11,,,Least Concern,81,82,10,71,11,9.98013785155534,10.6400507194991
728,Boran Cisticola,Cisticola bodessa,3112,avibase-F8469E3F,Boran Cisticola,Cisticola bodessa,22007,Cisticola bodessa,borcis1,"Cisticolas and Allies",Passeriformes,https://datazone.birdlife.org/species/factsheet/22713329,1,0,0,0,0,17.1,Shrubland,3,1,Carnivore,Invertivore,Insessorial,437584.83,,,Least Concern,5,14,3,2,12,3.07146736602426,11.5780764974328
729,Tiny Cisticola,Cisticola nana,3146,avibase-BF29E8B6,Tiny Cisticola,Cisticola nana,22129,Cisticola nana,tincis3,"Cisticolas and Allies",Passeriformes,https://datazone.birdlife.org/species/factsheet/22713487,1,0,0,0,0,5,Grassland,2,1,Carnivore,Invertivore,Generalist,685105.62,"This map might contains errors",,Least Concern,24,31,9,15,16,9.09011370518084,15.2484319822984
730,Siffling Cisticola,Cisticola brachyptera,636,avibase-FBDCA962,Short-winged Cisticola,Cisticola brachypterus,22115,Cisticola brachypterus,sifcis1,"Cisticolas and Allies",Passeriformes,https://datazone.birdlife.org/species/factsheet/22713474,1,0,0,0,0,7.8,Woodland,2,1,Carnivore,Invertivore,Insessorial,7674053.24,,,Least Concern,20,36,7,13,23,6.81966482192384,22.1552188263646
731,Foxy Cisticola,Cisticola troglodytes,3164,avibase-844A290B,Foxy Cisticola,Cisticola troglodytes,22126,Cisticola troglodytes,foxcis1,"Cisticolas and Allies",Passeriformes,https://datazone.birdlife.org/species/factsheet/22713483,1,0,0,0,0,8.2,Shrubland,2,1,Carnivore,Invertivore,Generalist,1158307.92,,,Least Concern,0,2,0,0,2,0,1.97386903187446
732,Tabora Cisticola,Cisticola fulvicapilla,3102,avibase-9CE4FC4C,Long-tailed Cisticola,Cisticola angusticauda,22113,Cisticola angusticauda,tabcis1,"Cisticolas and Allies",Passeriformes,https://datazone.birdlife.org/species/factsheet/22713453,1,0,0,0,0,8.2,Woodland,2,1,Carnivore,Invertivore,Generalist,923133.83,,,Least Concern,4,6,1,3,3,1.0039360443701,2.85233073044051
733,Rock-loving Cisticola,Cisticola aberrans,3098,avibase-AB6AE581,Rock-loving Cisticola,Cisticola aberrans,21998,Cisticola aberrans,rolcis2,"Cisticolas and Allies",Passeriformes,https://datazone.birdlife.org/species/factsheet/103775454,1,0,0,0,0,14.2,Rock,3,1,Carnivore,Invertivore,Generalist,2482236.37,,,Least Concern,1,7,1,0,7,0.977856010564024,6.62529009919556
734,Whistling Cisticola,Cisticola lateralis,3136,avibase-5A184029,Whistling Cisticola,Cisticola lateralis,21979,Cisticola lateralis,whicis1,"Cisticolas and Allies",Passeriformes,https://datazone.birdlife.org/species/factsheet/22713283,1,0,0,0,0,16.8,Shrubland,2,1,Carnivore,Invertivore,Generalist,3066342.45,,,Least Concern,5,8,1,4,4,0.948004862250568,3.93143384318012
735,Trilling Cisticola,Cisticola woosnami,3166,avibase-5BD1E605,Trilling Cisticola,Cisticola woosnami,21984,Cisticola woosnami,tricis1,"Cisticolas and Allies",Passeriformes,https://datazone.birdlife.org/species/factsheet/22713291,1,0,0,0,0,13.5,Grassland,3,1,Carnivore,Invertivore,Generalist,1290884.31,,,Least Concern,6,5,3,3,2,2.84938659231624,1.89014092515974
736,Red-faced Cisticola,Cisticola erythrops,644,avibase-47053A35,Red-faced Cisticola,Cisticola erythrops,21964,Cisticola erythrops,refcis1,"Cisticolas and Allies",Passeriformes,https://datazone.birdlife.org/species/factsheet/22713268,1,0,0,0,0,14.8,Grassland,3,1,Carnivore,Invertivore,Insessorial,6407914.95,,,Least Concern,21,43,0,21,22,0,21.0380680542583
737,Singing Cisticola,Cisticola cantans,643,avibase-6B64558B,Singing Cisticola,Cisticola cantans,21971,Cisticola cantans,sincis1,"Cisticolas and Allies",Passeriformes,https://datazone.birdlife.org/species/factsheet/22713279,1,0,0,0,0,11.7,Shrubland,2,1,Carnivore,Invertivore,Insessorial,5670957.17,,,Least Concern,37,45,9,28,17,8.93216818316981,16.3607405186515
738,Hunter's Cisticola,Cisticola hunteri,632,avibase-373DCDF4,Hunter's Cisticola,Cisticola hunteri,21995,Cisticola hunteri,huncis1,"Cisticolas and Allies",Passeriformes,https://datazone.birdlife.org/species/factsheet/22713309,1,0,0,0,0,15.5,Shrubland,2,1,Carnivore,Invertivore,Generalist,133032.12,,,Least Concern,20,25,2,18,7,2.05887613391936,6.82751851429068
739,Chubb's Cisticola,Cisticola chubbi,3122,avibase-4849AA43,Chubb's Cisticola,Cisticola chubbi,21990,Cisticola chubbi,chucis1,"Cisticolas and Allies",Passeriformes,https://datazone.birdlife.org/species/factsheet/22730835,1,0,0,0,0,16,Shrubland,2,1,Carnivore,Invertivore,Insessorial,322235.69,,,Least Concern,10,9,3,7,2,2.92327756210321,1.94524479486253
740,Winding Cisticola,Cisticola galactotes,0,avibase-143D3D6B,Winding/Coastal Cisticola,Cisticola sp.,22060,Cisticola marginatus|Cisticola haematocephalus,wincis3|wincis4,"Cisticolas and Allies",Passeriformes,,2,0,0,0,0,13.1,Wetland,2,1,Carnivore,Invertivore,Insessorial,211038.11,,,Least Concern,56,70,7,49,21,7.02842119707939,20.0915406782124
741,Carruthers' Cisticola,Cisticola carruthersi,3118,avibase-2C6D5362,Carruthers's Cisticola,Cisticola carruthersi,22077,Cisticola carruthersi,carcis1,"Cisticolas and Allies",Passeriformes,https://datazone.birdlife.org/species/factsheet/22713415,1,0,0,0,0,11.2,Wetland,2,1,Carnivore,Invertivore,Insessorial,174334.6,,,Least Concern,4,5,0,4,1,0,0.947805722007291
742,Tinkling Cisticola,Cisticola tinniens,646,avibase-F936B680,Levaillant's Cisticola,Cisticola tinniens,22078,Cisticola tinniens,tincis1,"Cisticolas and Allies",Passeriformes,https://datazone.birdlife.org/species/factsheet/22713419,1,0,0,0,0,11.4,Wetland,3,1,Carnivore,Invertivore,Insessorial,1754614.86,,,Least Concern,10,12,1,9,3,0.901298652314584,2.874160523101
743,Tawny-flanked Prinia,Prinia subflava,649,avibase-63F72CA7,Tawny-flanked Prinia,Prinia subflava,21890,Prinia subflava,tafpri1,"Cisticolas and Allies",Passeriformes,https://datazone.birdlife.org/species/factsheet/22713607,1,0,0,0,0,8.6,Shrubland,2,1,Carnivore,Invertivore,Insessorial,14611740.02,,,Least Concern,78,85,4,74,11,4.13988700506135,10.7912486872635
744,Pale Prinia,Prinia somalica,3188,avibase-319F6754,Pale Prinia,Prinia somalica,21912,Prinia somalica,palpri1,"Cisticolas and Allies",Passeriformes,https://datazone.birdlife.org/species/factsheet/22713611,1,0,0,0,0,7.5,Shrubland,2,1,Carnivore,Invertivore,Insessorial,1273080.06,"This map might contains errors",,Least Concern,29,36,16,13,23,15.9544866161164,22.3614832496199
745,White-chinned Prinia,Prinia leucopogon,3180,avibase-95B6C7C5,White-chinned Prinia,Schistolais leucopogon,21601,Schistolais leucopogon,whcpri2,"Cisticolas and Allies",Passeriformes,https://datazone.birdlife.org/species/factsheet/22713643,1,0,0,0,0,11.7,Forest,2,1,Carnivore,Invertivore,Insessorial,2377144.23,,,Least Concern,16,13,4,12,1,3.81528369634733,0.951522974298837
746,Banded Prinia,Prinia bairdii,1155,avibase-C54D2FEE,Banded Prinia,Prinia bairdii,21927,Prinia bairdii,banpri1,"Cisticolas and Allies",Passeriformes,https://datazone.birdlife.org/species/factsheet/22713647,1,0,0,0,0,13.4,Forest,1,1,Carnivore,Invertivore,Insessorial,1110524.41,,,Least Concern,4,5,1,3,2,0.946469114612371,1.87872090025309
747,Red-fronted Warbler,Spiloptila rufifrons,3192,avibase-D8177CEC,Red-fronted Prinia,Prinia rufifrons,21937,Prinia rufifrons,refwar2,"Cisticolas and Allies",Passeriformes,https://datazone.birdlife.org/species/factsheet/22713834,1,0,0,0,0,6.5,Shrubland,2,2,Carnivore,Invertivore,Insessorial,1242957.36,,,Least Concern,30,47,9,21,26,8.88969259509972,25.1755256419201
748,Red-winged Warbler,Heliolais erythroptera,620,avibase-C67FD539,Red-winged Prinia,Prinia erythroptera,21932,Prinia erythroptera,rewpri1,"Cisticolas and Allies",Passeriformes,https://datazone.birdlife.org/species/factsheet/22713671,1,0,0,0,0,11.5,Woodland,2,1,Carnivore,Invertivore,Insessorial,3486114.04,,,Least Concern,0,1,0,0,1,0,0.987532388921573
749,Buff-bellied Warbler,Phyllolais pulchella,3176,avibase-DFC5A27D,Buff-bellied Warbler,Phyllolais pulchella,21677,Phyllolais pulchella,bubwar2,"Cisticolas and Allies",Passeriformes,https://datazone.birdlife.org/species/factsheet/22714944,1,0,0,0,0,6,Woodland,2,1,Carnivore,Invertivore,Insessorial,2078702.06,,,Least Concern,33,53,4,29,24,4.00383062503204,22.9336004269087
750,Yellow-breasted Apalis,Apalis flavida,625,avibase-E70F9747,Yellow-breasted Apalis,Apalis flavida,21715,Apalis flavida,yebapa1,"Cisticolas and Allies",Passeriformes,,1,0,0,0,0,8.2,Woodland,2,1,Carnivore,Invertivore,Insessorial,4880471.31,,,Not Evaluated,81,97,5,76,21,5.07152228935855,20.6692222278646
751,Black-throated Apalis,Apalis jacksoni,3074,avibase-1ABAB622,Black-throated Apalis,Apalis jacksoni,21704,Apalis jacksoni,bltapa1,"Cisticolas and Allies",Passeriformes,https://datazone.birdlife.org/species/factsheet/22713733,1,0,0,0,0,8.7,Forest,1,1,Carnivore,Invertivore,Insessorial,541008.1,,,Least Concern,16,19,5,11,8,4.99760162987821,7.69071816124423
752,White-winged Apalis,Apalis chariessa,3068,avibase-184BA213,White-winged Apalis,Apalis chariessa,21708,Apalis chariessa,whwapa1,"Cisticolas and Allies",Passeriformes,https://datazone.birdlife.org/species/factsheet/22713737,1,0,0,0,0,9.2,Forest,1,1,Carnivore,Invertivore,Insessorial,19597.73,"Species not recorded during both the old and new atlas, but recorded in Kenya.",,Near Threatened,0,0,0,0,0,0,0
753,Bar-throated Apalis,Apalis thoracica,0,avibase-C9C9D426,Bar-throated/Taita Apalis,Apalis sp.,21679,Apalis thoracica|Apalis fuscigularis,batapa2|batapa4,"Cisticolas and Allies",Passeriformes,,2,0,0,0,0,11,Forest,1,1,Carnivore,Invertivore,Insessorial,6.53,"This map might contains errors",,Critically Endangered,1,4,0,1,3,0,2.91558707420884
754,Grey Apalis,Apalis cinerea,3070,avibase-7A8A8FCF,Grey Apalis,Apalis cinerea,21758,Apalis cinerea,gryapa1,"Cisticolas and Allies",Passeriformes,https://datazone.birdlife.org/species/factsheet/22730909,1,0,0,0,0,9.9,Forest,1,1,Carnivore,Invertivore,Insessorial,435159.52,,,Least Concern,22,34,0,22,12,0,11.6692693923881
755,Buff-throated Apalis,Apalis rufogularis,1099,avibase-75E0430B,Buff-throated Apalis,Apalis rufogularis,21730,Apalis rufogularis,butapa1,"Cisticolas and Allies",Passeriformes,https://datazone.birdlife.org/species/factsheet/22713770,1,0,0,0,0,8.3,Forest,1,1,Carnivore,Invertivore,Insessorial,2747284.94,,,Least Concern,4,6,0,4,2,0,1.88212199676529
756,Chestnut-throated Apalis,Apalis porphyrolaema,3082,avibase-E8F03B18,Chestnut-throated Apalis,Apalis porphyrolaema,21741,Apalis porphyrolaema,chtapa3,"Cisticolas and Allies",Passeriformes,https://datazone.birdlife.org/species/factsheet/22713796,1,0,0,0,0,8.4,Forest,1,1,Carnivore,Invertivore,Insessorial,147536.87,,,Least Concern,21,25,3,18,7,2.99476161593637,6.88428231605045
757,Black-headed Apalis,Apalis melanocephala,623,avibase-4FE76868,Black-headed Apalis,Apalis melanocephala,21745,Apalis melanocephala,blhapa1,"Cisticolas and Allies",Passeriformes,https://datazone.birdlife.org/species/factsheet/22713811,1,0,0,0,0,8.8,Forest,1,1,Carnivore,Invertivore,Insessorial,375838.95,"This map might contains errors",,Least Concern,15,21,4,11,10,3.93287792002058,9.50213204462657
758,Black-collared Apalis,Apalis pulchra,3084,avibase-91FD087B,Black-collared Apalis,Oreolais pulcher,21617,Oreolais pulcher,blcapa2,"Cisticolas and Allies",Passeriformes,https://datazone.birdlife.org/species/factsheet/22713703,1,0,0,0,0,8.4,Forest,1,1,Carnivore,Invertivore,Insessorial,100450.2,,,Least Concern,16,21,3,13,8,2.88484146404731,7.72024393444275
759,Black-faced Rufous Warbler,Bathmocercus cerviniventris,1114,avibase-438D0DFF,Black-faced Rufous Warbler,Bathmocercus rufus,21960,Bathmocercus rufus,bkfruw1,"Cisticolas and Allies",Passeriformes,https://datazone.birdlife.org/species/factsheet/22714574,1,0,0,0,0,15.4,Forest,1,1,Carnivore,Invertivore,Insessorial,638060.54,,,Least Concern,8,4,4,4,0,3.90098064954913,0
760,Grey-backed Camaroptera,Camaroptera brachyura,627,avibase-DC456636,Bleating Camaroptera,Camaroptera brachyura,21649,Camaroptera brachyura,grbcam1,"Cisticolas and Allies",Passeriformes,https://datazone.birdlife.org/species/factsheet/103774592,1,0,0,0,0,9.7,Forest,1,1,Carnivore,Invertivore,Insessorial,15929835.83,,,Least Concern,95,101,4,91,10,4.0155772550343,9.90926103589675
761,Grey Wren Warbler,Camaroptera simplex,0,avibase-7D4883D7,Grey/Miombo Wren-Warbler,Calamonastes sp.,21633,Calamonastes simplex|Calamonastes undosus,grywrw1|miowrw2,"Cisticolas and Allies",Passeriformes,,2,0,0,0,0,12,Woodland,3,1,Carnivore,Invertivore,Insessorial,1535343.54,,"Historical lump of 2 species, treated as one taxon (Camaroptera simplex) in the 1970-1984 atlas: Gray Wren-Warbler (Calamonastes simplex, 3913 Kenyan eBird records 2009-2023); Miombo Wren-Warbler (Calamonastes undosus, 223 Kenyan eBird records 2009-2023). At least one member was already a distinct, field-separable species during the atlas era; old-atlas records for this concept may include unseparated or misidentified individuals of either.",Least Concern,66,75,15,51,24,15.2055213521956,23.0963339035369
762,Olive-green Camaroptera,Camaroptera chloronota,1189,avibase-65393B92,Olive-green Camaroptera,Camaroptera chloronota,21668,Camaroptera chloronota,olgcam1,"Cisticolas and Allies",Passeriformes,,1,0,0,0,0,11.4,Forest,1,1,Carnivore,Invertivore,Insessorial,1659026,,,Not Evaluated,2,4,0,2,2,0,1.93498533926503
763,Grey-capped Warbler,Eminia lepida,3170,avibase-31E5F1E9,Grey-capped Warbler,Eminia lepida,21957,Eminia lepida,gycwar3,"Cisticolas and Allies",Passeriformes,https://datazone.birdlife.org/species/factsheet/22713847,1,0,0,0,0,20.2,Shrubland,1,1,Carnivore,Invertivore,Insessorial,631640.65,,,Least Concern,35,48,1,34,14,1.05903580680954,13.4933929091456
764,Yellow-bellied Eremomela,Eremomela icteropygialis,600,avibase-183E7FD0,Yellow-bellied Eremomela,Eremomela icteropygialis,21560,Eremomela icteropygialis,yebere1,"Cisticolas and Allies",Passeriformes,https://datazone.birdlife.org/species/factsheet/22715023,1,0,0,0,0,7.5,Shrubland,2,1,Carnivore,Invertivore,Insessorial,8262133.26,,,Least Concern,46,50,10,36,14,9.896429006829,13.6265761599657
765,Yellow-vented Eremomela,Eremomela flavicrissalis,3268,avibase-D46EE5F8,Yellow-vented Eremomela,Eremomela flavicrissalis,21559,Eremomela flavicrissalis,yevere1,"Cisticolas and Allies",Passeriformes,https://datazone.birdlife.org/species/factsheet/22715034,1,0,0,0,0,4.5,Shrubland,2,1,Carnivore,Invertivore,Insessorial,893727.78,,,Least Concern,18,24,6,12,12,5.95869793243496,11.6931184740817
766,Green-capped Eremomela,Eremomela scotops,602,avibase-0394BA0B,Green-capped Eremomela,Eremomela scotops,21577,Eremomela scotops,greere1,"Cisticolas and Allies",Passeriformes,https://datazone.birdlife.org/species/factsheet/22715050,1,0,0,0,0,9,Woodland,2,1,Carnivore,Invertivore,Insessorial,4568185.56,,,Least Concern,6,11,1,5,6,0.91969906342994,5.68302230920008
767,Green-backed Eremomela,Eremomela pusilla,3262,avibase-75932535,Green-backed Eremomela,Eremomela canescens,21573,Eremomela canescens,grbere1,"Cisticolas and Allies",Passeriformes,https://datazone.birdlife.org/species/factsheet/22715045,1,0,0,0,0,6.9,Woodland,2,1,Carnivore,Invertivore,Insessorial,2254734.87,,,Least Concern,4,4,1,3,1,1.0039360443701,0.952914441572951
768,Turner's Eremomela,Eremomela turneri,3272,avibase-7D340BF9,Turner's Eremomela,Eremomela turneri,21590,Eremomela turneri,turere1,"Cisticolas and Allies",Passeriformes,https://datazone.birdlife.org/species/factsheet/22715064,1,1,0,0,0,7.3,Forest,1,1,Carnivore,Invertivore,Insessorial,980.79,,,Near Threatened,1,2,0,1,1,0,0.959026240201242
769,White-browed Crombec,Sylvietta leucophrys,3432,avibase-489FFCA9,White-browed Crombec,Sylvietta leucophrys,21511,Sylvietta leucophrys,whbcro2,"Longbills, Crombecs, and Allies",Passeriformes,,1,0,0,0,0,11.3,Forest,2,1,Carnivore,Invertivore,Insessorial,156344.04,,,Not Evaluated,14,21,2,12,9,1.92917649999455,8.72737016316697
770,Green Crombec,Sylvietta virens,3436,avibase-83E5801B,Green Crombec,Sylvietta virens,21503,Sylvietta virens,grecro1,"Longbills, Crombecs, and Allies",Passeriformes,https://datazone.birdlife.org/species/factsheet/22715099,1,0,0,0,0,8.4,Forest,2,1,Carnivore,Invertivore,Insessorial,3738336.18,,,Least Concern,1,1,1,0,1,0.953396142674805,0.987532388921573
771,Red-faced Crombec,Sylvietta whytii,913,avibase-A9030503,Red-faced Crombec,Sylvietta whytii,21527,Sylvietta whytii,refcro1,"Longbills, Crombecs, and Allies",Passeriformes,https://datazone.birdlife.org/species/factsheet/22715131,1,0,0,0,0,9.9,Woodland,2,1,Carnivore,Invertivore,Insessorial,1855770.99,,,Least Concern,57,78,4,53,25,3.99404984307415,24.3156366445488
772,Northern Crombec,Sylvietta brachyura,3426,avibase-7542C6F1,Northern Crombec,Sylvietta brachyura,21515,Sylvietta brachyura,norcro1,"Longbills, Crombecs, and Allies",Passeriformes,,1,0,0,0,0,8.1,Woodland,2,1,Carnivore,Invertivore,Insessorial,5897093.52,,,Not Evaluated,63,72,10,53,19,10.0307604997216,19.0529327170674
773,Somali Long-billed Crombec,Sylvietta isabellina,3430,avibase-6B9529AE,Somali Crombec,Sylvietta isabellina,21532,Sylvietta isabellina,somcro1,"Longbills, Crombecs, and Allies",Passeriformes,https://datazone.birdlife.org/species/factsheet/22715135,1,0,0,0,0,10,Shrubland,2,1,Carnivore,Invertivore,Insessorial,901911.55,,,Least Concern,17,13,11,6,7,10.9208039958712,6.73333186251901
774,Brown Parisoma,Parisoma lugens,3358,avibase-16FEF081,Brown Parisoma,Curruca lugens,23783,Curruca lugens,brnwar1,"Sylviid Warblers and Allies",Passeriformes,https://datazone.birdlife.org/species/factsheet/22716878,1,0,0,0,0,14.9,Woodland,2,1,Carnivore,Invertivore,Insessorial,401532.97,,,Least Concern,18,30,3,15,15,3.08092501962516,14.3806428104292
775,Banded Parisoma,Parisoma boehmi,3356,avibase-982C918E,Banded Parisoma,Curruca boehmi,23766,Curruca boehmi,banwar2,"Sylviid Warblers and Allies",Passeriformes,https://datazone.birdlife.org/species/factsheet/22716883,1,0,0,0,0,14,Woodland,2,1,Omnivore,Omnivore,Insessorial,757783.64,,,Least Concern,26,43,5,21,22,5.08192303770309,21.3447529915309
776,Kretschmer's Longbill,Macrosphenus kretschmeri,3314,avibase-D8BFA987,Kretschmer's Longbill,Macrosphenus kretschmeri,21481,Macrosphenus kretschmeri,krelon1,"Longbills, Crombecs, and Allies",Passeriformes,https://datazone.birdlife.org/species/factsheet/22715166,1,0,0,0,0,20,Forest,1,1,Carnivore,Invertivore,Insessorial,120112.34,"Species not recorded during both the old and new atlas, but recorded in Kenya.",,Least Concern,0,0,0,0,0,0,0
777,Green Hylia,Hylia prasina,3282,avibase-98BA31AA,Green Hylia,Hylia prasina,22850,Hylia prasina,grehyl1,"Hylias",Passeriformes,https://datazone.birdlife.org/species/factsheet/22715182,1,0,0,0,0,13.1,Forest,1,1,Carnivore,Invertivore,Insessorial,4144582.44,,,Least Concern,2,2,0,2,0,0,0
778,Southern Hyliota,Hyliota australis,668,avibase-F840409E,Southern Hyliota,Hyliota australis,20626,Hyliota australis,souhyl1,"Hyliotas",Passeriformes,https://datazone.birdlife.org/species/factsheet/22715466,1,0,0,0,0,11.2,Woodland,2,1,Carnivore,Invertivore,Insessorial,1342986.67,,,Least Concern,1,2,0,1,1,0,0.959026240201242
779,Yellow-bellied Hyliota,Hyliota flavigaster,670,avibase-0F82D614,Yellow-bellied Hyliota,Hyliota flavigaster,20623,Hyliota flavigaster,yebhyl1,"Hyliotas",Passeriformes,https://datazone.birdlife.org/species/factsheet/22715462,1,0,0,0,0,12.5,Woodland,2,1,Carnivore,Invertivore,Insessorial,4822595.38,,,Least Concern,4,7,1,3,4,1.00409636289505,3.82033716385231
780,Spotted Flycatcher,Muscicapa striata,654,avibase-EE8206E7,Spotted Flycatcher,Muscicapa striata,27351,Muscicapa striata,spofly1,"Chats, Old World Flycatchers, and Allies",Passeriformes,https://datazone.birdlife.org/species/factsheet/22709192,1,0,0,1,0,15.9,Forest,1,3,Carnivore,Invertivore,Insessorial,16752202.89,,,Least Concern,90,84,14,76,8,14.1637603926194,7.88820867215556
781,Gambaga Flycatcher,Muscicapa gambagae,2634,avibase-7387E828,Gambaga Flycatcher,Muscicapa gambagae,27359,Muscicapa gambagae,gamfly1,"Chats, Old World Flycatchers, and Allies",Passeriformes,https://datazone.birdlife.org/species/factsheet/22709196,1,0,0,0,0,13,Woodland,2,1,Carnivore,Invertivore,Insessorial,668892.01,"This species is prone to misidentification and its maps might be affected by error.",,Least Concern,6,16,4,2,14,4.05643955645337,13.604092885041
782,Dusky Flycatcher,Muscicapa adusta,655,avibase-6E95C4A9,African Dusky Flycatcher,Muscicapa adusta,27338,Muscicapa adusta,afdfly1,"Chats, Old World Flycatchers, and Allies",Passeriformes,https://datazone.birdlife.org/species/factsheet/22709255,1,0,0,0,0,10.4,Forest,2,1,Carnivore,Invertivore,Insessorial,2389660.85,,,Least Concern,39,52,4,35,17,3.89357166084062,16.294522651338
783,Chapin's Flycatcher,Muscicapa lendu,2638,avibase-84E4178E,Chapin's Flycatcher,Fraseria lendu,27255,Fraseria lendu,chafly1,"Chats, Old World Flycatchers, and Allies",Passeriformes,https://datazone.birdlife.org/species/factsheet/22709249,1,0,0,0,0,17.7,Forest,1,1,Carnivore,Invertivore,Insessorial,37404.93,,,Vulnerable,1,2,0,1,1,0,0.959026240201242
784,Swamp Flycatcher,Muscicapa aquatica,1063,avibase-77F0C62C,Swamp Flycatcher,Muscicapa aquatica,27361,Muscicapa aquatica,swafly3,"Chats, Old World Flycatchers, and Allies",Passeriformes,https://datazone.birdlife.org/species/factsheet/22709239,1,0,0,0,0,11.5,Wetland,2,1,Carnivore,Invertivore,Insessorial,1932273.67,,,Least Concern,10,10,2,8,2,1.94703519041982,1.95736332557602
785,Ashy Flycatcher,Muscicapa caerulescens,656,avibase-3B3A6911,Ashy Flycatcher,Fraseria caerulescens,27259,Fraseria caerulescens,ashfly1,"Chats, Old World Flycatchers, and Allies",Passeriformes,https://datazone.birdlife.org/species/factsheet/22709286,1,0,0,0,0,17.6,Woodland,2,1,Carnivore,Invertivore,Insessorial,7513617.5,,,Least Concern,21,30,7,14,16,6.82758261385742,15.2435969077651
786,Collared Flycatcher,Ficedula albicollis,0,avibase-861272FD,European Pied/Collared/Semicollared Flycatcher,Ficedula sp.,27847,Ficedula albicollis|Ficedula hypoleuca|Ficedula semitorquata,colfly1|eupfly1|semfly1,"Chats, Old World Flycatchers, and Allies",Passeriformes,,3,0,0,0,0,12.7,Woodland,1,3,Carnivore,Invertivore,Insessorial,2473537.35,"Old atlas consider Semi-collared as subspecies of Collared. This species is prone to misidentification and its maps might be affected by error.","Concept intentionally includes European Pied Flycatcher (F. hypoleuca) alongside Collared and Semicollared, per the atlas's original three-way treatment (eBird slash avibase-861272FD). Confirmed 2026-09; the flag note 'considered subspecies at the time' refers only to Semicollared vs Collared.",Least Concern,5,10,2,3,7,1.97099475388776,6.70351701827362
787,Lead-coloured Flycatcher,Myioparus plumbeus,657,avibase-5EA2B90C,Grey Tit-Flycatcher,Fraseria plumbea,27248,Fraseria plumbea,grytif1,"Chats, Old World Flycatchers, and Allies",Passeriformes,https://datazone.birdlife.org/species/factsheet/22709297,1,0,0,0,0,12.8,Forest,1,1,Carnivore,Invertivore,Insessorial,7861104,,,Least Concern,9,16,3,6,10,2.8969542516198,9.69704936328014
788,Southern Black Flycatcher,Melaenornis pammelaina,664,avibase-8A9A7AAA,Southern Black Flycatcher,Melaenornis pammelaina,27281,Melaenornis pammelaina,sobfly1,"Chats, Old World Flycatchers, and Allies",Passeriformes,https://datazone.birdlife.org/species/factsheet/22709085,1,0,0,0,0,30.2,Woodland,2,1,Carnivore,Invertivore,Insessorial,4080335.72,"This species is prone to misidentification and its maps might be affected by error.",,Least Concern,40,55,5,35,20,5.02898322543898,19.1216696314075
789,Black Flycatcher,Melaenornis edolioides,2608,avibase-F188F8C8,Northern Black Flycatcher,Melaenornis edolioides,27277,Melaenornis edolioides,nobfly1,"Chats, Old World Flycatchers, and Allies",Passeriformes,https://datazone.birdlife.org/species/factsheet/22709079,1,0,0,0,0,30.7,Woodland,2,1,Carnivore,Invertivore,Insessorial,3825770.16,"This species is prone to misidentification and its maps might be affected by error.",,Least Concern,25,31,4,21,10,3.9417406834334,9.64013066684221
790,White-eyed Slaty Flycatcher,Melaenornis fischeri,2600,avibase-3809131C,White-eyed Slaty Flycatcher,Melaenornis fischeri,27284,Melaenornis fischeri,wheslf1,"Chats, Old World Flycatchers, and Allies",Passeriformes,https://datazone.birdlife.org/species/factsheet/22709067,1,0,0,0,0,23.4,Forest,1,1,Carnivore,Invertivore,Insessorial,655062.95,,,Least Concern,45,53,2,43,10,1.96812819969692,9.70619621175662
791,Silverbird,Empidornis semipartitus,2578,avibase-AB38EDFD,Silverbird,Empidornis semipartitus,27269,Empidornis semipartitus,silver1,"Chats, Old World Flycatchers, and Allies",Passeriformes,https://datazone.birdlife.org/species/factsheet/22709031,1,0,0,0,0,22.5,Shrubland,2,1,Carnivore,Invertivore,Insessorial,662620.71,,,Least Concern,20,28,4,16,12,3.87696369158998,11.5579853758221
792,Pale Flycatcher,Bradornis pallidus,662,avibase-FA03A965,Pale Flycatcher,Agricola pallidus,27224,Agricola pallidus,palfly2,"Chats, Old World Flycatchers, and Allies",Passeriformes,https://datazone.birdlife.org/species/factsheet/22709035,1,0,0,0,0,23.6,Woodland,2,1,Carnivore,Invertivore,Insessorial,9110671.42,,,Least Concern,67,78,7,60,18,6.93642170130296,17.5948516569045
793,Grey Flycatcher,Bradornis microrhynchus,2544,avibase-E281D783,African Grey Flycatcher,Bradornis microrhynchus,27311,Bradornis microrhynchus,afgfly1,"Chats, Old World Flycatchers, and Allies",Passeriformes,https://datazone.birdlife.org/species/factsheet/22709054,1,0,0,0,0,19.5,Shrubland,2,1,Carnivore,Invertivore,Insessorial,2477905.95,,,Least Concern,79,95,8,71,24,8.05705356666868,23.072963312727
794,Black and White Flycatcher,Bias musicus,667,avibase-F1A4B955,Black-and-white Shrike-flycatcher,Bias musicus,18278,Bias musicus,bawfly1,"Vangas, Helmetshrikes, and Allies",Passeriformes,https://datazone.birdlife.org/species/factsheet/22707816,1,0,0,0,0,21.9,Forest,1,2,Carnivore,Invertivore,Insessorial,3741138.35,,,Least Concern,2,2,0,2,0,0,0
795,African Shrike-Flycatcher,Megabyas flammulatus,2456,avibase-18A968DB,African Shrike-flycatcher,Megabyas flammulatus,18274,Megabyas flammulatus,afrshf1,"Vangas, Helmetshrikes, and Allies",Passeriformes,https://datazone.birdlife.org/species/factsheet/22707807,1,0,0,0,0,28,Forest,1,1,Carnivore,Invertivore,Insessorial,4083781.25,,,Least Concern,2,2,0,2,0,0,0
796,Forest Batis,Batis mixta,683,avibase-D91540DE,Short-tailed Batis,Batis mixta,18199,Batis mixta,shtbat1,"Wattle-eyes and Batises",Passeriformes,,1,0,0,0,0,12.2,Forest,2,1,Carnivore,Invertivore,Insessorial,57484.87,,,Not Evaluated,5,6,0,5,1,0,0.974821075487656
797,East Coast Batis,Batis soror,675,avibase-5A58B69A,Pale Batis,Batis soror,18218,Batis soror,palbat1,"Wattle-eyes and Batises",Passeriformes,https://datazone.birdlife.org/species/factsheet/22707868,1,0,0,0,0,9.5,Woodland,2,1,Carnivore,Invertivore,Insessorial,863131.73,,,Least Concern,9,7,2,7,0,2.01379384837754,0
798,Black-headed Batis,Batis minor,0,avibase-204130B2,Western/Eastern Black-headed Batis,Batis sp.,18227,Batis erlangeri|Batis minor,bkhbat1|bkhbat2,"Wattle-eyes and Batises",Passeriformes,,2,0,0,0,0,12.5,Woodland,2,1,Carnivore,Invertivore,Insessorial,4364965.84,,,Least Concern,20,37,5,15,22,4.83346302935281,21.3767072029659
799,Chin-spot Batis,Batis molitor,673,avibase-C5C38D98,Chinspot Batis,Batis molitor,18213,Batis molitor,chibat1,"Wattle-eyes and Batises",Passeriformes,https://datazone.birdlife.org/species/factsheet/22707864,1,0,0,0,0,11.6,Woodland,2,1,Carnivore,Invertivore,Insessorial,5233583.28,,,Least Concern,65,72,2,63,9,1.99951247799618,8.69578542647974
800,Pygmy Batis,Batis perkeo,2326,avibase-5C9DDB02,Pygmy Batis,Batis perkeo,18233,Batis perkeo,pygbat1,"Wattle-eyes and Batises",Passeriformes,https://datazone.birdlife.org/species/factsheet/22707897,1,0,0,0,0,6.9,Woodland,2,1,Carnivore,Invertivore,Insessorial,949410.69,,,Least Concern,27,53,6,21,32,5.94815154198777,31.3473036901589
801,Grey-headed Batis,Batis orientalis,2324,avibase-A6DFFC15,Grey-headed Batis,Batis orientalis,18223,Batis orientalis,gyhbat1,"Wattle-eyes and Batises",Passeriformes,https://datazone.birdlife.org/species/factsheet/22707881,1,0,0,0,0,11.1,Shrubland,2,1,Carnivore,Invertivore,Insessorial,2679950.48,"There is likely an error of identification or taxnomy with the old atlas data",,Least Concern,14,1,14,0,1,14.0911158049058,0.999589991575359
802,Wattle-eye,Platysteira cyanea,1148,avibase-E15225F1,Brown-throated Wattle-eye,Platysteira cyanea,18177,Platysteira cyanea,btweye2,"Wattle-eyes and Batises",Passeriformes,https://datazone.birdlife.org/species/factsheet/22707924,1,0,0,0,0,14.6,Forest,2,1,Carnivore,Invertivore,Insessorial,5598291.68,"This map might contains errors",,Least Concern,18,17,4,14,3,4.0051879187467,2.86298879526036
803,Black-throated Wattle-eye,Platysteira peltata,677,avibase-16935B44,Black-throated Wattle-eye,Platysteira peltata,18182,Platysteira peltata,btweye1,"Wattle-eyes and Batises",Passeriformes,https://datazone.birdlife.org/species/factsheet/22707938,1,0,0,0,0,13.7,Forest,1,1,Carnivore,Invertivore,Insessorial,3620454.8,,,Least Concern,25,38,3,22,16,3.07413943761815,15.3902096209594
804,Yellow-bellied Wattle-eye,Platysteira concreta,1125,avibase-3B66D504,Yellow-bellied Wattle-eye,Platysteira concreta,18190,Platysteira concreta,ybweye1,"Wattle-eyes and Batises",Passeriformes,,1,0,0,0,0,11.4,Forest,1,1,Carnivore,Invertivore,Insessorial,968471.44,,,Not Evaluated,2,2,0,2,0,0,0
805,Jameson's Wattle-eye,Platysteira blissetti,2404,avibase-7DC78D7A,Jameson's Wattle-eye,Platysteira jamesoni,18189,Platysteira jamesoni,jaweye1,"Wattle-eyes and Batises",Passeriformes,https://datazone.birdlife.org/species/factsheet/22707975,1,0,0,0,0,11,Forest,1,1,Carnivore,Invertivore,Insessorial,559075.89,,,Least Concern,2,2,0,2,0,0,0
806,Chestnut Wattle-eye,Dyaphorophyia castanea,2398,avibase-8D562259,Chestnut Wattle-eye,Dyaphorophyia castanea,18173,Dyaphorophyia castanea,chweye1,"Wattle-eyes and Batises",Passeriformes,https://datazone.birdlife.org/species/factsheet/103704564,1,0,0,0,0,14.1,Forest,1,1,Carnivore,Invertivore,Insessorial,3596708.42,,,Least Concern,2,2,0,2,0,0,0
807,Little Yellow Flycatcher,Erythrocercus holochlorus,2408,avibase-847AE7B8,Little Yellow Flycatcher,Erythrocercus holochlorus,22924,Erythrocercus holochlorus,yelfly2,"Yellow Flycatchers",Passeriformes,https://datazone.birdlife.org/species/factsheet/22707012,1,0,0,0,0,6,Forest,1,1,Carnivore,Invertivore,Insessorial,185127.39,,,Least Concern,7,5,3,4,1,2.9917825614297,0.952087957490116
808,Blue Flycatcher,Erannornis longicauda,1127,avibase-56209052,African Blue Flycatcher,Elminia longicauda,20607,Elminia longicauda,afbfly1,"Fairy Flycatchers",Passeriformes,https://datazone.birdlife.org/species/factsheet/22707021,1,0,0,0,0,9.9,Forest,1,1,Carnivore,Invertivore,Insessorial,3910894.16,,,Least Concern,20,21,1,19,2,1.08679167885342,1.94663626213664
809,White-tailed Crested Flycatcher,Trochocercus albonotatus,681,avibase-18ED7458,White-tailed Crested Flycatcher,Elminia albonotata,20617,Elminia albonotata,wtcfly1,"Fairy Flycatchers",Passeriformes,https://datazone.birdlife.org/species/factsheet/22707052,1,0,0,0,0,9.2,Forest,1,1,Carnivore,Invertivore,Insessorial,905274.18,,,Least Concern,16,15,4,12,3,3.8780503732773,2.89623729071223
810,Dusky Crested Flycatcher,Trochocercus nigromitratus,1128,avibase-B01090EF,Dusky Crested Flycatcher,Elminia nigromitrata,20611,Elminia nigromitrata,ducfly1,"Fairy Flycatchers",Passeriformes,https://datazone.birdlife.org/species/factsheet/22707034,1,0,0,0,0,9,Forest,1,1,Carnivore,Invertivore,Insessorial,2433804.71,,,Least Concern,2,2,0,2,0,0,0
811,Crested Flycatcher,Trochocercus cyanomelas,680,avibase-15F017B7,Blue-mantled Crested Flycatcher,Trochocercus cyanomelas,19355,Trochocercus cyanomelas,afcfly1,"Monarch Flycatchers, Paradise Flycatchers, and Shrikebills",Passeriformes,,1,0,0,0,0,10.2,Forest,1,1,Carnivore,Invertivore,Insessorial,179874.79,,,Not Evaluated,12,18,6,6,12,5.88465398015173,11.5284615231883
812,African Paradise Flycatcher,Terpsiphone viridis,682,avibase-75AAC17B,African Paradise Flycatcher,Terpsiphone viridis,19447,Terpsiphone viridis,afpfly1,"Monarch Flycatchers, Paradise Flycatchers, and Shrikebills",Passeriformes,https://datazone.birdlife.org/species/factsheet/22707108,1,0,0,0,0,13.2,Woodland,2,1,Carnivore,Invertivore,Insessorial,14483913.96,,,Least Concern,93,95,8,85,10,8.19801876692901,9.69079852756152
813,Red-bellied Paradise Flycatcher,Terpsiphone rufiventer,1165,avibase-0EDEEB49,Red-bellied Paradise Flycatcher,Terpsiphone rufiventer,19434,Terpsiphone rufiventer,bhpfly1,"Monarch Flycatchers, Paradise Flycatchers, and Shrikebills",Passeriformes,https://datazone.birdlife.org/species/factsheet/22731073,1,0,0,0,0,15.1,Forest,1,1,Carnivore,Invertivore,Insessorial,4275150.97,,,Least Concern,1,1,0,1,0,0,0
814,Richard's Pipit,Anthus novaeseelandiae,692,avibase-0D7CC717,African Pipit,Anthus cinnamomeus,29964,Anthus cinnamomeus,afrpip1,"Wagtails and Pipits",Passeriformes,https://datazone.birdlife.org/species/factsheet/103821565,1,0,0,0,0,32.2,Grassland,3,3,Carnivore,Invertivore,Terrestrial,9825233.85,,,Least Concern,60,70,4,56,14,3.98610029763204,13.5297450408032
815,Tawny Pipit,Anthus campestris,3696,avibase-250CDA58,Tawny Pipit,Anthus campestris,29900,Anthus campestris,tawpip1,"Wagtails and Pipits",Passeriformes,https://datazone.birdlife.org/species/factsheet/22718501,1,0,0,1,0,23,Grassland,3,3,Carnivore,Invertivore,Terrestrial,11176674.59,,,Least Concern,4,1,4,0,1,3.91944113147749,0.955521926965063
816,Red-throated Pipit,Anthus cervinus,1028,avibase-319D044A,Red-throated Pipit,Anthus cervinus,30038,Anthus cervinus,retpip,"Wagtails and Pipits",Passeriformes,https://datazone.birdlife.org/species/factsheet/22718560,1,0,0,1,0,20.9,Grassland,3,3,Carnivore,Invertivore,Terrestrial,3787889.02,,,Least Concern,39,31,17,22,9,16.7531101571309,8.57331681903226
817,Tree Pipit,Anthus trivialis,698,avibase-365F5E97,Tree Pipit,Anthus trivialis,30032,Anthus trivialis,trepip,"Wagtails and Pipits",Passeriformes,https://datazone.birdlife.org/species/factsheet/22718546,1,0,0,1,0,23.3,Woodland,2,3,Omnivore,Invertivore,Terrestrial,15353264.33,,,Least Concern,57,62,11,46,16,10.8244926738765,15.7365675069215
818,Plain-backed Pipit,Anthus leucophrys,694,avibase-ECC3F122,Plain-backed Pipit,Anthus leucophrys,29954,Anthus leucophrys,plbpip1,"Wagtails and Pipits",Passeriformes,https://datazone.birdlife.org/species/factsheet/22718485,1,0,0,0,0,25,Grassland,2,1,Carnivore,Invertivore,Terrestrial,8950742.46,,,Least Concern,26,35,6,20,15,5.860758091314,14.44374160009
819,Long-billed Pipit,Anthus similis,10876,avibase-ECFF22D2,Long-billed Pipit,Anthus similis,29904,Anthus similis,lobpip1,"Wagtails and Pipits",Passeriformes,,1,0,0,0,0,25.3,Grassland,3,1,Carnivore,Invertivore,Terrestrial,7503578.58,,,Not Evaluated,23,44,8,15,29,8.02632735507062,27.9584155561572
820,Striped Pipit,Anthus lineiventris,696,avibase-C69E0E28,Striped Pipit,Anthus lineiventris,29987,Anthus lineiventris,strpip1,"Wagtails and Pipits",Passeriformes,https://datazone.birdlife.org/species/factsheet/22718448,1,0,0,0,0,35,Grassland,3,1,Carnivore,Invertivore,Terrestrial,1635119.6,,,Least Concern,1,6,0,1,5,0,4.83867082793828
821,Little Tawny Pipit,Anthus caffer,699,avibase-4C7B3D81,Bushveld Pipit,Anthus caffer,29993,Anthus caffer,buspip1,"Wagtails and Pipits",Passeriformes,https://datazone.birdlife.org/species/factsheet/22718536,1,0,0,0,0,16.8,Grassland,2,1,Carnivore,Invertivore,Terrestrial,777646.72,,,Least Concern,1,8,0,1,7,0,6.61499747911173
822,Sokoke Pipit,Anthus sokokensis,3712,avibase-19489268,Sokoke Pipit,Anthus sokokensis,29989,Anthus sokokensis,sokpip1,"Wagtails and Pipits",Passeriformes,https://datazone.birdlife.org/species/factsheet/22718542,1,0,0,0,0,15,Forest,1,1,Carnivore,Invertivore,Terrestrial,2265.15,,,Endangered,2,3,1,1,2,0.959669761785512,1.92203276142315
823,Malindi Pipit,Anthus melindae,3698,avibase-D8A51184,Malindi Pipit,Anthus melindae,29951,Anthus melindae,malpip1,"Wagtails and Pipits",Passeriformes,https://datazone.birdlife.org/species/factsheet/22718497,1,0,0,0,0,22.5,Grassland,3,1,Carnivore,Invertivore,Terrestrial,108383.57,,,Least Concern,4,8,0,4,4,0,3.98141241833712
824,Golden Pipit,Tmetothylacus tenellus,702,avibase-B9104F62,Golden Pipit,Tmetothylacus tenellus,29874,Tmetothylacus tenellus,golpip1,"Wagtails and Pipits",Passeriformes,https://datazone.birdlife.org/species/factsheet/22718401,1,0,1,0,0,20.1,Grassland,3,1,Carnivore,Invertivore,Terrestrial,1285795.15,,,Least Concern,49,41,16,33,8,15.9537272476624,7.71668228337545
825,Yellow-throated Longclaw,Macronyx croceus,704,avibase-0D9BFED1,Yellow-throated Longclaw,Macronyx croceus,29882,Macronyx croceus,yetlon1,"Wagtails and Pipits",Passeriformes,https://datazone.birdlife.org/species/factsheet/22718405,1,0,0,0,0,47.1,Grassland,3,1,Carnivore,Invertivore,Terrestrial,6192075.07,,,Least Concern,49,51,10,39,12,9.91521871424693,11.5304933686995
826,Pangani Longclaw,Macronyx aurantiigula,3786,avibase-F774B577,Pangani Longclaw,Macronyx aurantiigula,29890,Macronyx aurantiigula,panlon1,"Wagtails and Pipits",Passeriformes,https://datazone.birdlife.org/species/factsheet/22718428,1,0,0,0,0,39.4,Grassland,3,1,Carnivore,Invertivore,Terrestrial,375644.56,,,Least Concern,24,26,7,17,9,7.12011385164377,8.6418213270737
827,Rosy-breasted Longclaw,Macronyx ameliae,705,avibase-70129CB1,Rosy-throated Longclaw,Macronyx ameliae,29891,Macronyx ameliae,rotlon1,"Wagtails and Pipits",Passeriformes,https://datazone.birdlife.org/species/factsheet/22718423,1,0,0,0,0,33.5,Grassland,3,1,Carnivore,Invertivore,Terrestrial,1902624.72,,,Least Concern,14,21,4,10,11,3.88173980341676,10.4358404229049
828,Sharpe's Longclaw,Macronyx sharpei,3688,avibase-FED54E53,Sharpe's Longclaw,Macronyx sharpei,29878,Macronyx sharpei,shalon1,"Wagtails and Pipits",Passeriformes,https://datazone.birdlife.org/species/factsheet/22718436,1,1,0,0,0,29.9,Grassland,3,1,Carnivore,Invertivore,Terrestrial,1870.77,,,Endangered,11,10,5,6,4,4.92157145371341,3.85991466742696
829,Cape Wagtail,Motacilla capensis,686,avibase-4F2CC293,Cape Wagtail,Motacilla capensis,29826,Motacilla capensis,capwag1,"Wagtails and Pipits",Passeriformes,https://datazone.birdlife.org/species/factsheet/22718371,1,0,0,0,0,20.8,Wetland,3,2,Carnivore,Invertivore,Terrestrial,3891210.17,,,Least Concern,14,30,0,14,16,0,15.2721721651655
830,Yellow Wagtail,Motacilla flava,689,avibase-5983D677,Western Yellow Wagtail,Motacilla flava,29838,Motacilla flava,eaywag1,"Wagtails and Pipits",Passeriformes,https://datazone.birdlife.org/species/factsheet/103822349,1,0,0,1,0,17.7,Grassland,3,3,Carnivore,Invertivore,Terrestrial,19198163.05,,,Least Concern,98,79,28,70,9,27.9784700805631,8.74711421305966
831,African Pied Wagtail,Motacilla aguimp,685,avibase-CE7D41A6,African Pied Wagtail,Motacilla aguimp,29857,Motacilla aguimp,afpwag1,"Wagtails and Pipits",Passeriformes,https://datazone.birdlife.org/species/factsheet/22718366,1,0,0,0,0,27,Riverine,2,1,Carnivore,Invertivore,Terrestrial,11321309.29,,,Least Concern,89,98,4,85,13,4.17693037906761,12.8682605783714
832,White Wagtail,Motacilla alba,3816,avibase-400E032C,White Wagtail,Motacilla alba,29861,Motacilla alba,whiwag,"Wagtails and Pipits",Passeriformes,https://datazone.birdlife.org/species/factsheet/22718348,1,0,0,1,0,23.9,Human Modified,3,3,Carnivore,Invertivore,Terrestrial,39488711.64,,,Least Concern,32,17,20,12,5,19.6635685685034,4.84426524568313
833,Mountain Wagtail,Motacilla clara,688,avibase-747B3A52,Mountain Wagtail,Motacilla clara,29830,Motacilla clara,mouwag1,"Wagtails and Pipits",Passeriformes,https://datazone.birdlife.org/species/factsheet/22718397,1,0,0,0,0,17.9,Forest,3,1,Carnivore,Invertivore,Terrestrial,3122291.69,,,Least Concern,33,42,3,30,12,2.86952886122363,11.572584303945
834,Grey Wagtail,Motacilla cinerea,690,avibase-AE073221,Grey Wagtail,Motacilla cinerea,29834,Motacilla cinerea,grywag,"Wagtails and Pipits",Passeriformes,https://datazone.birdlife.org/species/factsheet/22718392,1,0,0,1,0,17.2,Riverine,3,2,Carnivore,Invertivore,Terrestrial,19613139.17,,,Least Concern,21,24,6,15,9,5.84527756815726,8.62901575185316
835,Brubru,Nilaus afer,731,avibase-967545BC,Brubru,Nilaus afer,17999,Nilaus afer,brubru1,"Bushshrikes and Allies",Passeriformes,https://datazone.birdlife.org/species/factsheet/22707451,1,0,0,0,0,19.1,Woodland,2,1,Carnivore,Invertivore,Insessorial,10555427.15,,,Least Concern,78,89,8,70,19,8.08361404572467,18.3240961623548
836,Black-backed Puffback,Dryoscopus cubla,712,avibase-00855728,Black-backed Puffback,Dryoscopus cubla,18069,Dryoscopus cubla,blbpuf2,"Bushshrikes and Allies",Passeriformes,https://datazone.birdlife.org/species/factsheet/22707463,1,0,0,0,0,26.2,Woodland,2,1,Carnivore,Invertivore,Insessorial,5720470.9,"This species is prone to misidentification and its maps might be affected by error.",,Least Concern,56,71,5,51,20,4.8974262182136,19.4958656375464
837,Northern Puffback,Dryoscopus gambensis,2386,avibase-7DE7F0ED,Northern Puffback,Dryoscopus gambensis,18062,Dryoscopus gambensis,norpuf1,"Bushshrikes and Allies",Passeriformes,https://datazone.birdlife.org/species/factsheet/22707455,1,0,0,0,0,31.9,Woodland,2,1,Carnivore,Invertivore,Insessorial,5608614.97,"This species is prone to misidentification and its maps might be affected by error.",,Least Concern,26,40,1,25,15,0.995416115101133,14.5427687149027
838,Pringle's Puffback,Dryoscopus pringlii,2388,avibase-706FEEB4,Pringle's Puffback,Dryoscopus pringlii,18068,Dryoscopus pringlii,pripuf1,"Bushshrikes and Allies",Passeriformes,https://datazone.birdlife.org/species/factsheet/22707459,1,0,0,0,0,19.7,Shrubland,2,1,Carnivore,Invertivore,Insessorial,448813.35,,,Least Concern,12,19,7,5,14,7.04882568271247,13.504461898229
839,Pink-footed Puffback,Dryoscopus angolensis,2384,avibase-201E1243,Pink-footed Puffback,Dryoscopus angolensis,18076,Dryoscopus angolensis,pifpuf1,"Bushshrikes and Allies",Passeriformes,https://datazone.birdlife.org/species/factsheet/22707473,1,0,0,0,0,36,Forest,1,1,Carnivore,Invertivore,Insessorial,372335.76,,,Least Concern,3,2,1,2,0,0.952914441572951,0
840,Brown-headed Tchagra,Tchagra australis,714,avibase-4F9D43DE,Brown-crowned Tchagra,Tchagra australis,18026,Tchagra australis,brctch1,"Bushshrikes and Allies",Passeriformes,https://datazone.birdlife.org/species/factsheet/22707505,1,0,0,0,0,32.3,Shrubland,2,1,Carnivore,Invertivore,Terrestrial,8305150.13,,,Least Concern,66,73,4,62,11,4.11310372432638,10.4474697468647
841,Three-streaked Tchagra,Tchagra jamesi,2496,avibase-FA7A6D02,Three-streaked Tchagra,Tchagra jamesi,18036,Tchagra jamesi,thstch1,"Bushshrikes and Allies",Passeriformes,https://datazone.birdlife.org/species/factsheet/22707510,1,0,0,0,0,27.4,Shrubland,2,1,Carnivore,Invertivore,Terrestrial,1196428.5,,,Least Concern,37,44,12,25,19,12.004442089674,18.5983025764991
842,Black-headed Tchagra,Tchagra senegala,715,avibase-022798AB,Black-crowned Tchagra,Tchagra senegalus,18016,Tchagra senegalus,bkctch1,"Bushshrikes and Allies",Passeriformes,https://datazone.birdlife.org/species/factsheet/22707495,1,0,0,0,0,53.5,Shrubland,3,1,Carnivore,Invertivore,Terrestrial,14953687.11,,,Least Concern,68,77,5,63,14,4.96839300892432,13.458194802524
843,Marsh Tchagra,Tchagra minuta,14000,avibase-7DCA1C1E,Marsh Tchagra,Bocagia minuta,18011,Bocagia minuta,martch2,"Bushshrikes and Allies",Passeriformes,https://datazone.birdlife.org/species/factsheet/22707482,1,0,0,0,0,34.4,Wetland,3,1,Carnivore,Invertivore,Insessorial,3369836.92,,,Least Concern,10,5,5,5,0,4.8085939461617,0
844,Rosy-patched Shrike,Rhodophoneus cruentus,2490,avibase-8B8AC14A,Rosy-patched Bushshrike,Rhodophoneus cruentus,18085,Rhodophoneus cruentus,ropbus1,"Bushshrikes and Allies",Passeriformes,https://datazone.birdlife.org/species/factsheet/22707623,1,0,0,0,0,53.3,Shrubland,2,1,Carnivore,Invertivore,Terrestrial,1845043.08,"This map might contains errors",,Least Concern,56,58,13,43,15,13.0710447936476,14.4759786917171
845,Black-headed Gonolek,Laniarius barbarus,2428,avibase-5E822C9C,Black-headed Gonolek,Laniarius erythrogaster,18155,Laniarius erythrogaster,blhgon1,"Bushshrikes and Allies",Passeriformes,https://datazone.birdlife.org/species/factsheet/22707580,1,0,0,0,0,48.8,Shrubland,2,1,Carnivore,Invertivore,Insessorial,1988843.91,,,Least Concern,19,22,2,17,5,2.00456307067752,4.69527974750354
846,Papyrus Gonolek,Laniarius mufumbiri,2438,avibase-1E5D636D,Papyrus Gonolek,Laniarius mufumbiri,18157,Laniarius mufumbiri,papgon1,"Bushshrikes and Allies",Passeriformes,https://datazone.birdlife.org/species/factsheet/22707593,1,0,0,0,0,41.5,Wetland,2,1,Carnivore,Invertivore,Insessorial,98961.39,,,Near Threatened,4,4,0,4,0,0,0
847,Lühder's Bush Shrike,Laniarius luehderi,2436,avibase-5AF20251,Lühder's Bushshrike,Laniarius luehderi,18130,Laniarius luehderi,luebus1,"Bushshrikes and Allies",Passeriformes,https://datazone.birdlife.org/species/factsheet/22707524,1,0,0,0,0,42.9,Forest,2,1,Carnivore,Invertivore,Insessorial,1056381.53,,,Least Concern,10,8,3,7,1,2.91751828458294,0.951522974298837
848,Red-naped Bush Shrike,Laniarius ruficeps,2440,avibase-C59DFD44,Red-naped Bushshrike,Laniarius ruficeps,18125,Laniarius ruficeps,renbus1,"Bushshrikes and Allies",Passeriformes,https://datazone.birdlife.org/species/factsheet/22707518,1,0,0,0,0,32.7,Shrubland,1,1,Carnivore,Invertivore,Generalist,660049.39,,,Least Concern,8,10,5,3,7,5.11630668932151,6.79157277193333
849,Tropical Boubou,Laniarius ferrugineus,0,avibase-9B750B64,Black/Tropical/East Coast Boubou,Laniarius sp.,18129,Laniarius nigerrimus|Laniarius major|Laniarius sublacteus,sombou1|trobou1|zanbou1,"Bushshrikes and Allies",Passeriformes,,3,0,0,0,0,49.4,Woodland,2,1,Carnivore,Invertivore,Insessorial,7211323.51,,,Least Concern,80,81,9,71,10,9.11950057482949,9.9181202951805
850,Slate-coloured Boubou,Laniarius funebris,2430,avibase-0868B50D,Slate-colored Boubou,Laniarius funebris,18159,Laniarius funebris,slcbou1,"Bushshrikes and Allies",Passeriformes,https://datazone.birdlife.org/species/factsheet/22707601,1,0,0,0,0,40.4,Shrubland,2,1,Carnivore,Invertivore,Generalist,1152635.01,,,Least Concern,81,99,2,79,20,1.95000957999127,19.3659625137073
851,Grey-green Bush Shrike,Malaconotus bocagei,2498,avibase-EF5EDE6D,Bocage's Bushshrike,Chlorophoneus bocagei,18103,Chlorophoneus bocagei,gygbus1,"Bushshrikes and Allies",Passeriformes,https://datazone.birdlife.org/species/factsheet/22707638,1,0,0,0,0,27,Forest,2,1,Carnivore,Invertivore,Insessorial,785394.39,,,Least Concern,2,2,0,2,0,0,0
852,Sulphur-breasted Bush-Shrike,Malaconotus sulfureopectus,719,avibase-F3DCCA8F,Orange-breasted Bushshrike,Chlorophoneus sulfureopectus,18106,Chlorophoneus sulfureopectus,subbus1,"Bushshrikes and Allies",Passeriformes,https://datazone.birdlife.org/species/factsheet/22707647,1,0,0,0,0,27.1,Woodland,2,1,Carnivore,Invertivore,Insessorial,8777553.1,,,Least Concern,70,86,6,64,22,6.04528948504775,21.2814495088193
853,Many-coloured Bush Shrike,Malaconotus multicolor,720,avibase-5CE2F0DC,Black-fronted Bushshrike,Chlorophoneus nigrifrons,18119,Chlorophoneus nigrifrons,blfbus1,"Bushshrikes and Allies",Passeriformes,https://datazone.birdlife.org/species/factsheet/22707672,1,0,0,0,0,34.8,Forest,1,1,Carnivore,Invertivore,Insessorial,540075.23,,,Least Concern,15,22,4,11,11,3.95661069111127,10.5009676965538
854,Grey-headed Bush Shrike,Malaconotus blanchoti,723,avibase-641068BB,Grey-headed Bushshrike,Malaconotus blanchoti,18049,Malaconotus blanchoti,gyhbus1,"Bushshrikes and Allies",Passeriformes,https://datazone.birdlife.org/species/factsheet/22707735,1,0,0,0,0,78.7,Woodland,2,1,Carnivore,Invertivore,Insessorial,7329839.51,,,Least Concern,70,85,11,59,26,10.9869465745149,25.3018544032628
855,Four-coloured Bush Shrike,Malaconotus quadricolor,721,avibase-ACDC8DEE,Gorgeous Bushshrike,Telophorus viridis,18096,Telophorus viridis,focbus2,"Bushshrikes and Allies",Passeriformes,https://datazone.birdlife.org/species/factsheet/103707122,1,0,0,0,0,37.1,Forest,1,1,Carnivore,Invertivore,Insessorial,1025110.52,,,Least Concern,9,7,6,3,4,5.86088493994672,3.89825667896994
856,Doherty's Bush Shrike,Malaconotus dohertyi,2500,avibase-0BC36521,Doherty's Bushshrike,Telophorus dohertyi,18101,Telophorus dohertyi,dohbus1,"Bushshrikes and Allies",Passeriformes,https://datazone.birdlife.org/species/factsheet/22707701,1,0,0,0,0,35,Shrubland,2,1,Carnivore,Invertivore,Generalist,113100.74,"This map might contains errors",,Least Concern,13,10,8,5,5,7.89703669208821,4.78174420163166
857,Red-backed Shrike,Lanius collurio,708,avibase-F2CEFD1A,Red-backed Shrike,Lanius collurio,19885,Lanius collurio,rebshr1,"Shrikes",Passeriformes,https://datazone.birdlife.org/species/factsheet/22705001,1,0,0,1,0,28.4,Woodland,3,3,Carnivore,Invertivore,Insessorial,10799323.67,,,Least Concern,82,64,29,53,11,28.9815422743752,10.6487876057183
858,Red-tailed Shrike,Lanius isabellinus,0,avibase-959151D9,Red-tailed/Isabelline Shrike,Lanius sp.,19881,Lanius isabellinus|Lanius phoenicuroides,isashr1|rutshr2,"Shrikes",Passeriformes,,2,0,0,1,0,25.2,Shrubland,2,3,Carnivore,Invertivore,Insessorial,4814814.43,,,Least Concern,78,78,13,65,13,13.0297003799645,12.5927535490619
859,Nubian Shrike,Lanius nubicus,2296,avibase-E90CC64A,Masked Shrike,Lanius nubicus,19851,Lanius nubicus,masshr1,"Shrikes",Passeriformes,https://datazone.birdlife.org/species/factsheet/22705099,1,0,0,0,0,19.7,Woodland,2,3,Carnivore,Invertivore,Insessorial,352571.91,,,Least Concern,1,1,1,0,1,0.966722518725308,0.954456622833544
860,Woodchat Shrike,Lanius senator,976,avibase-7E70D490,Woodchat Shrike,Lanius senator,19853,Lanius senator,wooshr1,"Shrikes",Passeriformes,https://datazone.birdlife.org/species/factsheet/22705095,1,0,0,1,0,36,Shrubland,2,3,Carnivore,Invertivore,Insessorial,2577480.33,,,Near Threatened,8,3,8,0,3,7.80479503328353,2.81666810773806
861,Grey-backed Fiscal,Lanius excubitoroides,2284,avibase-02B6A30C,Grey-backed Fiscal,Lanius excubitoroides,19815,Lanius excubitoroides,gybfis1,"Shrikes",Passeriformes,https://datazone.birdlife.org/species/factsheet/22705053,1,0,0,0,0,53.7,Shrubland,3,1,Carnivore,Invertivore,Insessorial,2533065.5,"This map might contains errors",,Least Concern,29,40,2,27,13,2.03027593119663,12.3781047652913
862,Long-tailed Fiscal,Lanius cabanisi,2278,avibase-836EDA33,Long-tailed Fiscal,Lanius cabanisi,19814,Lanius cabanisi,lotfis1,"Shrikes",Passeriformes,https://datazone.birdlife.org/species/factsheet/22705057,1,0,0,0,0,73.8,Shrubland,3,1,Carnivore,Omnivore,Insessorial,548346.11,"This species is prone to misidentification and its maps might be affected by error.",,Least Concern,46,59,7,39,20,7.16432049261539,19.3904765764562
863,Lesser Grey Shrike,Lanius minor,706,avibase-8852337B,Lesser Grey Shrike,Lanius minor,19852,Lanius minor,legshr2,"Shrikes",Passeriformes,https://datazone.birdlife.org/species/factsheet/22705038,1,0,0,1,0,46.5,Grassland,3,3,Carnivore,Invertivore,Insessorial,8409985.28,,,Least Concern,64,54,24,40,14,23.7228334137465,13.7951318218566
864,Common Fiscal,Lanius collaris,7887,avibase-5792867A,Northern Fiscal,Lanius humeralis,19860,Lanius humeralis,norfis1,"Shrikes",Passeriformes,,1,0,0,0,0,41.8,Grassland,3,1,Carnivore,Invertivore,Insessorial,7220481.63,,,Not Evaluated,63,67,4,59,8,4.07281630075611,7.89634287950091
865,Taita Fiscal,Lanius dorsalis,2280,avibase-64772F0F,Taita Fiscal,Lanius dorsalis,19819,Lanius dorsalis,taifis1,"Shrikes",Passeriformes,https://datazone.birdlife.org/species/factsheet/22705061,1,0,0,0,0,49.9,Shrubland,2,1,Carnivore,Invertivore,Insessorial,1312304.95,,,Least Concern,60,53,19,41,12,19.1789105231096,11.5275044490266
866,Somali Fiscal,Lanius somalicus,2298,avibase-F7932185,Somali Fiscal,Lanius somalicus,19820,Lanius somalicus,somfis1,"Shrikes",Passeriformes,https://datazone.birdlife.org/species/factsheet/22705066,1,0,0,0,0,45.3,Desert,3,1,Carnivore,Invertivore,Insessorial,858092.07,,,Least Concern,24,19,5,19,0,4.83255516736067,0
867,Mackinnon's Shrike,Lanius mackinnoni,2290,avibase-72387112,Mackinnon's Shrike,Lanius mackinnoni,19858,Lanius mackinnoni,macshr1,"Shrikes",Passeriformes,https://datazone.birdlife.org/species/factsheet/22705070,1,0,0,0,0,34.3,Woodland,3,1,Carnivore,Invertivore,Insessorial,1193617.21,,,Least Concern,8,8,2,6,2,1.92051780660308,1.94986005967361
868,Yellow-billed Shrike,Corvinella corvina,2274,avibase-E44FAD6F,Yellow-billed Shrike,Corvinella corvina,19804,Corvinella corvina,yebshr1,"Shrikes",Passeriformes,https://datazone.birdlife.org/species/factsheet/22705103,1,0,0,0,0,65.4,Shrubland,3,1,Carnivore,Invertivore,Insessorial,3469655.34,,,Least Concern,7,3,5,2,1,4.92367346587117,0.951522974298837
869,Magpie Shrike,Corvinella melanoleucus,724,avibase-56A7F384,Magpie Shrike,Urolestes melanoleucus,19809,Urolestes melanoleucus,magshr1,"Shrikes",Passeriformes,https://datazone.birdlife.org/species/factsheet/22705107,1,0,0,0,0,82.2,Woodland,3,1,Carnivore,Invertivore,Insessorial,1707357.86,,,Least Concern,3,5,1,2,3,0.959653860184276,2.8167569658111
870,Helmet Shrike,Prionops plumata,727,avibase-3996ECD0,White-crested Helmetshrike,Prionops plumatus,18248,Prionops plumatus,whihel1,"Vangas, Helmetshrikes, and Allies",Passeriformes,https://datazone.birdlife.org/species/factsheet/22707753,1,0,0,0,0,33.8,Woodland,2,1,Carnivore,Invertivore,Insessorial,10670489.61,,,Least Concern,50,67,10,40,27,9.97270792375715,26.151761861479
871,Grey-crested Helmet Shrike,Prionops poliolophus,2478,avibase-1F2F7323,Grey-crested Helmetshrike,Prionops poliolophus,18255,Prionops poliolophus,gychel1,"Vangas, Helmetshrikes, and Allies",Passeriformes,https://datazone.birdlife.org/species/factsheet/22707760,1,0,0,0,0,49,Shrubland,3,1,Carnivore,Invertivore,Insessorial,52607.72,,,Least Concern,5,10,0,5,5,0,4.71154447933493
872,Retz's Helmet Shrike,Prionops retzii,728,avibase-5B9EA71C,Retz's Helmetshrike,Prionops retzii,18263,Prionops retzii,rethel1,"Vangas, Helmetshrikes, and Allies",Passeriformes,https://datazone.birdlife.org/species/factsheet/22707788,1,0,0,0,0,50.1,Woodland,2,1,Carnivore,Invertivore,Insessorial,4451615.16,,,Least Concern,24,23,6,18,5,6.02479991773291,5.04679549898651
873,Chestnut-fronted Helmet Shrike,Prionops scopifrons,729,avibase-E27EEDC5,Chestnut-fronted Helmetshrike,Prionops scopifrons,18269,Prionops scopifrons,chfhel1,"Vangas, Helmetshrikes, and Allies",Passeriformes,https://datazone.birdlife.org/species/factsheet/22707801,1,0,0,0,0,29.4,Woodland,2,1,Carnivore,Invertivore,Insessorial,795156.97,,,Least Concern,4,9,2,2,7,1.96856195049883,6.72782653180977
874,White-crowned Shrike,Eurocephalus rueppelli,2276,avibase-866D07A0,Northern White-crowned Shrike,Eurocephalus ruppelli,19913,Eurocephalus ruppelli,whrshr1,"Shrikes",Passeriformes,https://datazone.birdlife.org/species/factsheet/22705114,1,0,0,0,0,50.6,Woodland,2,1,Carnivore,Invertivore,Insessorial,1835004.73,,,Least Concern,96,94,14,82,12,13.9682221505045,11.4200016828803
875,Stuhlmann's Starling,Poeoptera stuhlmanni,2828,avibase-AEC1B69C,Stuhlmann's Starling,Poeoptera stuhlmanni,26449,Poeoptera stuhlmanni,stusta1,"Rhabdornis, Starlings, and Mynas",Passeriformes,https://datazone.birdlife.org/species/factsheet/22710579,1,0,0,0,0,39.3,Forest,1,1,Herbivore,Frugivore,Insessorial,175255.7,,,Least Concern,8,9,3,5,4,2.97514553286562,3.91118568906382
876,Kenrick's Starling,Poeoptera kenricki,2824,avibase-295B9665,Kenrick's Starling,Poeoptera kenricki,26450,Poeoptera kenricki,kensta1,"Rhabdornis, Starlings, and Mynas",Passeriformes,https://datazone.birdlife.org/species/factsheet/22710583,1,0,0,0,0,46.4,Forest,1,1,Herbivore,Frugivore,Insessorial,203009.08,"This species is prone to misidentification and its maps might be affected by error.",,Least Concern,2,7,0,2,5,0,4.72923936731635
877,Black-breasted Glossy Starling,Lamprotornis corruscus,740,avibase-40781028,Black-bellied Starling,Notopholia corusca,26427,Notopholia corusca,bbgsta1,"Rhabdornis, Starlings, and Mynas",Passeriformes,https://datazone.birdlife.org/species/factsheet/22710661,1,0,0,0,0,56.1,Woodland,2,2,Herbivore,Frugivore,Insessorial,495997.97,,,Least Concern,17,18,4,13,5,3.92697826213026,4.94243557003055
878,Bronze-tailed Glossy Starling,Lamprotornis chalcurus,2786,avibase-AEEED5D0,Bronze-tailed Starling,Lamprotornis chalcurus,26482,Lamprotornis chalcurus,btgsta1,"Rhabdornis, Starlings, and Mynas",Passeriformes,https://datazone.birdlife.org/species/factsheet/22710682,1,0,0,0,0,63,Shrubland,2,1,Omnivore,Omnivore,Generalist,2454558.78,,,Least Concern,2,5,1,1,4,0.951522974298837,3.9827247091589
879,Blue-eared Glossy Starling,Lamprotornis chalybaeus,738,avibase-7DDB347E,Greater Blue-eared Starling,Lamprotornis chalybaeus,26473,Lamprotornis chalybaeus,gbesta1,"Rhabdornis, Starlings, and Mynas",Passeriformes,https://datazone.birdlife.org/species/factsheet/22710689,1,0,0,0,0,86.2,Shrubland,3,1,Omnivore,Omnivore,Generalist,7830690.15,,,Least Concern,81,91,6,75,16,6.04140146727149,15.8286886400973
880,Lesser Blue-eared Glossy Starling,Lamprotornis chloropterus,7863,avibase-0AA15ACA,Lesser Blue-eared Starling,Lamprotornis chloropterus,26466,Lamprotornis chloropterus,lbesta1,"Rhabdornis, Starlings, and Mynas",Passeriformes,https://datazone.birdlife.org/species/factsheet/106005777,1,0,0,0,0,73.1,Woodland,2,1,Herbivore,Omnivore,Insessorial,5690333.67,,,Least Concern,7,7,6,1,6,5.9460127442828,5.88586002746805
881,Rüppell's Long-tailed Glossy Starling,Lamprotornis purpuropterus,2794,avibase-3BB2565D,Rüppell's Starling,Lamprotornis purpuroptera,26458,Lamprotornis purpuroptera,ruegls1,"Rhabdornis, Starlings, and Mynas",Passeriformes,https://datazone.birdlife.org/species/factsheet/22710751,1,0,0,0,0,77.4,Shrubland,3,1,Omnivore,Omnivore,Terrestrial,1362512.11,,,Least Concern,58,84,5,53,31,5.04873445753755,30.2852373881761
882,Splendid Glossy Starling,Lamprotornis splendidus,2798,avibase-18B10CF9,Splendid Starling,Lamprotornis splendidus,26487,Lamprotornis splendidus,spgsta1,"Rhabdornis, Starlings, and Mynas",Passeriformes,https://datazone.birdlife.org/species/factsheet/22710716,1,0,0,0,0,123.1,Forest,1,2,Omnivore,Frugivore,Insessorial,3906065.58,,,Least Concern,9,1,8,1,0,7.89977138615608,0
883,Purple Glossy Starling,Lamprotornis purpureus,2792,avibase-6A0BA87A,Purple Starling,Lamprotornis purpureus,26478,Lamprotornis purpureus,pugsta1,"Rhabdornis, Starlings, and Mynas",Passeriformes,https://datazone.birdlife.org/species/factsheet/22710668,1,0,0,0,0,112.9,Shrubland,3,2,Herbivore,Omnivore,Insessorial,3464722.79,,,Least Concern,5,5,2,3,2,1.95617444956198,1.95173322804958
884,Bristle-crowned Starling,Onychognathus salvadorii,2814,avibase-E8DEABBD,Bristle-crowned Starling,Onychognathus salvadorii,26423,Onychognathus salvadorii,brcsta1,"Rhabdornis, Starlings, and Mynas",Passeriformes,https://datazone.birdlife.org/species/factsheet/22710638,1,0,0,0,0,160,Rock,3,1,Herbivore,Frugivore,Insessorial,646688.67,,,Least Concern,15,26,4,11,15,4.11690206329734,14.6897907169297
885,Red-winged Starling,Onychognathus morio,745,avibase-508D5CA2,Red-winged Starling,Onychognathus morio,26407,Onychognathus morio,rewsta1,"Rhabdornis, Starlings, and Mynas",Passeriformes,https://datazone.birdlife.org/species/factsheet/103871400,1,0,0,0,0,132.9,Rock,3,1,Omnivore,Omnivore,Insessorial,3660528.38,,,Least Concern,51,73,6,45,28,5.93617695817268,27.3774916912961
886,Slender-billed Chestnut-winged Starling,Onychognathus tenuirostris,2816,avibase-F2C7AA06,Slender-billed Starling,Onychognathus tenuirostris,26403,Onychognathus tenuirostris,slbsta1,"Rhabdornis, Starlings, and Mynas",Passeriformes,https://datazone.birdlife.org/species/factsheet/22710629,1,0,0,0,0,118,Forest,1,1,Herbivore,Frugivore,Insessorial,405677.73,,,Least Concern,15,14,5,10,4,4.86315926493701,3.87148738960447
887,Waller's Chestnut-winged Starling,Onychognathus walleri,2818,avibase-E11D6D66,Waller's Starling,Onychognathus walleri,26417,Onychognathus walleri,walsta1,"Rhabdornis, Starlings, and Mynas",Passeriformes,https://datazone.birdlife.org/species/factsheet/22710595,1,0,0,0,0,93,Forest,1,1,Omnivore,Omnivore,Insessorial,308237.32,,,Least Concern,16,26,5,11,15,4.83757934168918,14.5080254581102
888,Shelley's Starling,Spreo shelleyi,2796,avibase-B24A13C7,Shelley's Starling,Lamprotornis shelleyi,26455,Lamprotornis shelleyi,shesta1,"Rhabdornis, Starlings, and Mynas",Passeriformes,https://datazone.birdlife.org/species/factsheet/22710775,1,0,0,0,0,45,Shrubland,2,3,Omnivore,Invertivore,Insessorial,657853.65,"This species is prone to misidentification and its maps might be affected by error.",,Least Concern,16,16,10,6,10,9.92906188101266,9.69521404440448
889,Hildebrandt's Starling,Spreo hildebrandti,2788,avibase-621F6E07,Hildebrandt's Starling,Lamprotornis hildebrandti,26454,Lamprotornis hildebrandti,hilsta1,"Rhabdornis, Starlings, and Mynas",Passeriformes,https://datazone.birdlife.org/species/factsheet/22710779,1,0,0,0,0,55.9,Woodland,2,1,Carnivore,Invertivore,Terrestrial,413819.2,,,Least Concern,44,52,2,42,10,2.08073613975622,9.6591355922518
890,Superb Starling,Spreo superbus,2800,avibase-405CCAAE,Superb Starling,Lamprotornis superbus,26494,Lamprotornis superbus,supsta1,"Rhabdornis, Starlings, and Mynas",Passeriformes,https://datazone.birdlife.org/species/factsheet/22710767,1,0,0,0,0,64.9,Shrubland,2,1,Carnivore,Invertivore,Terrestrial,2087560.01,,,Least Concern,98,110,3,95,15,3.11958771794064,14.6176646066666
891,Fischer's Starling,Spreo fischeri,2836,avibase-4FF4CAF8,Fischer's Starling,Lamprotornis fischeri,26495,Lamprotornis fischeri,fissta1,"Rhabdornis, Starlings, and Mynas",Passeriformes,https://datazone.birdlife.org/species/factsheet/22710804,1,0,0,0,0,51,Shrubland,3,1,Carnivore,Invertivore,Terrestrial,642683.49,,,Least Concern,47,51,7,40,11,7.09276168278541,10.5869467152146
892,White-crowned Starling,Spreo albicapillus,2834,avibase-A77D4A77,White-crowned Starling,Lamprotornis albicapillus,26496,Lamprotornis albicapillus,whcsta3,"Rhabdornis, Starlings, and Mynas",Passeriformes,https://datazone.birdlife.org/species/factsheet/22710813,1,0,0,0,0,76.8,Shrubland,2,1,Omnivore,Omnivore,Generalist,792878.49,,,Least Concern,5,6,2,3,3,2.06592345506972,3.0417007299452
893,Golden-breasted Starling,Cosmopsarus regius,2778,avibase-EE674721,Golden-breasted Starling,Lamprotornis regius,26485,Lamprotornis regius,gobsta5,"Rhabdornis, Starlings, and Mynas",Passeriformes,https://datazone.birdlife.org/species/factsheet/22710817,1,0,0,0,0,53.8,Shrubland,3,1,Carnivore,Invertivore,Generalist,1243437.56,,,Least Concern,44,50,8,36,14,8.16180661172785,13.4256990429792
895,Magpie Starling,Speculipastor bicolor,2832,avibase-D3390C6C,Magpie Starling,Speculipastor bicolor,26440,Speculipastor bicolor,magsta1,"Rhabdornis, Starlings, and Mynas",Passeriformes,https://datazone.birdlife.org/species/factsheet/22710795,1,0,0,0,0,64.2,Woodland,2,1,Omnivore,Frugivore,Insessorial,1084773.96,,,Least Concern,50,44,20,30,14,20.2116643593318,13.4182928714873
896,Violet-backed Starling,Cinnyricinclus leucogaster,736,avibase-B1A3AF6C,Violet-backed Starling,Cinnyricinclus leucogaster,26398,Cinnyricinclus leucogaster,vibsta2,"Rhabdornis, Starlings, and Mynas",Passeriformes,https://datazone.birdlife.org/species/factsheet/22710791,1,0,1,0,0,44,Forest,2,3,Herbivore,Frugivore,Insessorial,10024187.06,,,Least Concern,69,76,10,59,17,10.1120185156027,16.5685674013994
897,Sharpe's Starling,Cinnyricinclus sharpii,2822,avibase-D6F2837E,Sharpe's Starling,Pholia sharpii,26444,Pholia sharpii,shasta2,"Rhabdornis, Starlings, and Mynas",Passeriformes,https://datazone.birdlife.org/species/factsheet/22710783,1,0,0,0,0,41,Forest,1,2,Herbivore,Frugivore,Insessorial,195406.84,,,Least Concern,19,28,4,15,13,3.85462700537559,12.5984419006061
898,Abbott's Starling,Cinnyricinclus femoralis,2820,avibase-1350773F,Abbott's Starling,Arizelopsar femoralis,26446,Arizelopsar femoralis,abbsta2,"Rhabdornis, Starlings, and Mynas",Passeriformes,https://datazone.birdlife.org/species/factsheet/22710787,1,0,0,0,0,41,Forest,1,2,Omnivore,Frugivore,Insessorial,5033.2,,,Endangered,2,9,0,2,7,0,6.66861992550192
899,Wattled Starling,Creatophora cinerea,735,avibase-9D95139B,Wattled Starling,Creatophora cinerea,26336,Creatophora cinerea,watsta1,"Rhabdornis, Starlings, and Mynas",Passeriformes,https://datazone.birdlife.org/species/factsheet/22710832,1,0,0,0,0,73,Shrubland,3,2,Omnivore,Invertivore,Terrestrial,5407365.7,,,Least Concern,87,88,13,74,14,13.2525875971782,13.4378094296333
900,Yellow-billed Oxpecker,Buphagus africanus,747,avibase-5D970425,Yellow-billed Oxpecker,Buphagus africanus,26066,Buphagus africanus,yeboxp1,"Oxpeckers",Passeriformes,https://datazone.birdlife.org/species/factsheet/22711005,1,0,0,0,0,58.5,Woodland,3,2,Carnivore,Invertivore,Insessorial,3672712.87,,,Least Concern,25,46,5,20,26,5.02713166936664,25.1416410760271
901,Red-billed Oxpecker,Buphagus erythrorhynchus,748,avibase-7471E71D,Red-billed Oxpecker,Buphagus erythroryncha,26065,Buphagus erythroryncha,reboxp1,"Oxpeckers",Passeriformes,https://datazone.birdlife.org/species/factsheet/22711009,1,0,0,0,0,50.7,Woodland,3,1,Carnivore,Invertivore,Insessorial,2881050.23,,,Least Concern,94,87,20,74,13,20.1893310103332,12.6646880409849
902,Collared Sunbird,Anthreptes collaris,771,avibase-1611F295,Collared Sunbird,Hedydipna collaris,28567,Hedydipna collaris,colsun2,"Spiderhunters and Sunbirds",Passeriformes,https://datazone.birdlife.org/species/factsheet/22717668,1,0,0,0,0,7,Forest,2,1,Omnivore,Invertivore,Insessorial,9197435.7,,,Least Concern,72,82,5,67,15,5.04272869238355,14.7422836760252
903,Pygmy Sunbird,Anthreptes platurus,3576,avibase-B0E7740F,Pygmy Sunbird,Hedydipna platura,28577,Hedydipna platura,pygsun2,"Spiderhunters and Sunbirds",Passeriformes,https://datazone.birdlife.org/species/factsheet/22717672,1,0,0,0,0,6.7,Woodland,2,1,Herbivore,Omnivore,Insessorial,4094486.35,,,Least Concern,1,1,1,0,1,0.966722518725308,1.00046670778247
904,Green Sunbird,Anthreptes rectirostris,3592,avibase-3429B283,Yellow-chinned Sunbird,Anthreptes rectirostris,28445,Anthreptes rectirostris,grnsun1,"Spiderhunters and Sunbirds",Passeriformes,https://datazone.birdlife.org/species/factsheet/103792746,1,0,0,0,0,10.6,Forest,1,1,Omnivore,Omnivore,Insessorial,448143.89,,,Least Concern,3,3,0,3,0,0,0
905,Plain-backed Sunbird,Anthreptes reichenowi,769,avibase-67F06823,Plain-backed Sunbird,Anthreptes reichenowi,28407,Anthreptes reichenowi,plbsun1,"Spiderhunters and Sunbirds",Passeriformes,https://datazone.birdlife.org/species/factsheet/22717602,1,0,0,0,0,7.3,Forest,1,1,Herbivore,Nectarivore,Insessorial,438283.12,,,Least Concern,6,5,2,4,1,1.95242224312669,0.977988713052154
906,Eastern Violet-backed Sunbird,Anthreptes orientalis,3588,avibase-2D0C83B2,Eastern Violet-backed Sunbird,Anthreptes orientalis,28438,Anthreptes orientalis,kvbsun1,"Spiderhunters and Sunbirds",Passeriformes,https://datazone.birdlife.org/species/factsheet/22717640,1,0,0,0,0,10.3,Woodland,2,1,Carnivore,Invertivore,Insessorial,1935952.46,"This map might contains errors",,Least Concern,60,77,7,53,24,6.99215087008989,23.5796834694308
907,Violet-backed Sunbird,Anthreptes longuemarei,770,avibase-857DCDD5,Western Violet-backed Sunbird,Anthreptes longuemarei,28434,Anthreptes longuemarei,wvbsun1,"Spiderhunters and Sunbirds",Passeriformes,https://datazone.birdlife.org/species/factsheet/22717635,1,0,0,0,0,11.4,Woodland,2,1,Carnivore,Invertivore,Insessorial,5262392.93,"Not recorded in the old atlas. There is likely an error of identification or taxnomy with the old atlas data","Are there really no records from the old atlas?",Least Concern,0,5,0,0,5,0,4.91677223770921
908,Uluguru Violet-backed Sunbird,Anthreptes neglectus,3586,avibase-56C6CBA8,Uluguru Violet-backed Sunbird,Anthreptes neglectus,28439,Anthreptes neglectus,uvbsun1,"Spiderhunters and Sunbirds",Passeriformes,https://datazone.birdlife.org/species/factsheet/22717645,1,0,0,0,0,11.8,Forest,1,1,Omnivore,Omnivore,Insessorial,250651.55,,,Least Concern,2,1,1,1,0,0.959669761785512,0
909,Amani Sunbird,Anthreptes pallidigaster,3574,avibase-0B4F3AA2,Amani Sunbird,Hedydipna pallidigaster,28579,Hedydipna pallidigaster,amasun2,"Spiderhunters and Sunbirds",Passeriformes,https://datazone.birdlife.org/species/factsheet/22717653,1,0,0,0,0,6.8,Woodland,2,1,Carnivore,Invertivore,Insessorial,864.21,,,Endangered,1,2,0,1,1,0,0.961849005680008
910,Variable Sunbird,Nectarinia venusta,762,avibase-8E9E45B5,Variable Sunbird,Cinnyris venustus,28762,Cinnyris venustus,varsun2,"Spiderhunters and Sunbirds",Passeriformes,https://datazone.birdlife.org/species/factsheet/22717826,1,0,0,0,0,6.6,Woodland,2,1,Omnivore,Nectarivore,Insessorial,5595541.69,,,Least Concern,89,101,5,84,17,5.11449215553438,16.5945367103037
911,Orange-tufted Sunbird,Nectarinia bouvieri,3626,avibase-693FC6FD,Orange-tufted Sunbird,Cinnyris bouvieri,28737,Cinnyris bouvieri,ortsun3,"Spiderhunters and Sunbirds",Passeriformes,https://datazone.birdlife.org/species/factsheet/22717846,1,0,0,0,0,8.7,Grassland,3,1,Omnivore,Nectarivore,Insessorial,360313.74,,,Least Concern,1,2,0,1,1,0,0.987532388921573
912,Shining Sunbird,Nectarinia habessinica,3640,avibase-688582BF,Abyssinian Sunbird,Cinnyris habessinicus,28741,Cinnyris habessinicus,shisun3,"Spiderhunters and Sunbirds",Passeriformes,https://datazone.birdlife.org/species/factsheet/103803926,1,0,0,0,0,9.5,Shrubland,2,1,Herbivore,Omnivore,Insessorial,1107754.72,,,Least Concern,11,20,4,7,13,4.13974367111446,12.7365340449474
913,Little Purple-banded Sunbird,Nectarinia bifasciata,0,avibase-150F563A,Purple-banded/Tsavo Sunbird,Cinnyris sp.,28731,Cinnyris bifasciatus|Cinnyris tsavoensis,pubsun4|tsasun1,"Spiderhunters and Sunbirds",Passeriformes,,2,0,0,0,0,7.2,Shrubland,2,1,Herbivore,Omnivore,Insessorial,1925702.6,,"Historical lump of 2 species, treated as one taxon (Nectarinia bifasciata) in the 1970-1984 atlas: Purple-banded Sunbird (Cinnyris bifasciatus, 1125 Kenyan eBird records 2009-2023); Tsavo Sunbird (Cinnyris tsavoensis, 577 Kenyan eBird records 2009-2023). At least one member was already a distinct, field-separable species during the atlas era; old-atlas records for this concept may include unseparated or misidentified individuals of either.",Least Concern,35,42,9,26,16,8.95813975337859,15.4869438977719
914,Violet-breasted Sunbird,Nectarinia pembae,3628,avibase-9CDA630C,Violet-breasted Sunbird,Cinnyris chalcomelas,28735,Cinnyris chalcomelas,vibsun2,"Spiderhunters and Sunbirds",Passeriformes,https://datazone.birdlife.org/species/factsheet/22718012,1,0,0,0,0,8.2,Shrubland,3,1,Omnivore,Nectarivore,Insessorial,63807.07,,,Least Concern,9,8,4,5,3,3.90714225045435,3.03011431763308
915,Superb Sunbird,Nectarinia superba,3672,avibase-7C8BC7CF,Superb Sunbird,Cinnyris superbus,28752,Cinnyris superbus,supsun2,"Spiderhunters and Sunbirds",Passeriformes,https://datazone.birdlife.org/species/factsheet/22718035,1,0,0,0,0,16.8,Forest,1,1,Herbivore,Omnivore,Insessorial,2854180.16,"This map might contains errors",,Least Concern,1,8,1,0,8,0.953396142674805,7.6647437932136
916,Mariqua Sunbird,Nectarinia mariquensis,755,avibase-5AC9F737,Marico Sunbird,Cinnyris mariquensis,28719,Cinnyris mariquensis,marsun2,"Spiderhunters and Sunbirds",Passeriformes,https://datazone.birdlife.org/species/factsheet/22718003,1,0,0,0,0,11.5,Woodland,3,1,Omnivore,Nectarivore,Insessorial,2606050.21,,,Least Concern,47,74,3,44,30,3.10721107346839,29.1752375524152
917,Red-chested Sunbird,Nectarinia erythrocerca,3638,avibase-4C428439,Red-chested Sunbird,Cinnyris erythrocercus,28727,Cinnyris erythrocercus,recsun2,"Spiderhunters and Sunbirds",Passeriformes,https://datazone.birdlife.org/species/factsheet/22717994,1,0,0,0,0,8.8,Wetland,2,1,Omnivore,Nectarivore,Insessorial,438707.33,"This map might contains errors",,Least Concern,10,11,3,7,4,2.95352927000456,3.97468195612764
918,Smaller Black-bellied Sunbird,Nectarinia nectarinioides,3684,avibase-7C822074,Black-bellied Sunbird,Cinnyris nectarinioides,28728,Cinnyris nectarinioides,bkbsun1,"Spiderhunters and Sunbirds",Passeriformes,https://datazone.birdlife.org/species/factsheet/22718043,1,0,0,0,0,4.8,Shrubland,3,1,Omnivore,Nectarivore,Insessorial,496613.1,,,Least Concern,20,36,2,18,18,2.01084651431316,17.5434940530102
919,Olive-bellied Sunbird,Nectarinia chloropygia,1117,avibase-D2B15B3F,Olive-bellied Sunbird,Cinnyris chloropygius,28680,Cinnyris chloropygius,olbsun3,"Spiderhunters and Sunbirds",Passeriformes,https://datazone.birdlife.org/species/factsheet/22717919,1,0,0,0,0,6.2,Shrubland,2,2,Omnivore,Omnivore,Insessorial,4297123.95,,,Least Concern,7,11,2,5,6,1.97386903187446,5.80914964472484
920,Beautiful Sunbird,Nectarinia pulchella,3686,avibase-718A3B70,Beautiful Sunbird,Cinnyris pulchellus,28717,Cinnyris pulchellus,beasun2,"Spiderhunters and Sunbirds",Passeriformes,https://datazone.birdlife.org/species/factsheet/103799817,1,0,0,0,0,7,Woodland,3,1,Herbivore,Nectarivore,Insessorial,5431378.76,,,Least Concern,45,55,10,35,20,9.80907789627649,19.502197648584
921,Northern Double-collared Sunbird,Nectarinia preussi,3660,avibase-A6083057,Northern Double-collared Sunbird,Cinnyris reichenowi,28702,Cinnyris reichenowi,ndcsun2,"Spiderhunters and Sunbirds",Passeriformes,https://datazone.birdlife.org/species/factsheet/22717887,1,0,0,0,0,6.8,Forest,2,1,Herbivore,Nectarivore,Insessorial,243088.55,,,Least Concern,23,35,2,21,14,1.96024447351736,13.5601471100518
922,Eastern Double-collared Sunbird,Nectarinia mediocris,0,avibase-1E1FCF58,Eastern/Usambara Double-collared Sunbird,Cinnyris sp.,28710,Cinnyris mediocris|Cinnyris usambaricus,edcsun3|edcsun4,"Spiderhunters and Sunbirds",Passeriformes,,2,0,0,0,0,8.2,Forest,2,1,Herbivore,Nectarivore,Insessorial,195956.74,,,Least Concern,27,27,4,23,4,4.06400724429552,3.94040007276997
923,Copper Sunbird,Nectarinia cuprea,754,avibase-1F21FFE9,Copper Sunbird,Cinnyris cupreus,28773,Cinnyris cupreus,copsun2,"Spiderhunters and Sunbirds",Passeriformes,https://datazone.birdlife.org/species/factsheet/22717945,1,0,0,0,0,8.9,Shrubland,3,1,Herbivore,Nectarivore,Insessorial,7848077.34,,,Least Concern,12,12,1,11,1,0.951522974298837,0.944719062388575
924,Tacazze Sunbird,Nectarinia tacazze,3674,avibase-FAFA576B,Tacazze Sunbird,Nectarinia tacazze,28634,Nectarinia tacazze,tacsun1,"Spiderhunters and Sunbirds",Passeriformes,https://datazone.birdlife.org/species/factsheet/22717958,1,0,0,0,0,14.9,Forest,2,1,Herbivore,Nectarivore,Insessorial,285225.05,,,Least Concern,20,25,2,18,7,2.03970612042638,6.83819199620951
925,Bronze Sunbird,Nectarinia kilimensis,752,avibase-D4F9B273,Bronze Sunbird,Nectarinia kilimensis,28637,Nectarinia kilimensis,brosun1,"Spiderhunters and Sunbirds",Passeriformes,https://datazone.birdlife.org/species/factsheet/22717970,1,0,0,0,0,15.7,Woodland,2,1,Omnivore,Nectarivore,Insessorial,511131.66,,,Least Concern,48,60,1,47,13,0.973902298283606,12.5623968480864
926,Golden-winged Sunbird,Nectarinia reichenowi,1118,avibase-D33D2F6D,Golden-winged Sunbird,Drepanorhynchus reichenowi,28650,Drepanorhynchus reichenowi,gowsun2,"Spiderhunters and Sunbirds",Passeriformes,https://datazone.birdlife.org/species/factsheet/22717975,1,0,0,0,0,14.7,Grassland,3,2,Herbivore,Nectarivore,Insessorial,217754.73,,,Least Concern,39,40,8,31,9,7.87284405013564,8.58632898395099
927,Malachite Sunbird,Nectarinia famosa,751,avibase-26F27894,Malachite Sunbird,Nectarinia famosa,28641,Nectarinia famosa,malsun1,"Spiderhunters and Sunbirds",Passeriformes,https://datazone.birdlife.org/species/factsheet/22717979,1,0,0,0,0,14.4,Shrubland,2,1,Omnivore,Omnivore,Insessorial,1109036.73,,,Least Concern,23,24,8,15,9,8.0210233343016,8.65104325501836
928,Scarlet-tufted Malachite Sunbird,Nectarinia johnstoni,3646,avibase-D91BCC1B,Scarlet-tufted Sunbird,Nectarinia johnstoni,28644,Nectarinia johnstoni,retsun2,"Spiderhunters and Sunbirds",Passeriformes,https://datazone.birdlife.org/species/factsheet/22717984,1,0,0,0,0,15.2,Grassland,3,1,Omnivore,Nectarivore,Insessorial,21310.45,,,Least Concern,3,7,0,3,4,0,3.8604614195095
929,Olive Sunbird,Nectarinia olivacea,766,avibase-EE79A5EF,Olive Sunbird,Cyanomitra olivacea,28607,Cyanomitra olivacea,eaosun1,"Spiderhunters and Sunbirds",Passeriformes,https://datazone.birdlife.org/species/factsheet/22717691,1,0,0,0,0,9.7,Forest,1,1,Omnivore,Omnivore,Insessorial,5394958.82,,,Least Concern,28,44,0,28,16,0,15.5431377734131
930,Scarlet-chested Sunbird,Nectarinia senegalensis,774,avibase-0059A2E0,Scarlet-chested Sunbird,Chalcomitra senegalensis,28670,Chalcomitra senegalensis,sccsun2,"Spiderhunters and Sunbirds",Passeriformes,https://datazone.birdlife.org/species/factsheet/22717770,1,0,0,0,0,12.2,Shrubland,2,2,Omnivore,Omnivore,Insessorial,9424883.18,,,Least Concern,64,72,8,56,16,8.20333681752167,15.4336161038459
931,Hunter's Sunbird,Nectarinia hunteri,3610,avibase-8F052626,Hunter's Sunbird,Chalcomitra hunteri,28677,Chalcomitra hunteri,hunsun2,"Spiderhunters and Sunbirds",Passeriformes,https://datazone.birdlife.org/species/factsheet/22717774,1,0,0,0,0,11.8,Shrubland,2,1,Omnivore,Omnivore,Insessorial,1422643.43,"This map might contains errors",,Least Concern,47,63,5,42,21,5.062203496381,20.4590430165533
932,Amethyst Sunbird,Nectarinia amethystina,772,avibase-B022292C,Amethyst Sunbird,Chalcomitra amethystina,28665,Chalcomitra amethystina,amesun2,"Spiderhunters and Sunbirds",Passeriformes,https://datazone.birdlife.org/species/factsheet/22717762,1,0,0,0,0,13.7,Woodland,2,2,Omnivore,Omnivore,Insessorial,3590561.92,,,Least Concern,65,92,1,64,28,0.995416115101133,27.3588863562338
933,Green-throated Sunbird,Nectarinia rubescens,1116,avibase-2E2DE0B6,Green-throated Sunbird,Chalcomitra rubescens,28661,Chalcomitra rubescens,gntsun1,"Spiderhunters and Sunbirds",Passeriformes,https://datazone.birdlife.org/species/factsheet/22717766,1,0,0,0,0,10.3,Forest,2,1,Omnivore,Omnivore,Insessorial,2910535.16,,,Least Concern,5,2,3,2,0,2.94370683848355,0
934,Green-headed Sunbird,Nectarinia verticalis,1068,avibase-6DE16262,Green-headed Sunbird,Cyanomitra verticalis,28587,Cyanomitra verticalis,gnhsun1,"Spiderhunters and Sunbirds",Passeriformes,https://datazone.birdlife.org/species/factsheet/22717738,1,0,0,0,0,14.4,Woodland,2,1,Herbivore,Omnivore,Insessorial,5373209.67,,,Least Concern,28,34,1,27,7,0.987023942607514,6.61185388071641
936,Mouse-coloured Sunbird,Nectarinia veroxii,765,avibase-C1CBA33A,Grey Sunbird,Cyanomitra veroxii,28619,Cyanomitra veroxii,mocsun2,"Spiderhunters and Sunbirds",Passeriformes,https://datazone.birdlife.org/species/factsheet/22717699,1,0,0,0,0,11.5,Forest,2,2,Omnivore,Omnivore,Insessorial,155165.64,,,Least Concern,9,11,2,7,4,2.07059126736731,3.90676201985929
937,Yellow White-eye,Zosterops senegalensis,10874,avibase-86F34425,Northern Yellow White-eye,Zosterops senegalensis,24158,Zosterops senegalensis,afywhe2,"White-eyes, Yuhinas, and Allies",Passeriformes,,1,0,0,0,0,10.9,Woodland,2,1,Carnivore,Invertivore,Insessorial,8737492.27,"This species is prone to misidentification and its maps might be affected by error.",,Not Evaluated,32,51,3,29,22,2.83131217567131,21.0237919154419
938,Montane White-eye,Zosterops poliogastra,0,avibase-98370803,Kikuyu/Taita/Broad-ringed/Ethiopian White-eye,Zosterops sp.,24145,Zosterops kikuyuensis|Zosterops silvanus|Zosterops eurycricotus|Zosterops poliogastrus,brrwhe3|brrwhe4|brrwhe8|heuwhe2,"White-eyes, Yuhinas, and Allies",Passeriformes,,4,0,0,0,0,11,Forest,1,1,Omnivore,Invertivore,Insessorial,24195.41,"This species is prone to misidentification and its maps might be affected by error.",,Vulnerable,16,39,0,16,23,0,22.3631232978011
939,Abyssinian White-eye,Zosterops abyssinicus,10878,,Mbulu/Pale White-eye,Zosterops sp.,24081,Zosterops mbuluensis|Zosterops flavilateralis,brrwhe9|whbwhe3,"White-eyes, Yuhinas, and Allies",Passeriformes,,2,0,0,0,0,9.4,Woodland,2,1,Carnivore,Invertivore,Insessorial,434447.77,"This species is prone to misidentification and its maps might be affected by error.",,Least Concern,45,67,5,40,27,5.09316977829977,25.8486916062638
940,Black-headed Weaver,Ploceus cucullatus,797,avibase-E8AA9E1C,Village Weaver,Ploceus cucullatus,29012,Ploceus cucullatus,vilwea1,"Weavers and Allies",Passeriformes,https://datazone.birdlife.org/species/factsheet/22718921,1,0,0,0,0,36.1,Woodland,3,1,Herbivore,Granivore,Insessorial,13674390.28,,,Least Concern,75,89,5,70,19,5.15554442632454,18.5444300217481
941,Vieillot's Black Weaver,Ploceus nigerrimus,1152,avibase-20D915AD,Vieillot's Black Weaver,Ploceus nigerrimus,29011,Ploceus nigerrimus,viewea3,"Weavers and Allies",Passeriformes,https://datazone.birdlife.org/species/factsheet/103812246,1,0,0,0,0,34.3,Woodland,2,1,Omnivore,Invertivore,Insessorial,1816787.86,,,Least Concern,5,5,1,4,1,0.972712084595792,0.939260714274992
942,Speke's Weaver,Ploceus spekei,3934,avibase-4DC2B23C,Speke's Weaver,Ploceus spekei,29008,Ploceus spekei,spewea2,"Weavers and Allies",Passeriformes,https://datazone.birdlife.org/species/factsheet/22718929,1,0,0,0,0,35.1,Woodland,2,1,Herbivore,Granivore,Insessorial,369189,,,Least Concern,26,49,0,26,23,0,22.1224595701174
943,Orange Weaver,Ploceus aurantius,3888,avibase-2C42345F,Orange Weaver,Ploceus aurantius,28977,Ploceus aurantius,orawea1,"Weavers and Allies",Passeriformes,https://datazone.birdlife.org/species/factsheet/22718833,1,0,0,0,0,23,Wetland,2,1,Omnivore,Omnivore,Insessorial,441030.16,,,Least Concern,1,0,1,0,0,0.977637739136406,0
944,Taveta Golden Weaver,Ploceus castaneiceps,3902,avibase-2379E3EB,Taveta Weaver,Ploceus castaneiceps,28981,Ploceus castaneiceps,tagwea1,"Weavers and Allies",Passeriformes,https://datazone.birdlife.org/species/factsheet/22718841,1,0,0,0,0,18.5,Wetland,2,1,Herbivore,Granivore,Insessorial,45796.6,,,Least Concern,3,7,0,3,4,0,3.808337480848
945,Golden Palm Weaver,Ploceus bojeri,3898,avibase-F40197D6,Golden Palm Weaver,Ploceus bojeri,28980,Ploceus bojeri,gopwea1,"Weavers and Allies",Passeriformes,https://datazone.birdlife.org/species/factsheet/22718837,1,0,0,0,0,22.4,Woodland,3,1,Omnivore,Omnivore,Insessorial,223498.08,,,Least Concern,22,33,4,18,15,4.0191517315678,14.6306112868635
946,Golden Weaver,Ploceus subaureus,800,avibase-86BEAFA6,Eastern Golden Weaver,Ploceus subaureus,28973,Ploceus subaureus,afgwea1,"Weavers and Allies",Passeriformes,https://datazone.birdlife.org/species/factsheet/22718811,1,0,0,0,0,30.4,Riverine,3,1,Herbivore,Granivore,Insessorial,493658.92,,,Least Concern,29,37,4,25,12,3.96498408360786,11.5474311762006
947,Holub's Golden Weaver,Ploceus xanthops,801,avibase-2D86B0D2,Holub's Golden Weaver,Ploceus xanthops,28976,Ploceus xanthops,hogwea1,"Weavers and Allies",Passeriformes,https://datazone.birdlife.org/species/factsheet/22718818,1,0,0,0,0,40.6,Shrubland,2,1,Herbivore,Omnivore,Insessorial,2485649.7,,,Least Concern,33,47,3,30,17,2.93424990539261,16.3547059094843
948,Northern Brown-throated Weaver,Ploceus castanops,3904,avibase-F9FB0226,Northern Brown-throated Weaver,Ploceus castanops,28987,Ploceus castanops,nbtwea1,"Weavers and Allies",Passeriformes,https://datazone.birdlife.org/species/factsheet/22718850,1,0,0,0,0,21.4,Wetland,2,1,Herbivore,Granivore,Insessorial,193380.61,,,Least Concern,5,7,0,5,2,0,1.90683196220853
949,Yellow-backed Weaver,Ploceus melanocephalus,3922,avibase-19D053B3,Black-headed Weaver,Ploceus melanocephalus,29025,Ploceus melanocephalus,blhwea1,"Weavers and Allies",Passeriformes,https://datazone.birdlife.org/species/factsheet/22718949,1,0,0,0,0,23,Wetland,2,1,Omnivore,Granivore,Insessorial,1181602.18,"This map might contains errors",,Least Concern,10,16,2,8,8,1.93844088295226,7.67303161533188
950,Golden-backed Weaver,Ploceus jacksoni,3916,avibase-DF0759C0,Golden-backed Weaver,Ploceus jacksoni,29031,Ploceus jacksoni,gobwea1,"Weavers and Allies",Passeriformes,https://datazone.birdlife.org/species/factsheet/22718966,1,0,0,0,0,23.4,Wetland,2,1,Herbivore,Granivore,Insessorial,524545.64,,,Least Concern,19,26,3,16,10,2.94176485908698,9.67924137832184
951,Northern Masked Weaver,Ploceus taeniopterus,3940,avibase-6A84BDB8,Northern Masked Weaver,Ploceus taeniopterus,28990,Ploceus taeniopterus,nomwea1,"Weavers and Allies",Passeriformes,https://datazone.birdlife.org/species/factsheet/22718871,1,0,0,0,0,17.6,Wetland,3,1,Herbivore,Granivore,Insessorial,187720.65,,,Least Concern,2,4,0,2,2,0,1.94663626213664
952,Jubaland Weaver,Ploceus dichrocephalus,3906,avibase-2E4A97D9,Juba Weaver,Ploceus dichrocephalus,29024,Ploceus dichrocephalus,salwea1,"Weavers and Allies",Passeriformes,https://datazone.birdlife.org/species/factsheet/22718956,1,0,0,0,0,18.5,Wetland,2,1,Herbivore,Granivore,Insessorial,118062.52,"Species not recorded during both the old and new atlas, but recorded in Kenya.",,Least Concern,0,0,0,0,0,0,0
953,Masked Weaver,Ploceus intermedius,792,avibase-E069A0BB,Lesser Masked Weaver,Ploceus intermedius,28993,Ploceus intermedius,lesmaw1,"Weavers and Allies",Passeriformes,https://datazone.birdlife.org/species/factsheet/22718783,1,0,0,0,0,20.6,Woodland,3,1,Carnivore,Invertivore,Insessorial,3811744.92,,,Least Concern,74,90,15,59,31,15.3928350762831,29.9781552637429
954,Vitelline Masked Weaver,Ploceus velatus,1153,avibase-FC6C191F,Vitelline Masked Weaver,Ploceus vitellinus,28998,Ploceus vitellinus,vimwea1,"Weavers and Allies",Passeriformes,https://datazone.birdlife.org/species/factsheet/22718882,1,0,0,0,0,20,Shrubland,3,1,Herbivore,Granivore,Insessorial,4213194.47,,,Least Concern,60,72,11,49,23,11.2620300197448,22.3804385839
955,Heuglin's Masked Weaver,Ploceus heuglini,3914,avibase-D8E67602,Heuglin's Masked Weaver,Ploceus heuglini,29006,Ploceus heuglini,hemwea1,"Weavers and Allies",Passeriformes,https://datazone.birdlife.org/species/factsheet/22718865,1,0,0,0,0,22.8,Woodland,2,1,Carnivore,Invertivore,Insessorial,2515613.14,,,Least Concern,4,3,2,2,1,1.98397533208447,0.983462364966188
956,Chestnut Weaver,Ploceus rubiginosus,796,avibase-01BFAE61,Chestnut Weaver,Ploceus rubiginosus,29032,Ploceus rubiginosus,chewea1,"Weavers and Allies",Passeriformes,https://datazone.birdlife.org/species/factsheet/22718975,1,0,0,0,0,30,Shrubland,2,1,Herbivore,Granivore,Insessorial,1228691.95,,,Least Concern,70,73,14,56,17,14.0046661459652,16.6305131640404
957,Little Weaver,Ploceus luteolus,3918,avibase-1373D324,Little Weaver,Ploceus luteolus,28952,Ploceus luteolus,litwea1,"Weavers and Allies",Passeriformes,https://datazone.birdlife.org/species/factsheet/22718779,1,0,0,0,0,15.1,Woodland,2,1,Omnivore,Granivore,Insessorial,3085847.32,,,Least Concern,18,28,4,14,14,4.10670142871427,13.3400840423766
958,Slender-billed Weaver,Ploceus pelzelni,1065,avibase-36C24C3D,Slender-billed Weaver,Ploceus pelzelni,28955,Ploceus pelzelni,slbwea1,"Weavers and Allies",Passeriformes,https://datazone.birdlife.org/species/factsheet/22718770,1,0,0,0,0,12.7,Wetland,2,1,Carnivore,Invertivore,Insessorial,559286.21,,,Least Concern,6,8,1,5,3,0.944719062388575,2.85783038819364
959,Clarke's Weaver,Ploceus golandi,3912,avibase-2A2CC7B3,Kilifi Weaver,Ploceus golandi,29023,Ploceus golandi,clawea1,"Weavers and Allies",Passeriformes,https://datazone.birdlife.org/species/factsheet/22718945,1,1,0,0,0,23.5,Forest,2,1,Carnivore,Invertivore,Insessorial,706.65,,,Endangered,1,3,0,1,2,0,1.93667008116766
960,Baglafecht Weaver,Ploceus baglafect,476,avibase-BE1FE156,Baglafecht Weaver,Ploceus baglafecht,28940,Ploceus baglafecht,bagwea1,"Weavers and Allies",Passeriformes,https://datazone.birdlife.org/species/factsheet/22718761,1,0,0,0,0,31.6,Shrubland,2,1,Carnivore,Invertivore,Insessorial,1651063.49,,,Least Concern,53,75,1,52,23,0.916717023078746,22.4486290330349
961,Compact Weaver,Ploceus superciliosus,3830,avibase-0405CA69,Compact Weaver,Pachyphantes superciliosus,29086,Pachyphantes superciliosus,comwea1,"Weavers and Allies",Passeriformes,https://datazone.birdlife.org/species/factsheet/22719054,1,0,0,0,0,21.4,Grassland,2,1,Herbivore,Granivore,Insessorial,1002709.09,,,Least Concern,8,4,4,4,0,3.83439929936363,0
962,Spectacled Weaver,Ploceus ocularis,791,avibase-CA4839B2,Spectacled Weaver,Ploceus ocularis,28963,Ploceus ocularis,spewea1,"Weavers and Allies",Passeriformes,https://datazone.birdlife.org/species/factsheet/22718787,1,0,0,0,0,25.2,Woodland,2,1,Carnivore,Invertivore,Insessorial,2998767.22,,,Least Concern,53,68,4,49,19,3.9879940475496,18.388871537501
963,Black-necked Weaver,Ploceus nigricollis,1187,avibase-55997100,Black-necked Weaver,Ploceus nigricollis,28960,Ploceus nigricollis,bknwea2,"Weavers and Allies",Passeriformes,https://datazone.birdlife.org/species/factsheet/103811662,1,0,0,0,0,27.1,Woodland,2,1,Carnivore,Invertivore,Insessorial,2474612.53,,,Least Concern,46,60,7,39,21,7.07086445754799,19.9849744547838
964,Black-billed Weaver,Ploceus melanogaster,1151,avibase-B38CE692,Black-billed Weaver,Ploceus melanogaster,28967,Ploceus melanogaster,blbwea1,"Weavers and Allies",Passeriformes,https://datazone.birdlife.org/species/factsheet/22718795,1,0,0,0,0,22.4,Forest,1,1,Carnivore,Invertivore,Insessorial,221733.17,,,Least Concern,13,11,6,7,4,6.03242351929275,3.82510344544084
965,Brown-capped Weaver,Ploceus insignis,1150,avibase-C649EA57,Brown-capped Weaver,Ploceus insignis,29054,Ploceus insignis,brcwea1,"Weavers and Allies",Passeriformes,https://datazone.birdlife.org/species/factsheet/22719040,1,0,0,0,0,27.5,Forest,1,1,Omnivore,Invertivore,Insessorial,247177.26,"This map might contains errors",,Least Concern,23,24,5,18,6,4.8669636024885,5.79422299398705
966,Yellow-mantled Weaver,Ploceus tricolor,3944,avibase-BE85C81E,Yellow-mantled Weaver,Ploceus tricolor,29039,Ploceus tricolor,yemwea1,"Weavers and Allies",Passeriformes,https://datazone.birdlife.org/species/factsheet/22718983,1,0,0,0,0,36.8,Forest,1,1,Carnivore,Invertivore,Insessorial,1061576.05,,,Least Concern,1,0,1,0,0,0.953396142674805,0
967,Dark-backed Weaver,Ploceus bicolor,790,avibase-70312286,Dark-backed Weaver,Ploceus bicolor,29046,Ploceus bicolor,forwea1,"Weavers and Allies",Passeriformes,https://datazone.birdlife.org/species/factsheet/22719017,1,0,0,0,0,34.5,Forest,2,1,Omnivore,Invertivore,Insessorial,1377098.31,,,Least Concern,16,11,6,10,1,5.91640235847672,0.922516575859499
968,Red-headed Malimbe,Malimbus rubricollis,3810,avibase-960B56F2,Red-headed Malimbe,Malimbus rubricollis,29183,Malimbus rubricollis,rehmal1,"Weavers and Allies",Passeriformes,https://datazone.birdlife.org/species/factsheet/22719108,1,0,0,0,0,42.2,Forest,1,1,Omnivore,Invertivore,Insessorial,2607128.64,,,Least Concern,1,2,0,1,1,0,0.959026240201242
969,Red-headed Weaver,Anaplectes rubriceps,793,avibase-4D19099B,Red-headed Weaver,Anaplectes rubriceps,29166,Anaplectes rubriceps,rehwea1,"Weavers and Allies",Passeriformes,,1,0,0,0,0,22.6,Woodland,2,1,Carnivore,Invertivore,Insessorial,3258277.53,,,Not Evaluated,59,79,5,54,25,4.92881915778502,24.3551127125904
970,Grosbeak Weaver,Amblyospiza albifrons,804,avibase-C7708C70,Thick-billed Weaver,Amblyospiza albifrons,28891,Amblyospiza albifrons,growea1,"Weavers and Allies",Passeriformes,https://datazone.birdlife.org/species/factsheet/22719260,1,0,0,0,0,41.6,Woodland,2,1,Omnivore,Omnivore,Insessorial,3499946.84,,,Least Concern,47,67,3,44,23,2.97531364069679,22.1269250203435
971,Southern Red Bishop,Euplectes orix,808,avibase-95F08BC3,Southern Red Bishop,Euplectes orix,29114,Euplectes orix,redbis,"Weavers and Allies",Passeriformes,https://datazone.birdlife.org/species/factsheet/22719186,1,0,0,0,0,23,Grassland,3,1,Omnivore,Granivore,Terrestrial,2968587.01,,,Least Concern,16,22,2,14,8,1.96534831434225,7.55228934637837
972,Northern Red Bishop,Euplectes franciscanus,3748,avibase-3D122849,Northern Red Bishop,Euplectes franciscanus,29111,Euplectes franciscanus,orabis1,"Weavers and Allies",Passeriformes,https://datazone.birdlife.org/species/factsheet/22719181,1,0,0,0,0,16,Grassland,3,1,Herbivore,Granivore,Terrestrial,3246050.92,,,Least Concern,3,4,1,2,2,1.03902627210716,2.03970612042638
973,Zanzibar Red Bishop,Euplectes nigroventris,3754,avibase-A31AC101,Zanzibar Red Bishop,Euplectes nigroventris,29115,Euplectes nigroventris,zanbis1,"Weavers and Allies",Passeriformes,https://datazone.birdlife.org/species/factsheet/22719191,1,0,0,0,0,12.5,Grassland,3,1,Herbivore,Granivore,Terrestrial,170115.24,,,Least Concern,14,18,1,13,5,0.977856010564024,4.78455019034695
974,Black-winged Red Bishop,Euplectes hordeaceus,809,avibase-7B414273,Black-winged Red Bishop,Euplectes hordeaceus,29116,Euplectes hordeaceus,blwbis1,"Weavers and Allies",Passeriformes,https://datazone.birdlife.org/species/factsheet/22719176,1,0,0,0,0,19.4,Grassland,3,1,Herbivore,Granivore,Terrestrial,5103979.03,,,Least Concern,26,26,8,18,8,7.88293307521281,7.56512506926655
975,Black Bishop,Euplectes gierowii,3750,avibase-CC7862AF,Black Bishop,Euplectes gierowii,29119,Euplectes gierowii,blabis1,"Weavers and Allies",Passeriformes,https://datazone.birdlife.org/species/factsheet/22719172,1,0,0,0,0,28.3,Grassland,3,1,Omnivore,Granivore,Terrestrial,246606.93,,,Least Concern,10,16,1,9,7,1.00409636289505,6.79061786730028
976,Yellow-crowned Bishop,Euplectes afer,812,avibase-4A58452B,Yellow-crowned Bishop,Euplectes afer,29123,Euplectes afer,yecbis,"Weavers and Allies",Passeriformes,https://datazone.birdlife.org/species/factsheet/22719164,1,0,0,0,0,14.3,Wetland,3,1,Herbivore,Granivore,Terrestrial,3098334.42,,,Least Concern,14,25,5,9,16,4.73510385358674,15.3517546094606
977,Fire-fronted Bishop,Euplectes diadematus,3746,avibase-95A724BE,Fire-fronted Bishop,Euplectes diadematus,29128,Euplectes diadematus,fifbis1,"Weavers and Allies",Passeriformes,https://datazone.birdlife.org/species/factsheet/22719168,1,0,0,0,0,13.9,Grassland,3,1,Herbivore,Granivore,Terrestrial,224374.38,,,Least Concern,20,21,11,9,12,10.9145267500144,11.7479713159196
978,Yellow Bishop,Euplectes capensis,810,avibase-97A73D9F,Yellow Bishop,Euplectes capensis,29130,Euplectes capensis,yelbis1,"Weavers and Allies",Passeriformes,https://datazone.birdlife.org/species/factsheet/22719200,1,0,0,0,0,30.5,Grassland,3,1,Omnivore,Granivore,Terrestrial,2639722.61,,,Least Concern,51,51,6,45,6,6.21575371707403,5.73095013051468
979,White-winged Widowbird,Euplectes albonotatus,814,avibase-749E7B3C,White-winged Widowbird,Euplectes albonotatus,29137,Euplectes albonotatus,whwwid1,"Weavers and Allies",Passeriformes,https://datazone.birdlife.org/species/factsheet/22719223,1,0,0,0,0,21.1,Grassland,3,1,Herbivore,Granivore,Terrestrial,2575220.96,,,Least Concern,46,57,6,40,17,5.90287090613344,16.4389786189768
980,Yellow-mantled Widowbird,Euplectes macrourus,815,avibase-F5E0EA0D,Yellow-mantled Widowbird,Euplectes macroura,29141,Euplectes macroura,yeswid2,"Weavers and Allies",Passeriformes,https://datazone.birdlife.org/species/factsheet/22719209,1,0,0,0,0,21.7,Grassland,3,1,Herbivore,Granivore,Terrestrial,3993290.03,,,Least Concern,15,16,2,13,3,1.95827339798295,2.86217125527072
981,Red-naped Widowbird,Euplectes ardens,0,avibase-F5740956,Red-cowled/Red-collared Widowbird,Euplectes sp.,29145,Euplectes laticauda|Euplectes ardens,recwid2|recwid3,"Weavers and Allies",Passeriformes,,2,0,0,0,0,19,Grassland,3,1,Herbivore,Omnivore,Generalist,3182674.54,,,Least Concern,36,34,11,25,9,10.917723793923,8.74344031515577
982,Long-tailed Widowbird,Euplectes progne,818,avibase-3153FE22,Long-tailed Widowbird,Euplectes progne,29159,Euplectes progne,lotwid1,"Weavers and Allies",Passeriformes,https://datazone.birdlife.org/species/factsheet/22719244,1,0,0,0,0,35.1,Grassland,3,1,Herbivore,Granivore,Terrestrial,697864.82,,,Least Concern,12,21,0,12,9,0,8.78386357988171
983,Marsh Widowbird,Euplectes hartlaubi,971,avibase-59E7ABE5,Marsh Widowbird,Euplectes hartlaubi,29155,Euplectes hartlaubi,marwid1,"Weavers and Allies",Passeriformes,https://datazone.birdlife.org/species/factsheet/22719233,1,0,0,0,0,35.5,Wetland,3,1,Herbivore,Omnivore,Terrestrial,741261.11,,,Least Concern,3,7,0,3,4,0,3.9027330786848
984,Fan-tailed Widowbird,Euplectes axillaris,816,avibase-B08FF959,Fan-tailed Widowbird,Euplectes axillaris,29149,Euplectes axillaris,fatwid1,"Weavers and Allies",Passeriformes,https://datazone.birdlife.org/species/factsheet/22719204,1,0,0,0,0,25.1,Grassland,3,1,Herbivore,Granivore,Terrestrial,2371547.67,,,Least Concern,35,36,8,27,9,7.99630272970364,8.67152581793993
985,Jackson's Widowbird,Euplectes jacksoni,3752,avibase-87071086,Jackson's Widowbird,Euplectes jacksoni,29163,Euplectes jacksoni,jacwid1,"Weavers and Allies",Passeriformes,https://datazone.birdlife.org/species/factsheet/22719249,1,0,0,0,0,37,Grassland,3,1,Herbivore,Granivore,Terrestrial,107944.78,,,Least Concern,24,22,6,18,4,6.09126737934231,3.81326117002849
986,Red-billed Quelea,Quelea quelea,805,avibase-2B6DE136,Red-billed Quelea,Quelea quelea,29092,Quelea quelea,rebque1,"Weavers and Allies",Passeriformes,https://datazone.birdlife.org/species/factsheet/22719128,1,0,0,0,0,18.6,Grassland,3,2,Herbivore,Granivore,Generalist,10621873.64,,,Least Concern,95,94,14,81,13,14.0982026766015,12.8998231210134
987,Red-headed Quelea,Quelea erythrops,806,avibase-F8041931,Red-headed Quelea,Quelea erythrops,29091,Quelea erythrops,rehque1,"Weavers and Allies",Passeriformes,https://datazone.birdlife.org/species/factsheet/22719124,1,0,0,0,0,19.3,Grassland,3,2,Herbivore,Granivore,Terrestrial,2572021.83,"There is likely an error of identification or taxnomy with the old atlas data",,Least Concern,12,13,8,4,9,7.85710128593055,8.64134326180088
988,Cardinal Quelea,Quelea cardinalis,807,avibase-9387DC41,Cardinal Quelea,Quelea cardinalis,29088,Quelea cardinalis,carque1,"Weavers and Allies",Passeriformes,https://datazone.birdlife.org/species/factsheet/22719120,1,0,0,0,0,12.7,Grassland,3,2,Herbivore,Granivore,Terrestrial,671909.82,,,Least Concern,37,43,12,25,18,11.9930087511928,17.2458699223806
989,Parasitic Weaver,Anomalospiza imberbis,854,avibase-C97A5C39,Cuckoo-finch,Anomalospiza imberbis,29191,Anomalospiza imberbis,parwea1,"Whydahs and Indigobirds",Passeriformes,https://datazone.birdlife.org/species/factsheet/22719254,1,0,0,0,0,20.5,Grassland,3,2,Herbivore,Granivore,Terrestrial,1822866.7,,,Least Concern,13,16,6,7,9,5.74240663501216,8.53143378960656
990,Grey-headed Sparrow,Passer griseus,3852,avibase-8AF9A02A,Northern Grey-headed/Parrot-billed/Swahili/Swainson's Sparrow,Passer sp.,29744,Passer griseus|Passer gongonensis|Passer suahelicus|Passer swainsonii,gyhspa1|pabspa1|swaspa1|swaspa2,"Snowfinches and Old World Sparrows",Passeriformes,,4,0,0,0,0,39.9,Shrubland,2,1,Herbivore,Granivore,Terrestrial,1125295.41,,"Historical lump of 4 species, treated as one taxon (Passer griseus) in the 1970-1984 atlas: Northern Gray-headed Sparrow (Passer griseus, 3192 Kenyan eBird records 2009-2023); Parrot-billed Sparrow (Passer gongonensis, 6156 Kenyan eBird records 2009-2023); Swahili Sparrow (Passer suahelicus, 799 Kenyan eBird records 2009-2023); Swainson's Sparrow (Passer swainsonii, 39 Kenyan eBird records 2009-2023). At least one member was already a distinct, field-separable species during the atlas era; old-atlas records for this concept may include unseparated or misidentified individuals of either.",Least Concern,108,107,7,101,6,7.23607912951523,5.87068447426001
991,Rufous Sparrow,Passer motitensis,3844,avibase-991C0C54,Kenya/Shelley's Sparrow,Passer sp.,29765,Passer rufocinctus|Passer shelleyi,kerspa2|shrspa1,"Snowfinches and Old World Sparrows",Passeriformes,,2,0,0,0,0,27.8,Woodland,3,1,Herbivore,Granivore,Terrestrial,90120.46,,,Least Concern,47,63,4,43,20,4.11687665563353,19.3480964379941
992,House Sparrow,Passer domesticus,784,avibase-240E3390,House Sparrow,Passer domesticus,29807,Passer domesticus,houspa,"Snowfinches and Old World Sparrows",Passeriformes,https://datazone.birdlife.org/species/factsheet/103818789,1,0,0,0,0,26.5,Human Modified,3,1,Herbivore,Granivore,Terrestrial,34407867.59,,,Least Concern,4,97,0,4,93,0,90.3806608916136
993,Somali Sparrow,Passer castanopterus,3842,avibase-1D25E0DB,Somali Sparrow,Passer castanopterus,29803,Passer castanopterus,somspa1,"Snowfinches and Old World Sparrows",Passeriformes,https://datazone.birdlife.org/species/factsheet/22718187,1,0,0,0,0,18,Desert,3,1,Herbivore,Granivore,Terrestrial,712666.84,,,Least Concern,8,17,5,3,14,4.88819649485782,13.8313383226686
994,Chestnut Sparrow,Passer eminibey,3846,avibase-D8F2F78B,Chestnut Sparrow,Passer eminibey,29760,Passer eminibey,chespa1,"Snowfinches and Old World Sparrows",Passeriformes,https://datazone.birdlife.org/species/factsheet/22718286,1,0,0,0,0,13.4,Shrubland,3,1,Herbivore,Granivore,Terrestrial,549271.11,,,Least Concern,40,48,9,31,17,8.91436593460183,16.3925603683484
995,Yellow-spotted Petronia,Petronia pyrgita,3874,avibase-FCD72CEE,Yellow-spotted Bush Sparrow,Gymnoris pyrgita,29731,Gymnoris pyrgita,yespet1,"Snowfinches and Old World Sparrows",Passeriformes,https://datazone.birdlife.org/species/factsheet/22718290,1,0,0,0,0,24.1,Grassland,3,1,Herbivore,Omnivore,Generalist,1608726.47,,,Least Concern,78,85,8,70,15,8.25765364386137,14.5043194551923
996,Speckle-fronted Weaver,Sporopipes frontalis,3972,avibase-C90890A3,Speckle-fronted Weaver,Sporopipes frontalis,28905,Sporopipes frontalis,spfwea1,"Weavers and Allies",Passeriformes,https://datazone.birdlife.org/species/factsheet/22718680,1,0,0,0,0,17.3,Shrubland,2,1,Herbivore,Granivore,Terrestrial,3005541.44,,,Least Concern,35,45,8,27,18,8.02822287499374,17.5513756730511
997,White-browed Sparrow-Weaver,Plocepasser mahali,780,avibase-94C71DF6,White-browed Sparrow-Weaver,Plocepasser mahali,28920,Plocepasser mahali,wbswea1,"Weavers and Allies",Passeriformes,https://datazone.birdlife.org/species/factsheet/22718690,1,0,0,0,0,41.5,Woodland,3,1,Omnivore,Omnivore,Terrestrial,3098861.26,,,Least Concern,78,95,7,71,24,7.07151200117715,23.0731095149007
998,Donaldson-Smith's Sparrow-Weaver,Plocepasser donaldsoni,3876,avibase-5011E123,Donaldson Smith's Sparrow-Weaver,Plocepasser donaldsoni,28927,Plocepasser donaldsoni,dsswea1,"Weavers and Allies",Passeriformes,https://datazone.birdlife.org/species/factsheet/22718706,1,0,0,0,0,39.9,Shrubland,2,1,Omnivore,Omnivore,Terrestrial,190025.35,,,Least Concern,16,13,6,10,3,5.78107518596191,2.92557315075013
999,Chestnut-crowned Sparrow-Weaver,Plocepasser superciliosus,3878,avibase-2C504059,Chestnut-crowned Sparrow-Weaver,Plocepasser superciliosus,28925,Plocepasser superciliosus,ccswea1,"Weavers and Allies",Passeriformes,https://datazone.birdlife.org/species/factsheet/22718695,1,0,0,0,0,37.1,Woodland,2,1,Omnivore,Granivore,Terrestrial,2062715.25,,,Least Concern,7,7,3,4,3,2.91762733322135,2.92863418013375
1000,Grey-headed Social Weaver,Pseudonigrita arnaudi,3952,avibase-573C3683,Grey-capped Social Weaver,Pseudonigrita arnaudi,28915,Pseudonigrita arnaudi,gyhsow1,"Weavers and Allies",Passeriformes,https://datazone.birdlife.org/species/factsheet/22718718,1,0,0,0,0,20,Woodland,2,1,Omnivore,Omnivore,Terrestrial,462385.54,,,Least Concern,27,43,4,23,20,3.91822928973617,19.1898926992951
1001,Black-capped Social Weaver,Pseudonigrita cabanisi,3954,avibase-65856D49,Black-capped Social Weaver,Pseudonigrita cabanisi,28914,Pseudonigrita cabanisi,bcswea1,"Weavers and Allies",Passeriformes,https://datazone.birdlife.org/species/factsheet/22718725,1,0,0,0,0,20.6,Grassland,3,1,Herbivore,Granivore,Terrestrial,266415.08,,,Least Concern,21,32,4,17,15,3.99639633693373,14.3221242273657
1002,White-billed Buffalo Weaver,Bubalornis albirostris,3718,avibase-864D4A4F,White-billed Buffalo Weaver,Bubalornis albirostris,28933,Bubalornis albirostris,wbbwea1,"Weavers and Allies",Passeriformes,https://datazone.birdlife.org/species/factsheet/22718662,1,0,0,0,0,61.9,Woodland,3,1,Omnivore,Omnivore,Terrestrial,2320967.62,,,Least Concern,14,19,4,10,9,4.06585513016042,8.7094898694977
1003,Red-billed Buffalo Weaver,Bubalornis niger,779,avibase-9EB53638,Red-billed Buffalo Weaver,Bubalornis niger,28934,Bubalornis niger,rbbwea1,"Weavers and Allies",Passeriformes,https://datazone.birdlife.org/species/factsheet/22718668,1,0,0,0,0,76.2,Woodland,2,1,Omnivore,Invertivore,Terrestrial,2708371.23,,,Least Concern,65,70,14,51,19,14.0526462956798,18.0761102983651
1004,White-headed Buffalo Weaver,Dinemellia dinemelli,3730,avibase-00B07B12,White-headed Buffalo Weaver,Dinemellia dinemelli,28929,Dinemellia dinemelli,whbwea1,"Weavers and Allies",Passeriformes,https://datazone.birdlife.org/species/factsheet/22718674,1,0,0,0,0,63.9,Grassland,2,1,Omnivore,Invertivore,Terrestrial,2361338.48,,,Least Concern,75,88,6,69,19,6.04996533827669,18.2438154412341
1005,Grey-headed Negrofinch,Nigrita canicapilla,1141,avibase-B15F4C49,Grey-headed Nigrita,Nigrita canicapillus,29456,Nigrita canicapillus,gyhneg1,"Munias, Parrotfinches, Waxbills, and Allies",Passeriformes,https://datazone.birdlife.org/species/factsheet/22719298,1,0,0,0,0,18.7,Forest,1,1,Omnivore,Invertivore,Insessorial,3831512,,,Least Concern,19,23,5,14,9,4.97528391922586,8.55795477888394
1007,White-breasted Negrofinch,Nigrita fusconota,3824,avibase-F3B46894,White-breasted Nigrita,Nigrita fusconotus,29449,Nigrita fusconotus,whbneg2,"Munias, Parrotfinches, Waxbills, and Allies",Passeriformes,https://datazone.birdlife.org/species/factsheet/22719278,1,0,0,0,0,9.1,Forest,1,1,Omnivore,Invertivore,Insessorial,2969480.86,,,Least Concern,1,2,0,1,1,0,0.959026240201242
1008,Green-winged Pytilia,Pytilia melba,830,avibase-01A3BE3C,Green-winged Pytilia,Pytilia melba,29585,Pytilia melba,grwpyt1,"Munias, Parrotfinches, Waxbills, and Allies",Passeriformes,https://datazone.birdlife.org/species/factsheet/22719344,1,0,0,0,0,15.4,Shrubland,2,1,Herbivore,Granivore,Terrestrial,6033419.1,,,Least Concern,76,77,19,57,20,19.0774492138555,19.3137216563149
1009,Orange-winged Pytilia,Pytilia afra,829,avibase-6A1ED1C2,Orange-winged Pytilia,Pytilia afra,29594,Pytilia afra,orwpyt1,"Munias, Parrotfinches, Waxbills, and Allies",Passeriformes,https://datazone.birdlife.org/species/factsheet/22719340,1,0,0,0,0,16.6,Shrubland,2,1,Herbivore,Granivore,Terrestrial,3386528.17,,,Least Concern,2,13,1,1,12,0.961849005680008,11.3618407647218
1010,Paradise Whydah,Vidua paradisaea,852,avibase-ACF0F1A2,Long-tailed Paradise Whydah,Vidua paradisaea,29193,Vidua paradisaea,eapwhy1,"Whydahs and Indigobirds",Passeriformes,https://datazone.birdlife.org/species/factsheet/22720012,1,0,0,0,0,20.4,Woodland,3,1,Herbivore,Granivore,Terrestrial,4674400.64,,,Least Concern,59,67,15,44,23,14.9218493049114,21.9674626140341
1011,Broad-tailed Paradise Whydah,Vidua obtusa,853,avibase-C1A42CCA,Broad-tailed Paradise Whydah,Vidua obtusa,29194,Vidua obtusa,btpwhy1,"Whydahs and Indigobirds",Passeriformes,https://datazone.birdlife.org/species/factsheet/22720020,1,0,0,0,0,20.7,Woodland,3,1,Herbivore,Granivore,Terrestrial,3242417.31,,,Least Concern,0,1,0,0,1,0,0.962078078125678
1012,Brown Twinspot,Clytospiza monteiri,3722,avibase-BD7558AD,Brown Twinspot,Clytospiza monteiri,29611,Clytospiza monteiri,brotwi1,"Munias, Parrotfinches, Waxbills, and Allies",Passeriformes,https://datazone.birdlife.org/species/factsheet/22719407,1,0,0,0,0,14.9,Shrubland,2,1,Omnivore,Omnivore,Terrestrial,1193530.92,,,Least Concern,2,4,0,2,2,0,1.9503498237322
1013,Peter's Twinspot,Hypargos niveoguttatus,832,avibase-50490520,Red-throated Twinspot,Hypargos niveoguttatus,29602,Hypargos niveoguttatus,pettwi1,"Munias, Parrotfinches, Waxbills, and Allies",Passeriformes,https://datazone.birdlife.org/species/factsheet/22719411,1,0,0,0,0,14.6,Shrubland,2,1,Herbivore,Granivore,Terrestrial,1748989.03,,,Least Concern,12,21,3,9,12,2.92671208682342,11.6289985625134
1014,Green-backed Twinspot,Mandingoa nitidula,827,avibase-1A6B766A,Green Twinspot,Mandingoa nitidula,29426,Mandingoa nitidula,grbtwi1,"Munias, Parrotfinches, Waxbills, and Allies",Passeriformes,https://datazone.birdlife.org/species/factsheet/22719354,1,0,0,0,0,9.6,Forest,1,1,Herbivore,Granivore,Terrestrial,1540214.12,,,Least Concern,13,19,5,8,11,4.89424966313521,10.6684972358491
1015,Red-headed Bluebill,Spermophaga ruficapilla,1190,avibase-46A1FC77,Red-headed Bluebill,Spermophaga ruficapilla,29581,Spermophaga ruficapilla,rehblu1,"Munias, Parrotfinches, Waxbills, and Allies",Passeriformes,https://datazone.birdlife.org/species/factsheet/22719403,1,0,0,0,0,23.6,Forest,1,1,Herbivore,Granivore,Insessorial,562817.84,,,Least Concern,10,9,5,5,4,4.80752617797792,3.88224079823334
1016,Abyssinian Crimson-wing,Cryptospiza salvadorii,3726,avibase-98B15EE7,Abyssinian Crimsonwing,Cryptospiza salvadorii,29434,Cryptospiza salvadorii,abcwin1,"Munias, Parrotfinches, Waxbills, and Allies",Passeriformes,https://datazone.birdlife.org/species/factsheet/22719364,1,0,0,0,0,12.2,Forest,1,1,Herbivore,Granivore,Terrestrial,258138.36,,,Least Concern,20,21,7,13,8,6.92393099275092,7.67707804759108
1017,Bar-breasted Firefinch,Lagonosticta rufopicta,3768,avibase-43FE4788,Bar-breasted Firefinch,Lagonosticta rufopicta,29621,Lagonosticta rufopicta,babfir1,"Munias, Parrotfinches, Waxbills, and Allies",Passeriformes,https://datazone.birdlife.org/species/factsheet/22719428,1,0,0,0,0,9.3,Grassland,3,1,Herbivore,Granivore,Terrestrial,3308898.34,,,Least Concern,3,7,1,2,5,0.977637739136406,4.7977445079064
1018,Red-billed Firefinch,Lagonosticta senegala,837,avibase-B4A4E4BF,Red-billed Firefinch,Lagonosticta senegala,29613,Lagonosticta senegala,rebfir2,"Munias, Parrotfinches, Waxbills, and Allies",Passeriformes,https://datazone.birdlife.org/species/factsheet/22719440,1,0,0,0,0,9.2,Woodland,2,1,Herbivore,Granivore,Terrestrial,10024696.13,,,Least Concern,66,87,2,64,23,2.00144413583882,22.7382628533068
1019,Red-billed Firefinch Indigobird,Hypochera chalybeata,851,avibase-BA01A793,Village Indigobird,Vidua chalybeata,29204,Vidua chalybeata,vilind,"Whydahs and Indigobirds",Passeriformes,https://datazone.birdlife.org/species/factsheet/22719936,1,0,0,0,0,12.5,Shrubland,3,1,Herbivore,Granivore,Terrestrial,6962831.57,,,Least Concern,42,75,1,41,34,1.02468537250146,32.5835795782889
1020,Jameson's Firefinch Indigobird,Hypochera purpurascens,850,avibase-2AA13F1D,Purple Indigobird,Vidua purpurascens,29212,Vidua purpurascens,purind1,"Whydahs and Indigobirds",Passeriformes,https://datazone.birdlife.org/species/factsheet/22719962,1,0,0,0,0,13.1,Woodland,3,1,Herbivore,Granivore,Terrestrial,995520.21,,,Least Concern,1,10,1,0,10,0.966722518725308,9.60443576210176
1021,Jameson's Firefinch,Lagonosticta rhodopareia,835,avibase-871F32D9,Jameson's Firefinch,Lagonosticta rhodopareia,29638,Lagonosticta rhodopareia,jamfir1,"Munias, Parrotfinches, Waxbills, and Allies",Passeriformes,https://datazone.birdlife.org/species/factsheet/103812687,1,0,0,0,0,9.3,Shrubland,3,1,Herbivore,Granivore,Terrestrial,2706237.28,,,Least Concern,20,28,7,13,15,6.95845178711737,14.5168438067595
1022,African Firefinch,Lagonosticta rubricata,833,avibase-A6034D7F,African Firefinch,Lagonosticta rubricata,29631,Lagonosticta rubricata,afffin,"Munias, Parrotfinches, Waxbills, and Allies",Passeriformes,https://datazone.birdlife.org/species/factsheet/22731403,1,0,0,0,0,10.2,Woodland,2,1,Herbivore,Granivore,Terrestrial,6048001.08,"This species is prone to misidentification and its maps might be affected by error.",,Least Concern,40,52,7,33,19,6.82678293748495,18.0191911771144
1023,Black-bellied Firefinch,Lagonosticta rara,3778,avibase-27012CC9,Black-bellied Firefinch,Lagonosticta rara,29624,Lagonosticta rara,blbfir1,"Munias, Parrotfinches, Waxbills, and Allies",Passeriformes,https://datazone.birdlife.org/species/factsheet/22719444,1,0,0,0,0,10.4,Grassland,3,1,Omnivore,Granivore,Terrestrial,2433099.84,,,Least Concern,4,5,0,4,1,0,0.959026240201242
1024,Red-cheeked Cordon-bleu,Uraeginthus bengalus,3974,avibase-EAE77D96,Red-cheeked Cordon-bleu,Uraeginthus bengalus,29565,Uraeginthus bengalus,reccor,"Munias, Parrotfinches, Waxbills, and Allies",Passeriformes,https://datazone.birdlife.org/species/factsheet/22719493,1,0,0,0,0,9.9,Shrubland,3,1,Herbivore,Granivore,Terrestrial,7647838.82,,,Least Concern,81,89,8,73,16,7.96016778138198,15.7413801081974
1025,Blue-capped Cordon-bleu,Uraeginthus cyanocephalus,3976,avibase-5CAE6778,Blue-capped Cordon-bleu,Uraeginthus cyanocephalus,29570,Uraeginthus cyanocephalus,blccor1,"Munias, Parrotfinches, Waxbills, and Allies",Passeriformes,https://datazone.birdlife.org/species/factsheet/22719499,1,0,0,0,0,9.8,Desert,3,1,Herbivore,Granivore,Terrestrial,756367.53,,,Least Concern,27,46,8,19,27,8.11400921659994,25.9849387922882
1027,Purple Grenadier,Uraeginthus ianthinogaster,3978,avibase-DE689967,Purple Grenadier,Granatina ianthinogaster,29559,Granatina ianthinogaster,purgre2,"Munias, Parrotfinches, Waxbills, and Allies",Passeriformes,https://datazone.birdlife.org/species/factsheet/22719504,1,0,0,0,0,14.1,Shrubland,2,1,Herbivore,Granivore,Generalist,1450518.63,,,Least Concern,69,78,9,60,18,9.04874106461764,17.7761787898944
1028,Straw-tailed Whydah,Vidua fischeri,3990,avibase-424B857C,Straw-tailed Whydah,Vidua fischeri,29203,Vidua fischeri,sttwhy1,"Whydahs and Indigobirds",Passeriformes,https://datazone.birdlife.org/species/factsheet/22719977,1,0,0,0,0,12.2,Shrubland,3,1,Herbivore,Granivore,Terrestrial,1423681.72,,,Least Concern,54,64,14,40,24,13.8864147624594,23.2238697471799
1029,Waxbill,Estrilda astrild,843,avibase-61CB98C0,Common Waxbill,Estrilda astrild,29503,Estrilda astrild,comwax,"Munias, Parrotfinches, Waxbills, and Allies",Passeriformes,https://datazone.birdlife.org/species/factsheet/22719574,1,0,0,0,0,8.3,Grassland,3,1,Herbivore,Granivore,Generalist,5902588.4,,,Least Concern,65,68,9,56,12,9.05007914039846,11.7197673104377
1030,Black-rumped Waxbill,Estrilda troglodytes,3744,avibase-D30DC715,Black-rumped Waxbill,Estrilda troglodytes,29519,Estrilda troglodytes,bkrwax,"Munias, Parrotfinches, Waxbills, and Allies",Passeriformes,https://datazone.birdlife.org/species/factsheet/22719570,1,0,0,0,0,7.6,Shrubland,2,1,Herbivore,Granivore,Generalist,1962649.25,,,Least Concern,3,7,0,3,4,0,3.76063806467509
1031,Crimson-rumped Waxbill,Estrilda rhodopyga,817,avibase-6DD8F10F,Crimson-rumped Waxbill,Estrilda rhodopyga,29521,Estrilda rhodopyga,crrwax1,"Munias, Parrotfinches, Waxbills, and Allies",Passeriformes,https://datazone.birdlife.org/species/factsheet/22719562,1,0,0,0,0,7.7,Grassland,3,1,Herbivore,Granivore,Generalist,1232056.42,,,Least Concern,60,67,10,50,17,10.1196585108609,16.3669892529192
1032,Pin-tailed Whydah,Vidua macroura,846,avibase-673E66F0,Pin-tailed Whydah,Vidua macroura,29200,Vidua macroura,pitwhy,"Whydahs and Indigobirds",Passeriformes,https://datazone.birdlife.org/species/factsheet/22719988,1,0,0,0,0,15.7,Shrubland,3,1,Herbivore,Granivore,Terrestrial,13164158.38,,,Least Concern,83,85,5,78,7,5.20736281242884,7.09943645460844
1033,Steel-blue Whydah,Vidua hypocherina,3992,avibase-8D05A048,Steel-blue Whydah,Vidua hypocherina,29201,Vidua hypocherina,stbwhy1,"Whydahs and Indigobirds",Passeriformes,https://datazone.birdlife.org/species/factsheet/22719972,1,0,0,0,0,11.9,Shrubland,3,1,Herbivore,Granivore,Terrestrial,782303.11,,,Least Concern,28,40,10,18,22,9.95986627201776,21.1245670985273
1034,Fawn-breasted Waxbill,Estrilda paludicola,1090,avibase-1066028B,Fawn-breasted Waxbill,Estrilda paludicola,29495,Estrilda paludicola,fabwax1,"Munias, Parrotfinches, Waxbills, and Allies",Passeriformes,https://datazone.birdlife.org/species/factsheet/22719548,1,0,0,0,0,7.6,Grassland,3,1,Herbivore,Granivore,Generalist,1983230.35,,,Least Concern,8,10,4,4,6,3.87319772818059,5.7596894295547
1035,Black-cheeked Waxbill,Estrilda erythronotus,0,avibase-9A218AAF,Black-faced/Black-cheeked Waxbill,Brunhilda sp.,29469,Brunhilda erythronotos|Brunhilda charmosyna,blcwax1|rerwax1,"Munias, Parrotfinches, Waxbills, and Allies",Passeriformes,,2,0,0,0,0,7.4,Shrubland,3,1,Herbivore,Granivore,Generalist,748636.98,,,Least Concern,49,44,17,32,12,17.2551938324641,11.5223712299679
1036,Black-crowned Waxbill,Estrilda nonnula,1129,avibase-2680F124,Black-crowned Waxbill,Estrilda nonnula,29482,Estrilda nonnula,blcwax2,"Munias, Parrotfinches, Waxbills, and Allies",Passeriformes,https://datazone.birdlife.org/species/factsheet/22719589,1,0,0,0,0,7.7,Grassland,3,1,Herbivore,Granivore,Generalist,1215103.1,,,Least Concern,7,15,0,7,8,0,7.78238339671459
1037,Black-headed Waxbill,Estrilda atricapilla,3740,avibase-C38DEB1A,Kandt's Waxbill,Estrilda kandti,29486,Estrilda kandti,kanwax1,"Munias, Parrotfinches, Waxbills, and Allies",Passeriformes,https://datazone.birdlife.org/species/factsheet/103813616,1,0,0,0,0,8,Grassland,2,1,Herbivore,Granivore,Generalist,113134.74,,,Least Concern,6,8,2,4,4,1.97104916997057,3.85437556392601
1038,Yellow-bellied Waxbill,Estrilda melanotis,826,avibase-B9BE800C,Yellow-bellied Waxbill,Coccopygia quartinia,29419,Coccopygia quartinia,yebwax2,"Munias, Parrotfinches, Waxbills, and Allies",Passeriformes,https://datazone.birdlife.org/species/factsheet/103815089,1,0,0,0,0,6.7,Shrubland,2,1,Omnivore,Granivore,Generalist,676732.96,,,Least Concern,33,37,9,24,13,8.83549513285666,12.4878149987634
1039,Zebra Waxbill,Amandava subflava,838,avibase-ECC40D44,Orange-breasted Waxbill,Amandava subflava,29550,Amandava subflava,zebwax2,"Munias, Parrotfinches, Waxbills, and Allies",Passeriformes,https://datazone.birdlife.org/species/factsheet/22719624,1,0,0,0,0,7.4,Grassland,3,1,Herbivore,Granivore,Generalist,3352898.94,,,Least Concern,14,20,4,10,10,3.80318520716725,9.68166095496301
1040,Quail-Finch,Ortygospiza atricollis,844,avibase-8E5252EB,Quailfinch,Ortygospiza atricollis,29529,Ortygospiza atricollis,quailf1,"Munias, Parrotfinches, Waxbills, and Allies",Passeriformes,https://datazone.birdlife.org/species/factsheet/22735955,1,0,0,0,0,10.6,Grassland,3,1,Herbivore,Granivore,Terrestrial,3231575.56,,,Least Concern,25,33,5,20,13,4.84505245236406,12.3944550952386
1041,Bronze Mannikin,Lonchura cucullata,823,avibase-142E4CB7,Bronze Mannikin,Spermestes cucullata,29268,Spermestes cucullata,broman1,"Munias, Parrotfinches, Waxbills, and Allies",Passeriformes,https://datazone.birdlife.org/species/factsheet/22719782,1,0,0,0,0,9,Woodland,2,1,Herbivore,Granivore,Terrestrial,8668523.94,,,Least Concern,59,72,4,55,17,4.12267176590424,16.4300701639993
1042,Black and White Mannikin,Lonchura bicolor,824,avibase-E358EC8A,Black-and-white Mannikin,Spermestes bicolor,29272,Spermestes bicolor,bawman1,"Munias, Parrotfinches, Waxbills, and Allies",Passeriformes,https://datazone.birdlife.org/species/factsheet/105968860,1,0,0,0,0,9.9,Woodland,2,1,Herbivore,Granivore,Insessorial,5169258.15,,,Least Concern,39,54,6,33,21,5.93891454633605,20.3495089625309
1043,Magpie Mannikin,Lonchura fringilloides,822,avibase-64E386FE,Magpie Mannikin,Spermestes fringilloides,29271,Spermestes fringilloides,magman1,"Munias, Parrotfinches, Waxbills, and Allies",Passeriformes,https://datazone.birdlife.org/species/factsheet/22719801,1,0,0,0,0,16.8,Forest,2,1,Herbivore,Granivore,Insessorial,1503708.26,"There is likely an error of identification or taxnomy with the old atlas data",,Least Concern,0,7,0,0,7,0,6.88335377809549
1044,Silver-bill,Lonchura malabarica,3784,avibase-FC6A9CD0,African Silverbill,Euodice cantans,29281,Euodice cantans,afrsil1,"Munias, Parrotfinches, Waxbills, and Allies",Passeriformes,https://datazone.birdlife.org/species/factsheet/22719761,1,0,0,0,0,12,Grassland,3,1,Herbivore,Granivore,Terrestrial,3802160.03,,,Least Concern,34,41,16,18,23,16.013306998846,21.8768595660915
1045,Grey-headed Silver-bill,Lonchura griseicapilla,3966,avibase-7D6F12FE,Grey-headed Silverbill,Spermestes griseicapilla,29267,Spermestes griseicapilla,gyhsil1,"Munias, Parrotfinches, Waxbills, and Allies",Passeriformes,https://datazone.birdlife.org/species/factsheet/22719778,1,0,0,0,0,15,Shrubland,3,1,Herbivore,Granivore,Terrestrial,430770.23,,,Least Concern,35,45,12,23,22,11.8517087231213,21.2989623309769
1046,Cut-throat Finch,Amadina fasciata,821,avibase-CDDA63E0,Cut-throat Finch,Amadina fasciata,29543,Amadina fasciata,cutthr1,"Munias, Parrotfinches, Waxbills, and Allies",Passeriformes,https://datazone.birdlife.org/species/factsheet/22719927,1,0,0,0,0,18,Grassland,3,1,Herbivore,Granivore,Terrestrial,3347451.84,,,Least Concern,51,55,20,31,24,20.0383481267968,23.2689926059278
1047,Cinnamon-breasted Rock Bunting,Emberiza tahapisi,0,avibase-49691092,Gosling's/Cinnamon-breasted Bunting,Emberiza sp.,30789,Emberiza goslingi|Emberiza tahapisi,gosbun1|cibbun1,"Old World Buntings",Passeriformes,,2,0,0,0,0,13,Rock,3,2,Herbivore,Granivore,Terrestrial,4092995.92,,,Not Evaluated,46,55,11,35,20,11.1516246741002,19.2577783562475
1048,House Bunting,Emberiza striolata,4048,avibase-CDF4A106,Striolated Bunting,Emberiza striolata,30785,Emberiza striolata,houbun2,"Old World Buntings",Passeriformes,https://datazone.birdlife.org/species/factsheet/22735007,1,0,0,0,0,14.8,Rock,3,1,Herbivore,Granivore,Terrestrial,2669183.7,,,Least Concern,5,3,3,2,1,2.99414656897173,0.987023942607514
1049,Ortolan Bunting,Emberiza hortulana,4032,avibase-47210561,Ortolan Bunting,Emberiza hortulana,30881,Emberiza hortulana,ortbun1,"Old World Buntings",Passeriformes,https://datazone.birdlife.org/species/factsheet/22720916,1,0,0,1,0,19.9,Shrubland,2,3,Omnivore,Omnivore,Generalist,9881195.68,,,Least Concern,0,2,0,0,2,0,1.96391972298025
1050,Golden-breasted Bunting,Emberiza flaviventris,874,avibase-D1C1A026,Golden-breasted Bunting,Emberiza flaviventris,30755,Emberiza flaviventris,gobbun1,"Old World Buntings",Passeriformes,https://datazone.birdlife.org/species/factsheet/22720972,1,0,0,0,0,18.2,Shrubland,2,1,Herbivore,Omnivore,Terrestrial,6969113.54,,,Least Concern,35,51,1,34,17,1.00409636289505,16.4367656358367
1051,Somali Golden-breasted Bunting,Emberiza poliopleura,4038,avibase-72386016,Somali Bunting,Emberiza poliopleura,30760,Emberiza poliopleura,sombun1,"Old World Buntings",Passeriformes,https://datazone.birdlife.org/species/factsheet/22720977,1,0,0,0,0,15.8,Shrubland,2,1,Herbivore,Granivore,Terrestrial,1250196.23,,,Least Concern,44,57,11,33,24,11.2148812293691,23.4144127808367
1052,Brown-rumped Bunting,Emberiza forbesi,4020,avibase-BB11EE7F,Brown-rumped Bunting,Emberiza affinis,30761,Emberiza affinis,brrbun1,"Old World Buntings",Passeriformes,https://datazone.birdlife.org/species/factsheet/22720982,1,0,0,0,0,15.4,Forest,2,1,Omnivore,Invertivore,Terrestrial,1397601.22,,,Least Concern,0,1,0,0,1,0,0.939260714274992
1053,Yellow-crowned Canary,Serinus canicollis,4098,avibase-DCFFEEC1,Yellow-crowned Canary,Serinus flavivertex,30664,Serinus flavivertex,yeccan1,"Finches, Euphonias, and Allies",Passeriformes,https://datazone.birdlife.org/species/factsheet/22732947,1,0,0,0,0,14,Shrubland,2,1,Herbivore,Granivore,Terrestrial,323625.7,,,Least Concern,16,29,1,15,14,0.972712084595792,13.4476582940069
1054,African Citril,Serinus citrinelloides,0,avibase-799630F1,African/Southern/Western Citril,Crithagra sp.,30487,Crithagra citrinelloides|Crithagra hyposticta|Crithagra frontalis,afrcit1|soucit1|wescit1,"Finches, Euphonias, and Allies",Passeriformes,,3,0,0,0,0,13,Shrubland,2,1,Herbivore,Granivore,Generalist,555034.99,,,Least Concern,42,56,3,39,17,3.09054654805154,16.5111794169443
1055,Papyrus Canary,Serinus koliensis,4080,avibase-5E456730,Papyrus Canary,Crithagra koliensis,30497,Crithagra koliensis,papcan1,"Finches, Euphonias, and Allies",Passeriformes,https://datazone.birdlife.org/species/factsheet/22720109,1,0,0,0,0,13.6,Shrubland,2,1,Herbivore,Granivore,Insessorial,54614.04,,,Least Concern,3,5,0,3,2,0,1.9012018646821
1056,Yellow-fronted Canary,Serinus mozambicus,859,avibase-169B483C,Yellow-fronted Canary,Crithagra mozambica,30476,Crithagra mozambica,yefcan,"Finches, Euphonias, and Allies",Passeriformes,https://datazone.birdlife.org/species/factsheet/22720181,1,0,0,0,0,11.9,Shrubland,3,1,Herbivore,Omnivore,Generalist,9532014.48,,,Least Concern,29,38,2,27,11,1.94573718679037,10.4532272608894
1057,White-bellied Canary,Serinus dorsostriatus,4096,avibase-90C937E4,White-bellied Canary,Crithagra dorsostriata,30513,Crithagra dorsostriata,whbcan1,"Finches, Euphonias, and Allies",Passeriformes,https://datazone.birdlife.org/species/factsheet/22720197,1,0,0,0,0,15.1,Shrubland,3,1,Herbivore,Granivore,Generalist,861574.54,,,Least Concern,44,58,7,37,21,7.08470859532799,20.2435827837365
1058,Yellow-rumped Seed-eater,Serinus atrogularis,4074,avibase-69EB514A,Reichenow's Seedeater,Crithagra reichenowi,30510,Crithagra reichenowi,reisee2,"Finches, Euphonias, and Allies",Passeriformes,https://datazone.birdlife.org/species/factsheet/22720154,1,0,0,0,0,15.4,Desert,3,1,Herbivore,Granivore,Generalist,853459.07,,,Least Concern,74,81,7,67,14,7.03935299828384,13.7501630988708
1059,Brimstone Canary,Serinus sulphuratus,863,avibase-53A5E91F,Brimstone Canary,Crithagra sulphurata,30521,Crithagra sulphurata,brican1,"Finches, Euphonias, and Allies",Passeriformes,https://datazone.birdlife.org/species/factsheet/22720205,1,0,0,0,0,27.9,Shrubland,2,1,Herbivore,Granivore,Insessorial,1869165.54,,,Least Concern,43,50,4,39,11,3.96357533066982,10.621909567199
1060,Grosbeak Canary,Serinus donaldsoni,0,avibase-46634B1F,Northern/Southern Grosbeak-Canary,Crithagra sp.,30519,Crithagra donaldsoni|Crithagra buchanani,norgrc1|sougrc1,"Finches, Euphonias, and Allies",Passeriformes,,2,0,0,0,0,24,Shrubland,3,1,Herbivore,Granivore,Generalist,128078.23,,,Least Concern,14,29,6,8,21,5.93809319801187,19.9440704101342
1061,Streaky-headed Seed-eater,Serinus elgonensis,4088,avibase-115CB3F4,West African Seedeater,Crithagra canicapilla,30552,Crithagra canicapilla,sthsee3,"Finches, Euphonias, and Allies",Passeriformes,https://datazone.birdlife.org/species/factsheet/103761640,1,0,0,0,0,16,Shrubland,2,1,Herbivore,Omnivore,Insessorial,1507366.09,"This map might contains errors",,Least Concern,1,2,1,0,2,1.01126324748867,1.92458753112215
1062,Stripe-breasted Seed-eater,Serinus reichardi,834,avibase-DE9A742B,Reichard's Seedeater,Crithagra reichardi,30563,Crithagra reichardi,reisee4,"Finches, Euphonias, and Allies",Passeriformes,https://datazone.birdlife.org/species/factsheet/103761856,1,0,0,0,0,15.4,Shrubland,2,1,Herbivore,Granivore,Generalist,580348.35,,,Least Concern,5,12,2,3,9,1.92866370501124,8.72041451708349
1063,Thick-billed Seed-eater,Serinus burtoni,1159,avibase-8E8B3DB9,Thick-billed Seedeater,Crithagra burtoni,30539,Crithagra burtoni,thbsee1,"Finches, Euphonias, and Allies",Passeriformes,https://datazone.birdlife.org/species/factsheet/22720267,1,0,0,0,0,30.5,Forest,1,1,Herbivore,Granivore,Insessorial,400739.28,,,Least Concern,24,32,3,21,11,2.95858155889214,10.5269062359731
1064,Streaky Seed-eater,Serinus striolatus,778,avibase-580A93C2,Streaky Seedeater,Crithagra striolata,30535,Crithagra striolata,strsee1,"Finches, Euphonias, and Allies",Passeriformes,,1,0,0,0,0,22.4,Shrubland,2,1,Herbivore,Omnivore,Insessorial,867600.67,,,Not Evaluated,48,47,8,40,7,7.97861174394553,6.75276822292697
1065,Oriole Finch,Linurgus olivaceus,477,avibase-80B649D4,Oriole Finch,Linurgus olivaceus,30466,Linurgus olivaceus,orifin1,"Finches, Euphonias, and Allies",Passeriformes,https://datazone.birdlife.org/species/factsheet/22720319,1,0,0,0,0,20.3,Forest,1,1,Herbivore,Granivore,Insessorial,220044.21,,,Least Concern,8,12,2,6,6,1.91918119920816,5.78564440145475
9001,Arctic Tern,Sterna paradisaea,294,avibase-BDC5CF80,Arctic Tern,Sterna paradisaea,4506,Sterna paradisaea,arcter,"Skimmers, Noddies, Terns, and Gulls",Charadriiformes,https://datazone.birdlife.org/species/factsheet/22694629,1,0,0,1,1,110,Coastal,3,3,Carnivore,Aquatic predator,Aerial,NaN,"Species not recorded during both the old and new atlas, but recorded in Kenya.","Not recorded in the old atlas",Least Concern,0,0,0,0,0,0,0
9002,Black Crowned-Crane,Balearica pavonina,1918,avibase-31413BFF,Black Crowned Crane,Balearica pavonina,3261,Balearica pavonina,blccra1,"Cranes",Gruiformes,https://datazone.birdlife.org/species/factsheet/22692039,1,0,0,0,1,3590,Wetland,3,1,Omnivore,Omnivore,Terrestrial,NaN,"Species not recorded during both the old and new atlas, but recorded in Kenya.","Not recorded in the old atlas",Vulnerable,0,0,0,0,0,0,0
9003,Blue-breasted Kingfisher,Halcyon malimbica,1131,avibase-0D8BDD35,Blue-breasted Kingfisher,Halcyon malimbica,9385,Halcyon malimbica,blbkin4,"Kingfishers",Coraciiformes,https://datazone.birdlife.org/species/factsheet/22683269,1,0,0,0,0,91.8,Forest,1,1,Carnivore,Invertivore,Insessorial,NaN,"Species not recorded during both the old and new atlas, but recorded in Kenya.","Not recorded in the old atlas",Least Concern,0,0,0,0,0,0,0
9004,Cassin's Hawk-Eagle,Aquila africana,2144,avibase-51FD3E3C,Cassin's Hawk-Eagle,Aquila africana,8187,Aquila africana,cashae1,"Kites, Old World Vultures, Eagles, and Hawks",Accipitriformes,https://datazone.birdlife.org/species/factsheet/22696138,1,0,0,0,0,1047,Woodland,1,2,Carnivore,Vertivore,Generalist,NaN,"Not recorded in the old atlas","Not recorded in the old atlas",Least Concern,0,3,0,0,3,0,2.84745829223812
9005,Karamoja Apalis,Apalis karamojae,3076,avibase-174A4C00,Karamoja Apalis,Apalis karamojae,21765,Apalis karamojae,karapa2,"Cisticolas and Allies",Passeriformes,https://datazone.birdlife.org/species/factsheet/277301637,1,0,0,0,0,9.2,Shrubland,2,1,Carnivore,Invertivore,Insessorial,NaN,"Not recorded in the old atlas","Not recorded in the old atlas",Vulnerable,0,2,0,0,2,0,1.92871297857748
9006,Lesser Bristlebill,Bleda notatus,0,avibase-4F97BFE1,Yellow-lored Bristlebill,Bleda notatus,23298,Bleda notatus,lesbri1,"Bulbuls",Passeriformes,https://datazone.birdlife.org/species/factsheet/103817273,1,0,0,0,0,35.7,Forest,1,1,Carnivore,Invertivore,Generalist,NaN,"Not recorded in the old atlas","Not recorded in the old atlas",Least Concern,0,1,0,0,1,0,0.948004862250568
9007,Locustfinch,Paludipasser locustella,845,avibase-EF6293B7,Locust Finch,Paludipasser locustella,29525,Paludipasser locustella,locust3,"Munias, Parrotfinches, Waxbills, and Allies",Passeriformes,https://datazone.birdlife.org/species/factsheet/22719645,1,0,0,0,0,10.6,Grassland,3,1,Herbivore,Granivore,Terrestrial,NaN,"Species not recorded during both the old and new atlas, but recorded in Kenya.","Not recorded in the old atlas",Least Concern,0,0,0,0,0,0,0
9008,Mallard,Anas platyrhynchos,1016,avibase-85625D75,Mallard,Anas platyrhynchos,544,Anas platyrhynchos,mallar3,"Ducks, Swans, and Geese",Anseriformes,https://datazone.birdlife.org/species/factsheet/22680186,1,0,0,1,1,843.4,Wetland,3,2,Herbivore,Herbivore aquatic,Aquatic,NaN,"Species not recorded during both the old and new atlas, but recorded in Kenya.","Not recorded in the old atlas",Least Concern,0,0,0,0,0,0,0
9009,Oriental Honey-buzzard,Pernis ptilorhynchus,2140,avibase-1192205B,Crested Honey Buzzard,Pernis ptilorhynchus,8031,Pernis ptilorhynchus,orihob2,"Kites, Old World Vultures, Eagles, and Hawks",Accipitriformes,https://datazone.birdlife.org/species/factsheet/22694995,1,0,0,1,0,1141.1,Woodland,2,1,Carnivore,Invertivore,Insessorial,NaN,"Not recorded in the old atlas. This species is prone to misidentification and its maps might be affected by error.","Not recorded in the old atlas",Least Concern,0,3,0,0,3,0,2.8848405636741
9010,Racket-tailed Roller,Coracias spatulatus,414,avibase-BB456342,Racket-tailed Roller,Coracias spatulatus,9052,Coracias spatulatus,ratrol2,"Rollers",Coraciiformes,https://datazone.birdlife.org/species/factsheet/22682883,1,0,0,0,0,90.4,Woodland,2,1,Carnivore,Invertivore,Insessorial,NaN,"Not recorded in the old atlas","Not recorded in the old atlas",Least Concern,0,1,0,0,1,0,0.902608536238169
9011,River Prinia,Prinia fluviatilis,3184,avibase-1CB41EB5,River Prinia,Prinia fluviatilis,21915,Prinia fluviatilis,rivpri1,"Cisticolas and Allies",Passeriformes,https://datazone.birdlife.org/species/factsheet/22713618,1,0,0,0,0,8,Wetland,2,1,Carnivore,Invertivore,Insessorial,NaN,"Species not recorded during both the old and new atlas, but recorded in Kenya.","Not recorded in the old atlas",Least Concern,0,0,0,0,0,0,0
9012,Rosy Starling,Pastor roseus,9430,avibase-24208346,Rosy Starling,Pastor roseus,26338,Pastor roseus,rossta2,"Rhabdornis, Starlings, and Mynas",Passeriformes,https://datazone.birdlife.org/species/factsheet/22710881,1,0,0,1,0,73,Grassland,3,3,Omnivore,Omnivore,Insessorial,NaN,"Species not recorded during both the old and new atlas, but recorded in Kenya.","Not recorded in the old atlas",Least Concern,0,0,0,0,0,0,0
9013,Rufous-tailed Weaver,Histurgops ruficauda,3766,avibase-FD2FEFFD,Rufous-tailed Weaver,Histurgops ruficauda,28903,Histurgops ruficauda,rutwea1,"Weavers and Allies",Passeriformes,https://datazone.birdlife.org/species/factsheet/22718711,1,0,0,0,0,69,Shrubland,2,1,Omnivore,Omnivore,Terrestrial,NaN,"Not recorded in the old atlas","Not recorded in the old atlas",Least Concern,0,3,0,0,3,0,2.78473053300346
9014,Sooty Shearwater,Ardenna grisea,29,avibase-1725B07D,Sooty Shearwater,Ardenna grisea,4856,Ardenna grisea,sooshe,"Petrels, Shearwaters, and Diving Petrels",Procellariiformes,https://datazone.birdlife.org/species/factsheet/22698209,1,0,0,0,0,787,Marine,3,3,Carnivore,Aquatic predator,Generalist,NaN,"Species not recorded during both the old and new atlas, but recorded in Kenya. Seabird species maps are unreliable because they are strongly depend on effort","Not recorded in the old atlas",Near Threatened,0,0,0,0,0,0,0
9015,South African Swallow,Petrochelidon spilodera,504,avibase-7D1AE743,South African Cliff Swallow,Petrochelidon spilodera,22824,Petrochelidon spilodera,soaswa2,"Swallows",Passeriformes,https://datazone.birdlife.org/species/factsheet/22712412,1,0,0,0,0,20.6,Grassland,3,3,Carnivore,Invertivore,Aerial,NaN,"Not recorded in the old atlas","Not recorded in the old atlas",Least Concern,0,3,0,0,3,0,2.85602429504889
9016,Variable Indigobird,Vidua funerea,849,avibase-49EF9657,Dusky Indigobird,Vidua funerea,29213,Vidua funerea,varind1,"Whydahs and Indigobirds",Passeriformes,https://datazone.birdlife.org/species/factsheet/22736178,1,0,0,0,0,14.3,Woodland,3,1,Herbivore,Granivore,Terrestrial,NaN,"Not recorded in the old atlas","Not recorded in the old atlas",Least Concern,0,1,0,0,1,0,0.993721820563689
9017,Weyns's Weaver,Ploceus weynsi,3946,avibase-341298B9,Weyns's Weaver,Ploceus weynsi,29022,Ploceus weynsi,weywea1,"Weavers and Allies",Passeriformes,https://datazone.birdlife.org/species/factsheet/22718941,1,0,0,0,0,29,Forest,1,2,Omnivore,Omnivore,Insessorial,NaN,"Not recorded in the old atlas","Not recorded in the old atlas",Least Concern,0,1,0,0,1,0,0.987532388921573
9018,White-capped Albatross,Thalassarche cauta,4150,avibase-87797B47,Shy Albatross,Thalassarche cauta,4744,Thalassarche cauta,whcalb1,"Albatrosses",Procellariiformes,,1,0,0,0,0,3897.7,Marine,3,3,Carnivore,Aquatic predator,Aquatic,NaN,"Species not recorded during both the old and new atlas, but recorded in Kenya. Seabird species maps are unreliable because they are strongly depend on effort","Not recorded in the old atlas",Not Evaluated,0,0,0,0,0,0,0
9019,Arnot's Chat,Myrmecocichla arnotti,0,avibase-535524BE,Arnot's Chat,Myrmecocichla arnotti,28068,Myrmecocichla arnotti,whbcha2,"Chats, Old World Flycatchers, and Allies",Passeriformes,https://datazone.birdlife.org/species/factsheet/22710432,1,0,0,0,0,39.6,Woodland,2,1,Carnivore,Invertivore,Generalist,NaN,"Not recorded in the old atlas","Not recorded in the old atlas",Least Concern,0,2,0,0,2,0,1.91476284501869
9020,Ethiopian Bee-eater,Merops lafresnayii,0,avibase-D0C68FE0,Ethiopian Bee-eater,Merops lafresnayii,9104,Merops lafresnayii,bubbee2,"Bee-eaters",Coraciiformes,https://datazone.birdlife.org/species/factsheet/61627085,1,0,0,0,0,22.5,Wetland,3,1,Carnivore,Invertivore,Insessorial,NaN,"Not recorded in the old atlas","Not recorded in the old atlas",Least Concern,0,1,0,0,1,0,0.983360256990764
9021,Ethiopian Boubou,Laniarius aethiopicus,14193,avibase-EBC3B53B,Ethiopian Boubou,Laniarius aethiopicus,18134,Laniarius aethiopicus,trobou2,"Bushshrikes and Allies",Passeriformes,,1,0,0,0,0,49.4,Woodland,2,1,Carnivore,Invertivore,Insessorial,NaN,"Not recorded in the old atlas","Not recorded in the old atlas",Not Evaluated,0,1,0,0,1,0,0.999589991575359
9022,Vinaceous Dove,Streptopelia vinacea,0,avibase-DDEF7228,Vinaceous Dove,Streptopelia vinacea,2625,Streptopelia vinacea,vindov1,"Doves and Pigeons",Columbiformes,https://datazone.birdlife.org/species/factsheet/22690484,1,0,0,0,0,110,Shrubland,2,1,Herbivore,Granivore,Terrestrial,NaN,"Species not recorded during both the old and new atlas, but recorded in Kenya.","Not recorded in the old atlas",Least Concern,0,0,0,0,0,0,0
9023,Shoebill,Balaeniceps rex,1030,avibase-47C7FDFD,Shoebill,Balaeniceps rex,5218,Balaeniceps rex,shoebi1,"Shoebill",Pelecaniformes,https://datazone.birdlife.org/species/factsheet/22697583,1,0,0,0,1,843.4,Wetland,3,2,Herbivore,Herbivore aquatic,Aquatic,39707247.47,"Species not recorded during both the old and new atlas, but recorded in Kenya.","Not recorded in the old atlas",Vulnerable,0,0,0,0,0,0,0
