SEQ,common_name,scientific_name,merged_SEQ,ADU,avibase_id,avibase_id_source,avilist_common_name,avilist_scientific_name,avilist_sort,avilist_members,ebird_code,family,order,iucn,birdlife_url,n_avilist_species,endemic,afrotropical,palearctic,waterbird,mass,habitat,habitat_density,migration,trophic_level,trophic_niche,primary_lifestyle,range_size,flag,comment
1,Ostrich,Struthio camelus,,0,avibase-5D14080C,ebird_group_exact,Common/Somali Ostrich,Struthio sp.,4,Struthio camelus|Struthio molybdophanes,ostric2|ostric3,Ostriches,Struthioniformes,VU,,2,false,false,false,false,111000,Shrubland,3,1,Herbivore,Omnivore,Terrestrial,8595319.06,This species was re-introduced in Kisumu (60b),
2,Little Grebe,Tachybaptus ruficollis,,6,avibase-215FEA89,ebird_single,Little Grebe,Tachybaptus ruficollis,1636,Tachybaptus ruficollis,litgre1,Grebes,Podicipediformes,LC,https://datazone.birdlife.org/species/factsheet/22696545,1,false,false,false,true,169.4,Wetland,3,1,Carnivore,Aquatic predator,Aquatic,36639881.74,,
3,Black-necked Grebe,Podiceps nigricollis,,5,avibase-32DCEC14,ebird_single,Black-necked Grebe,Podiceps nigricollis,1684,Podiceps nigricollis,eargre,Grebes,Podicipediformes,LC,https://datazone.birdlife.org/species/factsheet/22696610,1,false,false,false,true,412.4,Wetland,3,3,Carnivore,Aquatic predator,Aquatic,16435591.3,,
4,Great Crested Grebe,Podiceps cristatus,,4,avibase-8F269702,ebird_single,Great Crested Grebe,Podiceps cristatus,1680,Podiceps cristatus,grcgre1,Grebes,Podicipediformes,LC,https://datazone.birdlife.org/species/factsheet/22696602,1,false,false,false,true,731,Wetland,3,1,Carnivore,Aquatic predator,Aquatic,19812770.45,,
5,Black-browed Albatross,Diomedea melanophris,,8,avibase-F9FCB9FF,ebird_single,Black-browed Albatross,Thalassarche melanophris,4738,Thalassarche melanophris,bkbalb,Albatrosses,Procellariiformes,NE,,1,false,false,false,false,3202.9,Marine,3,2,Carnivore,Aquatic predator,Aquatic,109981594.81,Seabird species maps are unreliable because they are strongly depend on effort,
6,Pintado Petrel,Daption capense,,14,avibase-AAC2D613,ebird_single,Pintado Petrel,Daption capense,4818,Daption capense,cappet,"Petrels, Shearwaters, and Diving Petrels",Procellariiformes,LC,https://datazone.birdlife.org/species/factsheet/22697879,1,false,false,false,false,429.6,Marine,3,2,Carnivore,Aquatic predator,Generalist,136304432.2,Seabird species maps are unreliable because they are strongly depend on effort,
7,Broad-billed Prion,Pachyptila vittata,0,#N/A,avibase-93860B9B,ebird_single,Broad-billed Prion,Pachyptila vittata,4917,Pachyptila vittata,brbpri1,"Petrels, Shearwaters, and Diving Petrels",Procellariiformes,LC,https://datazone.birdlife.org/species/factsheet/22698106,1,false,false,false,false,196,Marine,3,2,Carnivore,Aquatic predator,Generalist,50803001.59,,"Re-identified as Thin-billed Prion Fanshawe, J.H., Prince, P. and Irwin, M. (1992). Black-bellied Storm Petrel Fregetta tropica, Antarctic Prion Pachyptila desolata, and Thin-billed Prion P. belcheri: three species new to Kenya and East Africa. Scopus. 15: 102–108."
8,Jouanin's Petrel,Bulweria fallax,,1011,avibase-F501ED18,ebird_single,Jouanin's Petrel,Bulweria fallax,4833,Bulweria fallax,joupet,"Petrels, Shearwaters, and Diving Petrels",Procellariiformes,NT,https://datazone.birdlife.org/species/factsheet/22698136,1,false,false,false,false,173,Marine,3,2,Carnivore,Aquatic predator,Aquatic,8090659.18,"Species not recorded during both the old and new atlas, but recorded in Kenya. Seabird species maps are unreliable because they are strongly depend on effort",
9,Wedge-tailed Shearwater,Puffinus pacificus,,180,avibase-E94A7272,ebird_single,Wedge-tailed Shearwater,Ardenna pacifica,4853,Ardenna pacifica,wetshe,"Petrels, Shearwaters, and Diving Petrels",Procellariiformes,LC,https://datazone.birdlife.org/species/factsheet/22698175,1,false,false,false,false,388,Marine,3,3,Carnivore,Aquatic predator,Generalist,119963361.1,Seabird species maps are unreliable because they are strongly depend on effort,
10,Audubon's Shearwater,Puffinus lherminieri,,0,avibase-3D67B652,manual,Persian/Tropical Shearwater,Puffinus sp.,4884,Puffinus persicus|Puffinus bailloni,pershe1|troshe5,"Petrels, Shearwaters, and Diving Petrels",Procellariiformes,LC,,2,false,false,false,false,214,Marine,3,2,Carnivore,Aquatic predator,Aquatic,45969798.08,Seabird species maps are unreliable because they are strongly depend on effort,"Historical lump of 2 species, treated as one taxon (Puffinus lherminieri) in the 1970-1984 atlas: Persian Shearwater (Puffinus persicus, 18 Kenyan eBird records 2009-2023); Tropical Shearwater (Puffinus bailloni, 1 Kenyan eBird records 2009-2023). At least one member was already a distinct, field-separable species during the atlas era; old-atlas records for this concept may include unseparated or misidentified individuals of either."
11,Wilson's Storm Petrel,Oceanites oceanicus,,33,avibase-D295D249,ebird_single,Wilson's Storm Petrel,Oceanites oceanicus,4751,Oceanites oceanicus,wispet,Southern Storm Petrels,Procellariiformes,LC,https://datazone.birdlife.org/species/factsheet/22698436,1,false,false,false,false,30.4,Marine,3,3,Carnivore,Aquatic predator,Aerial,28528.95,Seabird species maps are unreliable because they are strongly depend on effort,
12,Leach's Storm Petrel,Oceanodroma leucorhoa,,31,avibase-C5FB15C6,ebird_single,Leach's Storm Petrel,Hydrobates leucorhous,4807,Hydrobates leucorhous,lcspet,Northern Storm Petrels,Procellariiformes,VU,https://datazone.birdlife.org/species/factsheet/132438298,1,false,false,false,false,36.7,Marine,3,3,Carnivore,Aquatic predator,Aerial,110025337.7,Seabird species maps are unreliable because they are strongly depend on effort,
13,Matsudaira's Storm Petrel,Oceanodroma matsudairae,0,#N/A,avibase-6AA236DD,ebird_single,Matsudaira's Storm Petrel,Hydrobates matsudairae,4803,Hydrobates matsudairae,maspet2,Northern Storm Petrels,Procellariiformes,VU,https://datazone.birdlife.org/species/factsheet/22698548,1,false,false,false,false,62,Marine,3,3,Carnivore,Aquatic predator,Aerial,8.12,,Rejected
14,Red-tailed Tropicbird,Phaeton rubricauda,0,#N/A,avibase-C412CD62,ebird_single,Red-tailed Tropicbird,Phaethon rubricauda,4656,Phaethon rubricauda,rettro,Tropicbirds,Phaethontiformes,LC,https://datazone.birdlife.org/species/factsheet/22696641,1,false,false,false,false,671.9,Marine,3,3,Carnivore,Aquatic predator,Aerial,187720.42,,"Rejected by Zimmerman et al. 1996. See East African Rarities Committee (EARC) Special Report
Species included for East African countries in Britton (1980)
which have since been considered unacceptable. https://eararities.org/downloads/Fisher,%20Pearson%20&%20Hunter%202016.pdf"
15,White-tailed Tropicbird,Phaeton lepturus,,40,avibase-1D07B501,ebird_single,White-tailed Tropicbird,Phaethon lepturus,4661,Phaethon lepturus,whttro,Tropicbirds,Phaethontiformes,LC,https://datazone.birdlife.org/species/factsheet/22696645,1,false,false,false,true,328,Marine,3,3,Carnivore,Aquatic predator,Aerial,88168.39,,
16,Great White Pelican,Pelecanus onocrotalus,,42,avibase-8BAFB01E,ebird_single,Great White Pelican,Pelecanus onocrotalus,5234,Pelecanus onocrotalus,grwpel1,Pelicans,Pelecaniformes,LC,https://datazone.birdlife.org/species/factsheet/22697590,1,false,false,false,true,9322.3,Wetland,3,2,Carnivore,Aquatic predator,Aquatic,810182.64,,
17,Pink-backed Pelican,Pelecanus rufescens,,41,avibase-8D24E93C,ebird_single,Pink-backed Pelican,Pelecanus rufescens,5236,Pelecanus rufescens,pibpel1,Pelicans,Pelecaniformes,LC,https://datazone.birdlife.org/species/factsheet/22697595,1,false,false,false,true,5419.6,Wetland,3,1,Carnivore,Aquatic predator,Aquatic,14141336.63,,
18,Red-footed Booby,Sula sula,,1027,avibase-0A4609D1,ebird_single,Red-footed Booby,Sula sula,5030,Sula sula,refboo,Boobies and Gannets,Suliformes,LC,https://datazone.birdlife.org/species/factsheet/22696694,1,false,false,false,false,1031.1,Marine,3,2,Carnivore,Aquatic predator,Aerial,122459893.2,,
19,Masked Booby,Sula dactylatra,,45,avibase-22D1B4A2,ebird_single,Masked Booby,Sula dactylatra,5041,Sula dactylatra,masboo,Boobies and Gannets,Suliformes,LC,https://datazone.birdlife.org/species/factsheet/22736173,1,false,false,false,true,1732.1,Marine,3,2,Carnivore,Aquatic predator,Aerial,130196617.9,,
20,Brown Booby,Sula leucogaster,,46,avibase-05520B42,ebird_single,Brown Booby,Sula leucogaster,5034,Sula leucogaster,brnboo,Boobies and Gannets,Suliformes,NE,,1,false,false,false,true,1288.8,Marine,3,2,Carnivore,Aquatic predator,Aerial,26818777.48,,
21,Great Cormorant,Phalacrocorax carbo,,9638,avibase-3DF5C587,ebird_single,Great Cormorant,Phalacrocorax carbo,5124,Phalacrocorax carbo,grecor,Cormorants and Shags,Suliformes,LC,https://datazone.birdlife.org/species/factsheet/22696792,1,false,false,false,true,2529,Wetland,3,2,Carnivore,Aquatic predator,Aquatic,24540701.98,,
22,Long-tailed Cormorant,Phalacrocorax africanus,,50,avibase-E255DCE1,ebird_single,Reed Cormorant,Microcarbo africanus,5066,Microcarbo africanus,lotcor1,Cormorants and Shags,Suliformes,LC,https://datazone.birdlife.org/species/factsheet/22696725,1,false,false,false,true,47.3,Wetland,2,1,Carnivore,Invertivore,Insessorial,595112.59,,
23,African Darter,Anhinga rufa,,52,avibase-5C7936A7,ebird_single,African Darter,Anhinga rufa,5059,Anhinga rufa,darter3,Anhinga and Darters,Suliformes,LC,https://datazone.birdlife.org/species/factsheet/22696705,1,false,false,false,true,1480.1,Wetland,3,1,Carnivore,Aquatic predator,Aquatic,17976599.63,,
24,Greater Frigatebird,Fregata minor,,53,avibase-788EBCAB,ebird_single,Great Frigatebird,Fregata minor,5016,Fregata minor,grefri,Frigatebirds,Suliformes,LC,https://datazone.birdlife.org/species/factsheet/22697733,1,false,false,false,true,1274.7,Marine,3,3,Carnivore,Aquatic predator,Aerial,24816.16,This species is prone to misidentification and its maps might be affected by error.,
25,Lesser Frigatebird,Fregata ariel,,1013,avibase-09ED7E92,ebird_single,Lesser Frigatebird,Fregata ariel,5009,Fregata ariel,lesfri,Frigatebirds,Suliformes,LC,https://datazone.birdlife.org/species/factsheet/22697738,1,false,false,false,false,804.3,Marine,3,3,Carnivore,Aquatic predator,Aerial,94658392.52,This species is prone to misidentification and its maps might be affected by error.,
26,Dwarf Bittern,Ixobrychus sturmii,,66,avibase-87EEBD3E,ebird_single,Dwarf Bittern,Botaurus sturmii,5285,Botaurus sturmii,dwabit1,"Herons, Egrets, and Bitterns",Pelecaniformes,LC,https://datazone.birdlife.org/species/factsheet/22697327,1,false,false,false,true,140,Wetland,1,1,Carnivore,Aquatic predator,Terrestrial,12872490.53,,
27,Little Bittern,Ixobrychus minutus,,67,avibase-7AAD57AC,ebird_single,Little Bittern,Botaurus minutus,5286,Botaurus minutus,litbit1,"Herons, Egrets, and Bitterns",Pelecaniformes,LC,https://datazone.birdlife.org/species/factsheet/22735766,1,false,false,false,true,99.5,Wetland,1,3,Carnivore,Aquatic predator,Terrestrial,27683039.02,,
28,White-backed Night Heron,Gorsachius leuconotus,,70,avibase-3C12AA44,ebird_single,White-backed Night Heron,Calherodius leuconotus,5297,Calherodius leuconotus,wbnher1,"Herons, Egrets, and Bitterns",Pelecaniformes,LC,https://datazone.birdlife.org/species/factsheet/22697226,1,false,false,false,true,440,Wetland,2,2,Carnivore,Aquatic predator,Terrestrial,7860889.3,,
29,Night Heron,Nycticorax nycticorax,,69,avibase-6BB94D7E,ebird_single,Black-crowned Night Heron,Nycticorax nycticorax,5341,Nycticorax nycticorax,bcnher,"Herons, Egrets, and Bitterns",Pelecaniformes,LC,https://datazone.birdlife.org/species/factsheet/22697211,1,false,false,false,true,810,Wetland,3,3,Carnivore,Aquatic predator,Terrestrial,50345275.03,,
30,Cattle Egret,Bubulcus ibis,,61,avibase-AB1CB216,ebird_single,Western Cattle Egret,Ardea ibis,5407,Ardea ibis,categr1,"Herons, Egrets, and Bitterns",Pelecaniformes,NE,,1,false,false,false,true,366,Human Modified,3,2,Carnivore,Omnivore,Terrestrial,62451101.72,,
31,Squacco Heron,Ardeola ralloides,,62,avibase-CE73EBD7,ebird_single,Squacco Heron,Ardeola ralloides,5395,Ardeola ralloides,squher1,"Herons, Egrets, and Bitterns",Pelecaniformes,LC,https://datazone.birdlife.org/species/factsheet/22697123,1,false,false,false,true,287,Wetland,3,3,Carnivore,Aquatic predator,Terrestrial,20358790,,
32,Madagascar Squacco Heron,Ardeola idae,,883,avibase-EA2C460A,ebird_single,Malagasy Pond Heron,Ardeola idae,5396,Ardeola idae,mapher1,"Herons, Egrets, and Bitterns",Pelecaniformes,EN,https://datazone.birdlife.org/species/factsheet/22697143,1,false,false,false,true,253,Wetland,3,1,Carnivore,Aquatic predator,Terrestrial,551800.88,This species is prone to misidentification and its maps might be affected by error.,
33,Rufous-bellied Heron,Ardeola rufiventris,,65,avibase-AEB2DA9B,ebird_single,Rufous-bellied Heron,Ardeola rufiventris,5394,Ardeola rufiventris,rubher2,"Herons, Egrets, and Bitterns",Pelecaniformes,LC,https://datazone.birdlife.org/species/factsheet/22697150,1,false,false,false,true,201.5,Wetland,3,1,Carnivore,Aquatic predator,Terrestrial,5546086.48,,
34,Green-backed Heron,Butorides striatus,,63,avibase-67ADD2E3,ebird_single,Striated Heron,Butorides striata,5379,Butorides striata,strher2,"Herons, Egrets, and Bitterns",Pelecaniformes,NE,,1,false,false,false,true,201.5,Wetland,3,1,Carnivore,Aquatic predator,Terrestrial,53556698.29,,
35,Little Egret,Egretta garzetta,,59,avibase-F2858F9F,ebird_single,Little Egret,Egretta garzetta,5328,Egretta garzetta,litegr,"Herons, Egrets, and Bitterns",Pelecaniformes,NE,,1,false,false,false,true,312,Wetland,3,2,Carnivore,Aquatic predator,Terrestrial,34141787.35,,
36,African Reef Heron,Egretta gularis,,2190,avibase-DF32B1F9,ebird_single,Western Reef Heron,Egretta gularis,5325,Egretta gularis,werher,"Herons, Egrets, and Bitterns",Pelecaniformes,NE,,1,false,true,false,true,312,Coastal,3,2,Carnivore,Aquatic predator,Terrestrial,2265036.6,This species is prone to misidentification and its maps might be affected by error.,
37,Black Heron,Egretta ardesiaca,,64,avibase-74853F89,ebird_single,Black Heron,Egretta ardesiaca,5316,Egretta ardesiaca,blaher1,"Herons, Egrets, and Bitterns",Pelecaniformes,LC,https://datazone.birdlife.org/species/factsheet/22696926,1,false,false,false,true,324,Wetland,3,1,Carnivore,Aquatic predator,Terrestrial,8505004.79,,
38,Yellow-billed Egret,Egreta intermedia,,60,avibase-C3ABF863,ebird_single,Yellow-billed Egret,Ardea brachyrhyncha,5404,Ardea brachyrhyncha,integr3,"Herons, Egrets, and Bitterns",Pelecaniformes,LC,https://datazone.birdlife.org/species/factsheet/22727677,1,false,false,false,true,458.8,Wetland,3,2,Carnivore,Aquatic predator,Terrestrial,5469087.01,,
39,Great White Egret,Egreta alba,,58,avibase-49D9148A,ebird_single,Great Egret,Ardea alba,5399,Ardea alba,greegr,"Herons, Egrets, and Bitterns",Pelecaniformes,LC,https://datazone.birdlife.org/species/factsheet/22697043,1,false,false,false,true,871.3,Wetland,3,2,Carnivore,Aquatic predator,Terrestrial,74898555.49,,
40,Grey Heron,Ardea cinerea,,54,avibase-6429024D,ebird_single,Grey Heron,Ardea cinerea,5419,Ardea cinerea,graher1,"Herons, Egrets, and Bitterns",Pelecaniformes,LC,https://datazone.birdlife.org/species/factsheet/22696993,1,false,false,false,true,1443,Wetland,3,1,Carnivore,Aquatic predator,Terrestrial,46421646.29,,
41,Purple Heron,Ardea purpurea,,57,avibase-3395DCF1,ebird_single,Purple Heron,Ardea purpurea,5412,Ardea purpurea,purher1,"Herons, Egrets, and Bitterns",Pelecaniformes,LC,https://datazone.birdlife.org/species/factsheet/22697031,1,false,false,false,true,1064.5,Wetland,3,3,Carnivore,Aquatic predator,Terrestrial,34922824.77,,
42,Goliath Heron,Ardea goliath,,56,avibase-C7888A15,ebird_single,Goliath Heron,Ardea goliath,5418,Ardea goliath,golher1,"Herons, Egrets, and Bitterns",Pelecaniformes,LC,https://datazone.birdlife.org/species/factsheet/22697017,1,false,false,false,true,4468,Wetland,3,1,Carnivore,Aquatic predator,Terrestrial,17833051.09,,
43,Black-headed Heron,Ardea melanocephala,,55,avibase-25A648FE,ebird_single,Black-headed Heron,Ardea melanocephala,5417,Ardea melanocephala,blhher1,"Herons, Egrets, and Bitterns",Pelecaniformes,LC,https://datazone.birdlife.org/species/factsheet/22697008,1,false,false,false,true,1060,Wetland,3,1,Carnivore,Omnivore,Terrestrial,19067243.58,,
44,Hamerkop,Scopus umbretta,,72,avibase-FC10F6ED,ebird_single,Hamerkop,Scopus umbretta,5221,Scopus umbretta,hamerk1,Hamerkop,Pelecaniformes,LC,https://datazone.birdlife.org/species/factsheet/22697356,1,false,false,false,true,472,Wetland,3,2,Carnivore,Omnivore,Terrestrial,19881333.45,,
45,White Stork,Ciconia ciconia,,80,avibase-28825494,ebird_single,White Stork,Ciconia ciconia,4997,Ciconia ciconia,whisto1,Storks,Ciconiiformes,LC,https://datazone.birdlife.org/species/factsheet/22697691,1,false,false,true,true,3445.8,Grassland,3,3,Carnivore,Omnivore,Terrestrial,5196114,,
46,Black Stork,Ciconia nigra,,79,avibase-E2817DAE,ebird_single,Black Stork,Ciconia nigra,4994,Ciconia nigra,blasto1,Storks,Ciconiiformes,LC,https://datazone.birdlife.org/species/factsheet/22697669,1,false,false,true,true,2926,Woodland,2,3,Carnivore,Aquatic predator,Terrestrial,18362407.3,,
47,Abdim's Stork,Ciconia abdimii,,78,avibase-26CD0319,ebird_single,Abdim's Stork,Ciconia abdimii,5000,Ciconia abdimii,abdsto1,Storks,Ciconiiformes,LC,https://datazone.birdlife.org/species/factsheet/22697673,1,false,true,false,true,1398,Grassland,3,1,Carnivore,Invertivore,Terrestrial,6486422.91,,
48,Woolly-necked Stork,Ciconia episcopus,,77,avibase-5157C558,ebird_single,African Woolly-necked Stork,Ciconia microscelis,5002,Ciconia microscelis,wonsto2,Storks,Ciconiiformes,LC,https://datazone.birdlife.org/species/factsheet/22727265,1,false,false,false,true,2061,Wetland,3,1,Carnivore,Aquatic predator,Terrestrial,3858090.35,,
49,Saddle-billed Stork,Ephippiorhynchus senegalensis,,75,avibase-3D155653,ebird_single,Saddle-billed Stork,Ephippiorhynchus senegalensis,4989,Ephippiorhynchus senegalensis,sabsto1,Storks,Ciconiiformes,NT,https://datazone.birdlife.org/species/factsheet/22697706,1,false,false,false,true,6158.7,Wetland,3,1,Carnivore,Aquatic predator,Terrestrial,11071552.53,,
50,Marabou Stork,Leptoptilos crumeniferus,,73,avibase-03C0F97C,ebird_single,Marabou Stork,Leptoptilos crumenifer,4978,Leptoptilos crumenifer,marsto1,Storks,Ciconiiformes,LC,https://datazone.birdlife.org/species/factsheet/22697716,1,false,false,false,true,6067.9,Grassland,3,1,Omnivore,Omnivore,Terrestrial,12361408.84,,
51,Open-billed Stork,Anastomus lamelligerus,,74,avibase-0F14ECE4,ebird_single,African Openbill,Anastomus lamelligerus,4974,Anastomus lamelligerus,afrope1,Storks,Ciconiiformes,LC,https://datazone.birdlife.org/species/factsheet/22697664,1,false,false,false,true,1081,Wetland,3,2,Carnivore,Aquatic predator,Terrestrial,13409712.69,,
52,Yellow-billed Stork,Mycteria ibis,,76,avibase-4F92C892,ebird_single,Yellow-billed Stork,Mycteria ibis,4984,Mycteria ibis,yebsto1,Storks,Ciconiiformes,LC,https://datazone.birdlife.org/species/factsheet/22697654,1,false,false,false,true,2155.6,Wetland,3,2,Carnivore,Omnivore,Terrestrial,15368408.04,,
53,Sacred Ibis,Threskiornis aethiopicus,,81,avibase-550DE745,ebird_single,African Sacred Ibis,Threskiornis aethiopicus,5206,Threskiornis aethiopicus,sacibi2,Ibises and Spoonbills,Pelecaniformes,LC,https://datazone.birdlife.org/species/factsheet/22697510,1,false,false,false,true,1493.2,Wetland,3,1,Carnivore,Aquatic predator,Terrestrial,17650108.45,,
54,Hadada Ibis,Bostrychia hagedash,,84,avibase-CAFBA217,ebird_single,Hadada Ibis,Bostrychia hagedash,5181,Bostrychia hagedash,hadibi1,Ibises and Spoonbills,Pelecaniformes,LC,https://datazone.birdlife.org/species/factsheet/22697463,1,false,false,false,true,1238,Grassland,2,1,Carnivore,Invertivore,Terrestrial,16241597.55,,
55,Green Ibis,Bostrychia olivacea,,2202,avibase-23ACB56E,ebird_single,Olive Ibis,Bostrychia olivacea,5174,Bostrychia olivacea,oliibi2,Ibises and Spoonbills,Pelecaniformes,LC,https://datazone.birdlife.org/species/factsheet/22697472,1,false,false,false,true,866,Forest,1,1,Carnivore,Omnivore,Terrestrial,802325.59,,
56,Glossy Ibis,Plegadis falcinellus,,83,avibase-D4540F88,ebird_single,Glossy Ibis,Plegadis falcinellus,5166,Plegadis falcinellus,gloibi,Ibises and Spoonbills,Pelecaniformes,LC,https://datazone.birdlife.org/species/factsheet/22697422,1,false,false,false,true,626.6,Wetland,3,2,Carnivore,Aquatic predator,Terrestrial,23712479.58,,
57,African Spoonbill,Platalea alba,,85,avibase-F86BB1D3,ebird_single,African Spoonbill,Platalea alba,5198,Platalea alba,afrspo1,Ibises and Spoonbills,Pelecaniformes,LC,https://datazone.birdlife.org/species/factsheet/22697564,1,false,false,false,true,1521,Wetland,3,2,Carnivore,Aquatic predator,Terrestrial,14157612.5,,
58,Eurasian Spoonbill,Platalea leucorodia,,2210,avibase-A0A584C1,ebird_single,Eurasian Spoonbill,Platalea leucorodia,5199,Platalea leucorodia,eurspo1,Ibises and Spoonbills,Pelecaniformes,LC,https://datazone.birdlife.org/species/factsheet/22697555,1,false,false,false,true,1868,Wetland,3,2,Carnivore,Aquatic predator,Terrestrial,6276598.58,This species is prone to misidentification and its maps might be affected by error.,
59,Greater Flamingo,Phoenicopterus ruber,,86,avibase-0F9B5174,ebird_single,Greater Flamingo,Phoenicopterus roseus,1622,Phoenicopterus roseus,grefla3,Flamingos,Phoenicopteriformes,LC,https://datazone.birdlife.org/species/factsheet/22697360,1,false,false,false,true,3031.6,Wetland,3,2,Carnivore,Aquatic predator,Terrestrial,5093092.47,,
60,Lesser Flamingo,Phoeniconaias minor,,87,avibase-B06A9079,ebird_single,Lesser Flamingo,Phoeniconaias minor,1616,Phoeniconaias minor,lesfla1,Flamingos,Phoenicopteriformes,NT,https://datazone.birdlife.org/species/factsheet/22697369,1,false,false,false,true,1500,Wetland,3,1,Herbivore,Herbivore aquatic,Terrestrial,248234.51,,"CJ: Yes, the coastal increase certainly seems real. The literature was clear that LF were v rare on the coast. "
61,Fulvous Whistling Duck,Dendrocygna bicolor,,101,avibase-9A60617E,ebird_single,Fulvous Whistling Duck,Dendrocygna bicolor,253,Dendrocygna bicolor,fuwduc,"Ducks, Swans, and Geese",Anseriformes,LC,https://datazone.birdlife.org/species/factsheet/22679746,1,false,false,false,true,756.4,Wetland,3,2,Herbivore,Omnivore,Terrestrial,18668766.17,,
62,White-faced Whistling Duck,Dendrocygna viduata,,100,avibase-A534AFEA,ebird_single,White-faced Whistling Duck,Dendrocygna viduata,248,Dendrocygna viduata,wfwduc1,"Ducks, Swans, and Geese",Anseriformes,LC,https://datazone.birdlife.org/species/factsheet/22679763,1,false,false,false,true,690,Wetland,3,2,Herbivore,Herbivore aquatic,Aquatic,27415311.66,,
63,Ruddy Shelduck,Tadorna ferruginea,0,#N/A,avibase-1F9D883E,ebird_single,Ruddy Shelduck,Tadorna ferruginea,391,Tadorna ferruginea,rudshe,"Ducks, Swans, and Geese",Anseriformes,LC,https://datazone.birdlife.org/species/factsheet/22680003,1,false,false,false,false,1235,Wetland,3,2,Omnivore,Omnivore,Terrestrial,18403211.28,,"Rejected by Zimmerman et al. 1996. See East African Rarities Committee (EARC) Special Report
Species included for East African countries in Britton (1980)
which have since been considered unacceptable. https://eararities.org/downloads/Fisher,%20Pearson%20&%20Hunter%202016.pdf"
64,Egyptian Goose,Alopochen aegyptiacus,,89,avibase-DA2F24E3,ebird_single,Egyptian Goose,Alopochen aegyptiaca,384,Alopochen aegyptiaca,egygoo,"Ducks, Swans, and Geese",Anseriformes,LC,https://datazone.birdlife.org/species/factsheet/22679993,1,false,false,false,true,1873,Wetland,3,2,Herbivore,Omnivore,Generalist,17452607.3,,
65,Spur-winged Goose,Plectopterus gambensis,,88,avibase-EB01B24C,ebird_single,Spur-winged Goose,Plectropterus gambensis,285,Plectropterus gambensis,spwgoo1,"Ducks, Swans, and Geese",Anseriformes,LC,https://datazone.birdlife.org/species/factsheet/22680057,1,false,false,false,true,3869,Wetland,3,3,Herbivore,Omnivore,Terrestrial,15772780.82,,
66,Knob-billed Duck,Sarkidiornis melanotos,,91,avibase-3948131B,ebird_single,Knob-billed Duck,Sarkidiornis melanotos,439,Sarkidiornis melanotos,comduc2,"Ducks, Swans, and Geese",Anseriformes,LC,https://datazone.birdlife.org/species/factsheet/45953631,1,false,false,false,true,2610,Wetland,3,1,Herbivore,Herbivore aquatic,Generalist,18695511.28,,
67,African Pygmy Goose,Nettapus auritus,,92,avibase-EC7C1618,ebird_single,African Pygmy Goose,Nettapus auritus,268,Nettapus auritus,afrpyg1,"Ducks, Swans, and Geese",Anseriformes,LC,https://datazone.birdlife.org/species/factsheet/22680095,1,false,false,false,true,266,Wetland,3,1,Omnivore,Herbivore aquatic,Aquatic,17754493.4,,
68,African Black Duck,Anas sparsa,,95,avibase-1EAFAD9F,ebird_single,African Black Duck,Anas sparsa,527,Anas sparsa,afbduc1,"Ducks, Swans, and Geese",Anseriformes,LC,https://datazone.birdlife.org/species/factsheet/22680170,1,false,false,false,true,981.5,Wetland,3,1,Omnivore,Omnivore,Aquatic,9213622.59,,
69,Cape Wigeon,Anas capensis,,98,avibase-25DA0F41,ebird_single,Cape Teal,Anas capensis,552,Anas capensis,captea1,"Ducks, Swans, and Geese",Anseriformes,LC,https://datazone.birdlife.org/species/factsheet/22680145,1,false,false,false,true,402,Wetland,3,2,Omnivore,Aquatic predator,Aquatic,4317287.05,,
70,Wigeon,Anas penelope,,1280,avibase-15EE0D36,ebird_single,Eurasian Wigeon,Mareca penelope,523,Mareca penelope,eurwig,"Ducks, Swans, and Geese",Anseriformes,LC,https://datazone.birdlife.org/species/factsheet/22680157,1,false,false,true,true,770,Wetland,3,3,Herbivore,Omnivore,Terrestrial,16342850.08,,
71,Gadwall,Anas strepera,,1282,avibase-C235A4D7,ebird_single,Gadwall,Mareca strepera,519,Mareca strepera,gadwal,"Ducks, Swans, and Geese",Anseriformes,LC,https://datazone.birdlife.org/species/factsheet/22680149,1,false,false,true,true,915.6,Wetland,3,2,Herbivore,Herbivore aquatic,Aquatic,18552362.65,,"CJ: A rare bird previously, clearly become even rarer"
72,Teal,Anas crecca,,1274,avibase-BC6C3CCE,ebird_single,Green-winged Teal,Anas crecca,566,Anas crecca,gnwtea,"Ducks, Swans, and Geese",Anseriformes,NE,,1,false,false,true,true,341.9,Wetland,3,2,Herbivore,Herbivore aquatic,Aquatic,31784516.68,,
73,Garganey,Anas querquedula,,885,avibase-F577BA0F,ebird_single,Garganey,Spatula querquedula,498,Spatula querquedula,gargan,"Ducks, Swans, and Geese",Anseriformes,LC,https://datazone.birdlife.org/species/factsheet/22680313,1,false,false,true,true,325.6,Wetland,3,3,Omnivore,Herbivore aquatic,Aquatic,16861397.11,,"CJ: Yes, this is surely a correct picture of its decline"
74,Yellow-billed Duck,Anas undulata,,96,avibase-7F64AD87,ebird_single,Yellow-billed Duck,Anas undulata,531,Anas undulata,yebduc1,"Ducks, Swans, and Geese",Anseriformes,LC,https://datazone.birdlife.org/species/factsheet/22680221,1,false,false,false,true,1008,Wetland,3,2,Herbivore,Herbivore aquatic,Aquatic,8476793.26,,CJ: Yes… interesting that it has gone from the coast. 
75,Northern Pintail,Anas acuta,,886,avibase-56CCA717,ebird_single,Northern Pintail,Anas acuta,562,Anas acuta,norpin,"Ducks, Swans, and Geese",Anseriformes,LC,https://datazone.birdlife.org/species/factsheet/22680301,1,false,false,true,true,944.6,Wetland,3,3,Herbivore,Herbivore aquatic,Aquatic,28403500.77,,
76,Red-billed Teal,Anas erythrorhynchos,,97,avibase-8F6876AC,ebird_single,Red-billed Teal,Anas erythrorhyncha,557,Anas erythrorhyncha,rebduc1,"Ducks, Swans, and Geese",Anseriformes,LC,https://datazone.birdlife.org/species/factsheet/22680290,1,false,false,false,true,558.8,Wetland,3,2,Herbivore,Herbivore aquatic,Aquatic,10763443.79,,
77,Hottentot Teal,Anas hottentota,,99,avibase-FA831F65,ebird_single,Blue-billed Teal,Spatula hottentota,499,Spatula hottentota,hottea1,"Ducks, Swans, and Geese",Anseriformes,LC,https://datazone.birdlife.org/species/factsheet/22680332,1,false,false,false,true,276.4,Wetland,3,1,Herbivore,Omnivore,Generalist,7754871.01,,
78,Shoveler,Anas clypeata,,93,avibase-ED4CE8E7,ebird_single,Northern Shoveler,Spatula clypeata,513,Spatula clypeata,norsho,"Ducks, Swans, and Geese",Anseriformes,LC,https://datazone.birdlife.org/species/factsheet/22680247,1,false,false,true,true,612.6,Wetland,3,3,Omnivore,Aquatic predator,Aquatic,27068888.24,,
79,Southern Pochard,Netta erythrophthalma,,102,avibase-36C0242E,ebird_single,Southern Pochard,Netta erythrophthalma,459,Netta erythrophthalma,soupoc1,"Ducks, Swans, and Geese",Anseriformes,LC,https://datazone.birdlife.org/species/factsheet/22680354,1,false,false,false,true,780.4,Wetland,3,2,Herbivore,Herbivore aquatic,Aquatic,10612856.99,,CJ: The Malindi increase is definitely due to much greater observer effort (L Jilore is visited MANY more times than it would have been during the first bird atlas..)
80,Northern Pochard,Aythya ferina,,1296,avibase-A96692E0,ebird_single,Common Pochard,Aythya ferina,468,Aythya ferina,compoc,"Ducks, Swans, and Geese",Anseriformes,VU,https://datazone.birdlife.org/species/factsheet/22680358,1,false,false,false,true,823,Wetland,3,1,Herbivore,Herbivore aquatic,Aquatic,16611109.18,,
81,White-eyed Pochard,Aythya nyroca,,1304,avibase-7CF91527,ebird_single,Ferruginous Duck,Aythya nyroca,464,Aythya nyroca,ferduc,"Ducks, Swans, and Geese",Anseriformes,NT,https://datazone.birdlife.org/species/factsheet/22680373,1,false,false,true,true,574,Wetland,3,3,Herbivore,Herbivore aquatic,Aquatic,6827514.86,,
82,Tufted Duck,Aythya fuligula,,1298,avibase-67CEA1C1,ebird_single,Tufted Duck,Aythya fuligula,472,Aythya fuligula,tufduc,"Ducks, Swans, and Geese",Anseriformes,LC,https://datazone.birdlife.org/species/factsheet/22680391,1,false,false,true,true,701.2,Wetland,3,2,Omnivore,Herbivore aquatic,Aquatic,20377977.97,,CJ: SO interesting that this sp has vanished. It was always uncommon but now is not present.
83,Maccoa Duck,Oxyura maccoa,,103,avibase-1C2F4E80,ebird_single,Maccoa Duck,Oxyura maccoa,278,Oxyura maccoa,macduc1,"Ducks, Swans, and Geese",Anseriformes,EN,https://datazone.birdlife.org/species/factsheet/22679820,1,false,false,false,true,674,Wetland,3,1,Omnivore,Omnivore,Aquatic,2242706.43,,
84,White-backed Duck,Thalassornis leuconotus,,104,avibase-2EEDACD5,ebird_single,White-backed Duck,Thalassornis leuconotus,242,Thalassornis leuconotus,whbduc1,"Ducks, Swans, and Geese",Anseriformes,LC,https://datazone.birdlife.org/species/factsheet/22679785,1,false,false,false,true,707.5,Wetland,3,1,Herbivore,Herbivore aquatic,Aquatic,10032374.01,,
85,Secretary Bird,Sagittarius serpentarius,,105,avibase-DCBCCEB8,ebird_single,Secretarybird,Sagittarius serpentarius,7945,Sagittarius serpentarius,secret2,Secretarybird,Accipitriformes,EN,https://datazone.birdlife.org/species/factsheet/22696221,1,false,false,false,false,4017,Grassland,3,2,Carnivore,Vertivore,Terrestrial,14023594.92,,
86,Palm-nut Vulture,Gypohierax angolensis,,112,avibase-14885C18,ebird_single,Palm-nut Vulture,Gypohierax angolensis,7977,Gypohierax angolensis,panvul1,"Kites, Old World Vultures, Eagles, and Hawks",Accipitriformes,LC,https://datazone.birdlife.org/species/factsheet/22695170,1,false,false,false,true,1600,Forest,2,1,Herbivore,Frugivore,Insessorial,9715580.32,,
87,Lappet-faced Vulture,Torgos tracheliotus,,108,avibase-672EA454,ebird_single,Lappet-faced Vulture,Torgos tracheliotos,8060,Torgos tracheliotos,lafvul1,"Kites, Old World Vultures, Eagles, and Hawks",Accipitriformes,EN,https://datazone.birdlife.org/species/factsheet/22695238,1,false,false,false,false,6969,Grassland,3,2,Scavenger,Scavenger,Terrestrial,8489832.71,,
88,White-headed Vulture,Trigonoceps occipitalis,,109,avibase-93D7EC56,ebird_single,White-headed Vulture,Trigonoceps occipitalis,8056,Trigonoceps occipitalis,whhvul1,"Kites, Old World Vultures, Eagles, and Hawks",Accipitriformes,CR,https://datazone.birdlife.org/species/factsheet/22695250,1,false,false,false,false,3016,Shrubland,2,1,Scavenger,Scavenger,Terrestrial,6011586.35,,
89,Ruppell's Vulture,Gyps rueppellii,,1029,avibase-76B512B1,ebird_single,Rüppell's Vulture,Gyps rueppelli,8075,Gyps rueppelli,ruegri1,"Kites, Old World Vultures, Eagles, and Hawks",Accipitriformes,CR,https://datazone.birdlife.org/species/factsheet/22695207,1,false,false,false,false,7400,Grassland,3,1,Scavenger,Scavenger,Terrestrial,6445230.81,,
90,African White-backed Vulture,Gyps africanus,,107,avibase-0419DDC2,ebird_single,White-backed Vulture,Gyps africanus,8068,Gyps africanus,whbvul1,"Kites, Old World Vultures, Eagles, and Hawks",Accipitriformes,CR,https://datazone.birdlife.org/species/factsheet/22695189,1,false,false,false,false,5433,Shrubland,2,1,Scavenger,Scavenger,Terrestrial,10465544.7,,
91,Egyptian Vulture,Neophron percnopterus,,111,avibase-6D3480A6,ebird_single,Egyptian Vulture,Neophron percnopterus,7983,Neophron percnopterus,egyvul1,"Kites, Old World Vultures, Eagles, and Hawks",Accipitriformes,EN,https://datazone.birdlife.org/species/factsheet/22695180,1,false,false,false,false,2082,Grassland,3,3,Omnivore,Scavenger,Generalist,14111672.38,,
92,Hooded Vulture,Neophron monachus,,110,avibase-131038AD,ebird_single,Hooded Vulture,Necrosyrtes monachus,8064,Necrosyrtes monachus,hoovul1,"Kites, Old World Vultures, Eagles, and Hawks",Accipitriformes,CR,https://datazone.birdlife.org/species/factsheet/22695185,1,false,false,false,false,2043,Shrubland,2,1,Scavenger,Scavenger,Terrestrial,10764077.19,,
93,Lammergeier,Gypaetus barbatus,,150,avibase-81DB7410,ebird_single,Bearded Vulture,Gypaetus barbatus,7979,Gypaetus barbatus,lammer1,"Kites, Old World Vultures, Eagles, and Hawks",Accipitriformes,NT,https://datazone.birdlife.org/species/factsheet/22695174,1,false,false,false,false,5695,Rock,3,2,Scavenger,Scavenger,Terrestrial,8369572.33,This species was re-introduces in Hell's Gate (62c),
94,Harrier-Hawk,Polyboroides typus,,171,avibase-C505EA72,ebird_single,African Harrier-Hawk,Polyboroides typus,7973,Polyboroides typus,afhhaw1,"Kites, Old World Vultures, Eagles, and Hawks",Accipitriformes,LC,https://datazone.birdlife.org/species/factsheet/22695409,1,false,false,false,false,633.2,Forest,1,1,Carnivore,Vertivore,Insessorial,14893143.16,,
95,Pallid Harrier,Circus macrourus,,168,avibase-22647E26,ebird_single,Pallid Harrier,Circus macrourus,8428,Circus macrourus,palhar1,"Kites, Old World Vultures, Eagles, and Hawks",Accipitriformes,NT,https://datazone.birdlife.org/species/factsheet/22695396,1,false,false,true,false,384.4,Grassland,3,3,Carnivore,Vertivore,Aerial,6168290.72,,
96,Montagu's Harrier,Circus pygargus,,170,avibase-63B6412E,ebird_single,Montagu's Harrier,Circus pygargus,8434,Circus pygargus,monhar1,"Kites, Old World Vultures, Eagles, and Hawks",Accipitriformes,LC,https://datazone.birdlife.org/species/factsheet/22695405,1,false,false,true,false,310.8,Grassland,3,3,Carnivore,Vertivore,Aerial,6837154.32,,
97,Eurasian Marsh Harrier,Circus aeruginosus,,166,avibase-E2A19474,ebird_single,Western Marsh Harrier,Circus aeruginosus,8437,Circus aeruginosus,wemhar1,"Kites, Old World Vultures, Eagles, and Hawks",Accipitriformes,LC,https://datazone.birdlife.org/species/factsheet/22695344,1,false,false,true,true,704.1,Wetland,3,2,Carnivore,Vertivore,Aerial,13390803.81,,
98,African Marsh Harrier,Circus ranivorus,,167,avibase-2A2C169B,ebird_single,African Marsh Harrier,Circus ranivorus,8436,Circus ranivorus,afmhar1,"Kites, Old World Vultures, Eagles, and Hawks",Accipitriformes,LC,https://datazone.birdlife.org/species/factsheet/22695352,1,false,false,false,true,507,Wetland,3,1,Carnivore,Vertivore,Aerial,4426338.22,This species is prone to misidentification and its maps might be affected by error.,
99,Bateleur,Terathopius ecaudatus,,151,avibase-6CBD8724,ebird_single,Bateleur,Terathopius ecaudatus,8111,Terathopius ecaudatus,batele1,"Kites, Old World Vultures, Eagles, and Hawks",Accipitriformes,EN,https://datazone.birdlife.org/species/factsheet/22695289,1,false,false,false,false,2200,Woodland,2,1,Carnivore,Omnivore,Generalist,14023477.79,,
100,Short-toed Snake Eagle,Circaetus gallicus,,0,avibase-A0C5797F,manual,Beaudouin's/Black-chested/Short-toed Snake Eagle,Circaetus sp.,8118,Circaetus beaudouini|Circaetus pectoralis|Circaetus gallicus,beasne1|bkbsne1|shteag1,"Kites, Old World Vultures, Eagles, and Hawks",Accipitriformes,VU,,3,false,false,false,false,1500,Woodland,2,1,Carnivore,Vertivore,Insessorial,3453409.14,,"Historical lump of 3 species, treated as one taxon (Circaetus gallicus) in the 1970-1984 atlas: Beaudouin's Snake-Eagle (Circaetus beaudouini, 22 Kenyan eBird records 2009-2023); Black-chested Snake-Eagle (Circaetus pectoralis, 3329 Kenyan eBird records 2009-2023); Short-toed Snake-Eagle (Circaetus gallicus, 4 Kenyan eBird records 2009-2023). At least one member was already a distinct, field-separable species during the atlas era; old-atlas records for this concept may include unseparated or misidentified individuals of either."
101,Brown Snake Eagle,Circaetus cinereus,,145,avibase-6904D83F,ebird_single,Brown Snake Eagle,Circaetus cinereus,8120,Circaetus cinereus,brseag1,"Kites, Old World Vultures, Eagles, and Hawks",Accipitriformes,LC,https://datazone.birdlife.org/species/factsheet/22695271,1,false,false,false,false,2048,Shrubland,2,1,Carnivore,Vertivore,Insessorial,11541044.04,,
102,Banded Snake Eagle,Circaetus cinerascens,,148,avibase-4327F813,ebird_single,Western Banded Snake Eagle,Circaetus cinerascens,8114,Circaetus cinerascens,baseag1,"Kites, Old World Vultures, Eagles, and Hawks",Accipitriformes,LC,https://datazone.birdlife.org/species/factsheet/22695283,1,false,false,false,false,1126,Forest,1,1,Carnivore,Vertivore,Insessorial,5762003,,
103,Southern Banded Snake Eagle,Circaetus fasciolatus,,147,avibase-9F2839A9,ebird_single,Southern Banded Snake Eagle,Circaetus fasciolatus,8113,Circaetus fasciolatus,faseag1,"Kites, Old World Vultures, Eagles, and Hawks",Accipitriformes,NT,https://datazone.birdlife.org/species/factsheet/22695277,1,false,false,false,false,1013.6,Woodland,3,1,Carnivore,Vertivore,Insessorial,734455.97,,
104,Great Sparrowhawk,Accipiter melanoleucus,,159,avibase-819AB823,ebird_single,Black Sparrowhawk,Astur melanoleucus,8421,Astur melanoleucus,blagos1,"Kites, Old World Vultures, Eagles, and Hawks",Accipitriformes,LC,https://datazone.birdlife.org/species/factsheet/22695673,1,false,false,false,false,699,Forest,1,1,Carnivore,Vertivore,Generalist,9067092.6,,
105,Ovampo Sparrowhawk,Accipiter ovampensis,,157,avibase-BAE91683,ebird_single,Ovambo Sparrowhawk,Accipiter ovampensis,8373,Accipiter ovampensis,ovaspa2,"Kites, Old World Vultures, Eagles, and Hawks",Accipitriformes,LC,https://datazone.birdlife.org/species/factsheet/22695619,1,false,false,false,false,195,Shrubland,2,1,Carnivore,Vertivore,Aerial,7295779.86,,
106,Eurasian Sparrowhawk,Accipiter nisus,,1006,avibase-DB376A66,ebird_single,Eurasian Sparrowhawk,Accipiter nisus,8388,Accipiter nisus,eurspa1,"Kites, Old World Vultures, Eagles, and Hawks",Accipitriformes,LC,https://datazone.birdlife.org/species/factsheet/22695624,1,false,false,true,false,220.8,Forest,1,2,Carnivore,Vertivore,Insessorial,23601609.31,This species is prone to misidentification and its maps might be affected by error.,
107,Rufous Sparrowhawk,Accipiter rufiventris,,156,avibase-EC0E680F,ebird_single,Rufous-breasted Sparrowhawk,Accipiter rufiventris,8385,Accipiter rufiventris,rucspa2,"Kites, Old World Vultures, Eagles, and Hawks",Accipitriformes,LC,https://datazone.birdlife.org/species/factsheet/22695630,1,false,false,false,false,198,Forest,1,1,Carnivore,Vertivore,Aerial,756057.21,,
108,African Goshawk,Accipiter tachiro,,160,avibase-35A1472C,ebird_single,African Goshawk,Aerospiza tachiro,8254,Aerospiza tachiro,afrgos1,"Kites, Old World Vultures, Eagles, and Hawks",Accipitriformes,NE,,1,false,false,false,false,290.2,Forest,1,1,Carnivore,Vertivore,Aerial,5174215.21,,
109,Little Sparrowhawk,Accipiter minullus,,158,avibase-CE1CF6FD,ebird_single,Little Sparrowhawk,Tachyspiza minulla,8267,Tachyspiza minulla,litspa1,"Kites, Old World Vultures, Eagles, and Hawks",Accipitriformes,LC,https://datazone.birdlife.org/species/factsheet/22695581,1,false,false,false,false,87.4,Forest,1,1,Carnivore,Vertivore,Generalist,6794381.58,,
110,Shikra,Accipiter badius,,161,avibase-1A0ECB6E,ebird_single,Shikra,Tachyspiza badia,8297,Tachyspiza badia,shikra1,"Kites, Old World Vultures, Eagles, and Hawks",Accipitriformes,LC,https://datazone.birdlife.org/species/factsheet/22695490,1,false,false,false,false,131.2,Shrubland,2,3,Carnivore,Vertivore,Insessorial,22374973,,
111,Levant Sparrowhawk,Accipiter brevipes,,2074,avibase-8492E4B7,ebird_single,Levant Sparrowhawk,Tachyspiza brevipes,8307,Tachyspiza brevipes,levspa1,"Kites, Old World Vultures, Eagles, and Hawks",Accipitriformes,LC,https://datazone.birdlife.org/species/factsheet/22695499,1,false,false,true,false,186.5,Forest,1,3,Carnivore,Vertivore,Generalist,2936751.8,This species is prone to misidentification and its maps might be affected by error.,
112,Dark Chanting Goshawk,Melierax metabates,,163,avibase-D2AFD39B,ebird_single,Dark Chanting Goshawk,Melierax metabates,8237,Melierax metabates,dacgos1,"Kites, Old World Vultures, Eagles, and Hawks",Accipitriformes,LC,https://datazone.birdlife.org/species/factsheet/22695425,1,false,false,false,false,674.5,Shrubland,2,1,Carnivore,Vertivore,Insessorial,12484209.96,,
113,Pale Chanting Goshawk,Melierax poliopterus,,2136,avibase-FA3A1F20,ebird_single,Eastern Chanting Goshawk,Melierax poliopterus,8242,Melierax poliopterus,eacgos1,"Kites, Old World Vultures, Eagles, and Hawks",Accipitriformes,LC,https://datazone.birdlife.org/species/factsheet/22695431,1,false,false,false,false,629.9,Shrubland,2,1,Carnivore,Vertivore,Insessorial,2071175.93,,
114,Gabar Goshawk,Melierax gabar,,162,avibase-922DE9C1,ebird_single,Gabar Goshawk,Micronisus gabar,8230,Micronisus gabar,gabgos2,"Kites, Old World Vultures, Eagles, and Hawks",Accipitriformes,LC,https://datazone.birdlife.org/species/factsheet/22695445,1,false,false,false,false,169.6,Grassland,3,2,Carnivore,Vertivore,Insessorial,13910595.47,,
115,Lizard Buzzard,Kaupifalco monogrammicus,,144,avibase-3EEB66ED,ebird_single,Lizard Buzzard,Kaupifalco monogrammicus,8247,Kaupifalco monogrammicus,lizbuz1,"Kites, Old World Vultures, Eagles, and Hawks",Accipitriformes,LC,https://datazone.birdlife.org/species/factsheet/22695421,1,false,false,false,false,278.9,Woodland,3,1,Carnivore,Invertivore,Insessorial,13079368.52,,
116,Mountain Buzzard,Buteo tachardus,,2112,avibase-5BFEFD9A,ebird_single,Mountain Buzzard,Buteo oreophilus,8642,Buteo oreophilus,moubuz2,"Kites, Old World Vultures, Eagles, and Hawks",Accipitriformes,NT,https://datazone.birdlife.org/species/factsheet/22728020,1,false,false,false,false,700,Forest,1,1,Carnivore,Vertivore,Insessorial,674707.01,,
117,Common Buzzard,Buteo buteo,,154,avibase-3C0C325D,ebird_single,Common Buzzard,Buteo buteo,8644,Buteo buteo,combuz1,"Kites, Old World Vultures, Eagles, and Hawks",Accipitriformes,LC,https://datazone.birdlife.org/species/factsheet/61695117,1,false,false,true,false,759.1,Grassland,3,2,Carnivore,Vertivore,Insessorial,11719424.27,,
118,Long-legged Buzzard,Buteo rufinus,,979,avibase-CC65921F,ebird_single,Long-legged Buzzard,Buteo rufinus,8655,Buteo rufinus,lolbuz1,"Kites, Old World Vultures, Eagles, and Hawks",Accipitriformes,LC,https://datazone.birdlife.org/species/factsheet/22736562,1,false,false,true,false,1166.2,Grassland,3,3,Carnivore,Vertivore,Generalist,8574436.83,This species is prone to misidentification and its maps might be affected by error.,
119,Augur Buzzard,Buteo augur,,153,avibase-EBDC03AA,ebird_single,Augur Buzzard,Buteo augur,8639,Buteo augur,augbuz2,"Kites, Old World Vultures, Eagles, and Hawks",Accipitriformes,LC,https://datazone.birdlife.org/species/factsheet/22732019,1,false,false,false,false,1099.2,Woodland,2,1,Carnivore,Vertivore,Insessorial,3919632.94,,
120,Grasshopper Buzzard,Butastur rufipennis,,2100,avibase-45A1D850,ebird_single,Grasshopper Buzzard,Butastur rufipennis,8494,Butastur rufipennis,grabuz1,"Kites, Old World Vultures, Eagles, and Hawks",Accipitriformes,LC,https://datazone.birdlife.org/species/factsheet/22695714,1,false,true,false,false,334.9,Woodland,3,1,Carnivore,Invertivore,Insessorial,3625177.22,,
121,Long-crested Eagle,Lophaetus occipitalis,,138,avibase-14B9664A,ebird_single,Long-crested Eagle,Lophaetus occipitalis,8162,Lophaetus occipitalis,loceag1,"Kites, Old World Vultures, Eagles, and Hawks",Accipitriformes,LC,https://datazone.birdlife.org/species/factsheet/22696134,1,false,false,false,false,1067,Forest,2,1,Carnivore,Vertivore,Insessorial,14031980.87,,
122,Crowned Eagle,Stephanoaetus coronatus,,143,avibase-1E3B3515,ebird_single,Crowned Eagle,Stephanoaetus coronatus,8125,Stephanoaetus coronatus,crheag1,"Kites, Old World Vultures, Eagles, and Hawks",Accipitriformes,NT,https://datazone.birdlife.org/species/factsheet/22696201,1,false,false,false,false,3640,Forest,1,1,Carnivore,Vertivore,Generalist,6608300.52,,
123,Martial Eagle,Polemaetus bellicosus,,142,avibase-FDA2E4A3,ebird_single,Martial Eagle,Polemaetus bellicosus,8160,Polemaetus bellicosus,mareag1,"Kites, Old World Vultures, Eagles, and Hawks",Accipitriformes,EN,https://datazone.birdlife.org/species/factsheet/22696116,1,false,false,false,false,3964.5,Grassland,3,1,Carnivore,Vertivore,Aerial,14888019.22,,
124,Booted Eagle,Hieraaetus pennatus,,139,avibase-4B8CC285,ebird_single,Booted Eagle,Hieraaetus pennatus,8175,Hieraaetus pennatus,booeag1,"Kites, Old World Vultures, Eagles, and Hawks",Accipitriformes,LC,https://datazone.birdlife.org/species/factsheet/22696092,1,false,false,true,false,823.8,Forest,1,3,Carnivore,Vertivore,Generalist,6138248.03,,
125,African Hawk Eagle,Hieraaetus spilogaster,,141,avibase-9A418C45,ebird_single,African Hawk-Eagle,Aquila spilogaster,8200,Aquila spilogaster,afrhae1,"Kites, Old World Vultures, Eagles, and Hawks",Accipitriformes,LC,https://datazone.birdlife.org/species/factsheet/22696084,1,false,false,false,false,1466.2,Grassland,3,1,Carnivore,Vertivore,Generalist,12423292.01,,
126,Ayres's Hawk Eagle,Hieraaetus dubius,,140,avibase-7DF00403,ebird_single,Ayres's Hawk-Eagle,Hieraaetus ayresii,8173,Hieraaetus ayresii,ayheag1,"Kites, Old World Vultures, Eagles, and Hawks",Accipitriformes,LC,https://datazone.birdlife.org/species/factsheet/22696103,1,false,false,false,false,806.1,Woodland,3,1,Carnivore,Vertivore,Aerial,5863148.99,,
127,Lesser Spotted Eagle,Aquila pomarina,,136,avibase-C2565B65,ebird_single,Lesser Spotted Eagle,Clanga pomarina,8170,Clanga pomarina,leseag1,"Kites, Old World Vultures, Eagles, and Hawks",Accipitriformes,LC,https://datazone.birdlife.org/species/factsheet/22696022,1,false,false,true,false,1359.4,Forest,1,3,Carnivore,Vertivore,Generalist,2013351.79,This species is prone to misidentification and its maps might be affected by error.,
128,Greater Spotted Eagle,Aquila clanga,,1098,avibase-BAC4CA22,ebird_single,Greater Spotted Eagle,Clanga clanga,8169,Clanga clanga,grseag1,"Kites, Old World Vultures, Eagles, and Hawks",Accipitriformes,VU,https://datazone.birdlife.org/species/factsheet/22696027,1,false,false,true,false,2154.3,Wetland,3,3,Carnivore,Vertivore,Generalist,8980278.98,This species is prone to misidentification and its maps might be affected by error.,
129,Tawny Eagle,Aquila rapax,,134,avibase-F6D547B2,ebird_single,Tawny Eagle,Aquila rapax,8181,Aquila rapax,taweag1,"Kites, Old World Vultures, Eagles, and Hawks",Accipitriformes,VU,https://datazone.birdlife.org/species/factsheet/22696033,1,false,false,false,false,2236.1,Shrubland,2,3,Carnivore,Vertivore,Generalist,17572054.36,,
130,Steppe Eagle,Aquila nipalensis,,135,avibase-A635F565,ebird_single,Steppe Eagle,Aquila nipalensis,8178,Aquila nipalensis,steeag1,"Kites, Old World Vultures, Eagles, and Hawks",Accipitriformes,EN,https://datazone.birdlife.org/species/factsheet/22696038,1,false,false,true,false,2714.3,Grassland,3,3,Carnivore,Vertivore,Aerial,6933240.92,,
131,Imperial Eagle,Aquila heliaca,,2096,avibase-469DCF57,ebird_single,Eastern Imperial Eagle,Aquila heliaca,8185,Aquila heliaca,impeag1,"Kites, Old World Vultures, Eagles, and Hawks",Accipitriformes,VU,https://datazone.birdlife.org/species/factsheet/22696048,1,false,false,true,false,3125.2,Woodland,1,3,Carnivore,Vertivore,Generalist,9556213.62,This species is prone to misidentification and its maps might be affected by error.,
132,Verreaux's Eagle,Aquila verreauxii,,133,avibase-14F13C32,ebird_single,Verreaux's Eagle,Aquila verreauxii,8199,Aquila verreauxii,vereag1,"Kites, Old World Vultures, Eagles, and Hawks",Accipitriformes,LC,https://datazone.birdlife.org/species/factsheet/22696067,1,false,false,false,false,4195,Rock,3,1,Carnivore,Vertivore,Aerial,4020161.71,,
133,Wahlberg's Eagle,Aquila wahlbergi,,137,avibase-535F3C99,ebird_single,Wahlberg's Eagle,Hieraaetus wahlbergi,8172,Hieraaetus wahlbergi,waheag3,"Kites, Old World Vultures, Eagles, and Hawks",Accipitriformes,LC,https://datazone.birdlife.org/species/factsheet/22696072,1,false,true,false,false,640,Shrubland,2,1,Carnivore,Vertivore,Insessorial,9578321.34,,
134,African Fish Eagle,Haliaeetus vocifer,,149,avibase-A19B0CF4,ebird_single,African Fish Eagle,Icthyophaga vocifer,8484,Icthyophaga vocifer,affeag1,"Kites, Old World Vultures, Eagles, and Hawks",Accipitriformes,LC,https://datazone.birdlife.org/species/factsheet/22695115,1,false,false,false,true,3400,Wetland,2,1,Carnivore,Aquatic predator,Insessorial,15637883.11,,
135,Black Kite,Milvus migrans,,128,avibase-06D9A2C8,ebird_single,Black Kite,Milvus migrans,8466,Milvus migrans,blakit1,"Kites, Old World Vultures, Eagles, and Hawks",Accipitriformes,NE,,1,false,false,false,false,734.1,Woodland,3,3,Omnivore,Omnivore,Aerial,59168603.49,,
136,Cuckoo Hawk,Aviceda cuculoides,,127,avibase-648936C0,ebird_single,African Cuckoo-Hawk,Aviceda cuculoides,8000,Aviceda cuculoides,afrcuh1,"Kites, Old World Vultures, Eagles, and Hawks",Accipitriformes,LC,https://datazone.birdlife.org/species/factsheet/22694944,1,false,false,false,false,277,Forest,1,1,Carnivore,Vertivore,Insessorial,10593852.38,,
137,Honey Buzzard,Pernis apivorus,,132,avibase-ED5A7E8F,ebird_single,European Honey Buzzard,Pernis apivorus,8030,Pernis apivorus,euhbuz1,"Kites, Old World Vultures, Eagles, and Hawks",Accipitriformes,LC,https://datazone.birdlife.org/species/factsheet/22694989,1,false,false,true,false,754.4,Forest,1,3,Carnivore,Invertivore,Insessorial,9317297.54,,
138,Bat Hawk,Macheiramphus alcinus,,131,avibase-DAE4C523,ebird_single,Bat Hawk,Macheiramphus alcinus,8207,Macheiramphus alcinus,bathaw1,"Kites, Old World Vultures, Eagles, and Hawks",Accipitriformes,LC,https://datazone.birdlife.org/species/factsheet/22695021,1,false,false,false,false,650,Forest,2,1,Carnivore,Vertivore,Aerial,13573105.09,,
139,Black-shouldered Kite,Elanus caeruleus,,130,avibase-97C47F3E,ebird_single,Black-winged Kite,Elanus caeruleus,7965,Elanus caeruleus,bkskit1,"Kites, Old World Vultures, Eagles, and Hawks",Accipitriformes,LC,https://datazone.birdlife.org/species/factsheet/22695028,1,false,false,false,false,259.8,Grassland,3,2,Carnivore,Vertivore,Aerial,26685941.8,,
140,Swallow-tailed Kite,Chelictinia riocourii,,2114,avibase-22832FF4,ebird_single,Scissor-tailed Kite,Chelictinia riocourii,7960,Chelictinia riocourii,sctkit1,"Kites, Old World Vultures, Eagles, and Hawks",Accipitriformes,VU,https://datazone.birdlife.org/species/factsheet/22695042,1,false,false,false,false,110,Shrubland,2,1,Carnivore,Invertivore,Aerial,5425285.72,,
141,Osprey,Pandion haliaetus,,172,avibase-1327AC55,ebird_single,Osprey,Pandion haliaetus,7948,Pandion haliaetus,osprey,Osprey,Accipitriformes,LC,https://datazone.birdlife.org/species/factsheet/22694938,1,false,false,true,true,1483.2,Marine,3,3,Carnivore,Aquatic predator,Aerial,31298390.01,,
142,Pygmy Falcon,Polihierax semitorquatus,,126,avibase-3B52D2B8,ebird_single,Pygmy Falcon,Polihierax semitorquatus,11131,Polihierax semitorquatus,pygfal1,Falcons and Caracaras,Falconiformes,LC,https://datazone.birdlife.org/species/factsheet/22696313,1,false,false,false,false,61.5,Shrubland,3,1,Carnivore,Vertivore,Insessorial,3103663.96,,
143,Peregrine Falcon,Falco peregrinus,,113,avibase-47E58408,ebird_single,Peregrine Falcon,Falco peregrinus,11245,Falco peregrinus,perfal,Falcons and Caracaras,Falconiformes,LC,https://datazone.birdlife.org/species/factsheet/45354964,1,false,false,false,false,760,Grassland,3,2,Carnivore,Vertivore,Aerial,38088662.45,Records in the old atlas of Peregrine Falcon and Barbary Falcon are lumped.,
144,Barbary Falcon,Falco pelegrinoides,143,2148,avibase-47E58408,ebird_single,Peregrine Falcon,Falco peregrinus,11245,Falco peregrinus,perfal,Falcons and Caracaras,Falconiformes,LC,https://datazone.birdlife.org/species/factsheet/45354964,1,false,false,true,false,760,Grassland,3,2,Carnivore,Vertivore,Aerial,38088662.45,,"Folded into SEQ 143 Peregrine Falcon. Taxonomic: AviList v2025b treats Falco pelegrinoides as a subspecies of F. peregrinus, so the two are not separable in either dataset. No 1970-1984 records in any case."
145,Taita Falcon,Falco fasciinucha,,887,avibase-9A4AA945,ebird_single,Taita Falcon,Falco fasciinucha,11244,Falco fasciinucha,taifal1,Falcons and Caracaras,Falconiformes,VU,https://datazone.birdlife.org/species/factsheet/22696523,1,false,false,false,false,254.7,Rock,3,1,Carnivore,Vertivore,Aerial,501059.82,,
146,Lanner Falcon,Falco biarmicus,,114,avibase-3D3808E3,ebird_single,Lanner Falcon,Falco biarmicus,11264,Falco biarmicus,lanfal1,Falcons and Caracaras,Falconiformes,LC,https://datazone.birdlife.org/species/factsheet/22696487,1,false,false,false,false,606.1,Shrubland,3,2,Carnivore,Vertivore,Aerial,17892923.9,,
147,Saker Falcon,Falco cherrug,,2154,avibase-A9F51494,ebird_single,Saker Falcon,Falco cherrug,11273,Falco cherrug,sakfal1,Falcons and Caracaras,Falconiformes,EN,https://datazone.birdlife.org/species/factsheet/22696495,1,false,false,true,false,961.2,Grassland,3,3,Carnivore,Vertivore,Generalist,11514254.26,,
148,Red-necked Falcon,Falco chicquera,,117,avibase-6A64EFCB,ebird_single,Red-necked Falcon,Falco chicquera,11238,Falco chicquera,renfal1,Falcons and Caracaras,Falconiformes,NE,,1,false,false,false,false,208,Woodland,3,1,Carnivore,Vertivore,Aerial,3166581.2,,
149,Red-footed Falcon,Falco vespertinus,,120,avibase-997A9437,ebird_single,Red-footed Falcon,Falco vespertinus,11200,Falco vespertinus,reffal1,Falcons and Caracaras,Falconiformes,VU,https://datazone.birdlife.org/species/factsheet/22696432,1,false,false,true,false,151.5,Grassland,3,3,Carnivore,Invertivore,Aerial,9360235.41,,
150,Eastern Red-footed Falcon,Falco amurensis,,119,avibase-E6137E65,ebird_single,Amur Falcon,Falco amurensis,11201,Falco amurensis,amufal1,Falcons and Caracaras,Falconiformes,LC,https://datazone.birdlife.org/species/factsheet/22696437,1,false,false,true,false,141.9,Grassland,3,3,Carnivore,Invertivore,Insessorial,2793291.94,,
151,African Hobby,Falco cuvieri,,116,avibase-F56A73BF,ebird_single,African Hobby,Falco cuvierii,11229,Falco cuvierii,afrhob1,Falcons and Caracaras,Falconiformes,LC,https://datazone.birdlife.org/species/factsheet/22696466,1,false,false,false,false,182.2,Woodland,3,2,Carnivore,Omnivore,Aerial,7436820.01,,
152,Hobby,Falco subbuteo,,115,avibase-E91E287A,ebird_single,Eurasian Hobby,Falco subbuteo,11230,Falco subbuteo,eurhob,Falcons and Caracaras,Falconiformes,LC,https://datazone.birdlife.org/species/factsheet/22696460,1,false,false,true,false,208.2,Woodland,3,3,Carnivore,Invertivore,Aerial,28255832.68,,
153,Grey Kestrel,Falco ardosiaceus,,889,avibase-3F2BA4F7,ebird_single,Grey Kestrel,Falco ardosiaceus,11212,Falco ardosiaceus,grykes1,Falcons and Caracaras,Falconiformes,LC,https://datazone.birdlife.org/species/factsheet/22696406,1,false,false,false,false,234.2,Woodland,3,1,Carnivore,Vertivore,Insessorial,7345675.56,,
154,Dickinson's Kestrel,Falco dickinsoni,,121,avibase-CA34C05A,ebird_single,Dickinson's Kestrel,Falco dickinsoni,11213,Falco dickinsoni,dickes1,Falcons and Caracaras,Falconiformes,LC,https://datazone.birdlife.org/species/factsheet/22696410,1,false,false,false,false,209,Woodland,3,1,Carnivore,Vertivore,Aerial,3765759.75,,
155,Eleonora's Falcon,Falco eleonorae,,992,avibase-9EA1F12D,ebird_single,Eleonora's Falcon,Falco eleonorae,11227,Falco eleonorae,elefal1,Falcons and Caracaras,Falconiformes,LC,https://datazone.birdlife.org/species/factsheet/22696442,1,false,false,true,false,390,Coastal,3,3,Carnivore,Omnivore,Aerial,121952.48,,
156,Sooty Falcon,Falco concolor,,888,avibase-BD34FDFD,ebird_single,Sooty Falcon,Falco concolor,11228,Falco concolor,soofal1,Falcons and Caracaras,Falconiformes,VU,https://datazone.birdlife.org/species/factsheet/22696446,1,false,false,true,false,250,Rock,3,3,Carnivore,Vertivore,Aerial,374520.47,,
157,Fox Kestrel,Falco alopex,,2152,avibase-D2CAA18B,ebird_single,Fox Kestrel,Falco alopex,11152,Falco alopex,foxkes1,Falcons and Caracaras,Falconiformes,LC,https://datazone.birdlife.org/species/factsheet/22696402,1,false,false,false,false,273.9,Rock,3,1,Carnivore,Vertivore,Insessorial,5286034.09,,
158,Greater Kestrel,Falco rupicoloides,,122,avibase-2E4DAA13,ebird_single,Greater Kestrel,Falco rupicoloides,11153,Falco rupicoloides,grekes1,Falcons and Caracaras,Falconiformes,LC,https://datazone.birdlife.org/species/factsheet/22696398,1,false,false,false,false,261,Grassland,3,1,Carnivore,Invertivore,Insessorial,3191508.18,This species is prone to misidentification and its maps might be affected by error.,
159,Common Kestrel,Falco tinnunculus,,2162,avibase-2DAB45B8,ebird_single,Common Kestrel,Falco tinnunculus,11170,Falco tinnunculus,eurkes,Falcons and Caracaras,Falconiformes,NE,,1,false,false,false,false,183.2,Shrubland,3,3,Carnivore,Vertivore,Aerial,49037026.09,,
160,Lesser Kestrel,Falco naumanni,,125,avibase-BECA271F,ebird_single,Lesser Kestrel,Falco naumanni,11151,Falco naumanni,leskes1,Falcons and Caracaras,Falconiformes,LC,https://datazone.birdlife.org/species/factsheet/22696357,1,false,false,true,false,152.1,Grassland,3,3,Carnivore,Invertivore,Generalist,9560575.62,,
161,Scaly Francolin,Francolinus squamatus,,1246,avibase-1B11690B,ebird_single,Scaly Spurfowl,Pternistis squamatus,1595,Pternistis squamatus,scafra2,"Partridges, Pheasants, Grouse, and Allies",Galliformes,LC,https://datazone.birdlife.org/species/factsheet/22678839,1,false,false,false,false,449.5,Forest,1,1,Herbivore,Herbivore terrestrial,Terrestrial,2593426.1,,
162,Jackson's Francolin,Francolinus jacksoni,,1234,avibase-A7E59764,ebird_single,Jackson's Spurfowl,Pternistis jacksoni,1583,Pternistis jacksoni,jacfra2,"Partridges, Pheasants, Grouse, and Allies",Galliformes,LC,https://datazone.birdlife.org/species/factsheet/22678887,1,false,false,false,false,1097,Forest,2,1,Herbivore,Omnivore,Terrestrial,16544.06,,
163,Chestnut-naped Francolin,Francolinus castaneicollis,,1222,avibase-81474844,ebird_single,Chestnut-naped Spurfowl,Pternistis castaneicollis,1575,Pternistis castaneicollis,chnfra2,"Partridges, Pheasants, Grouse, and Allies",Galliformes,NE,,1,false,false,false,false,791.5,Forest,1,1,Omnivore,Omnivore,Terrestrial,264511.06,,
164,Yellow-necked Spurfowl,Francolinus leucoscepus,,1236,avibase-90AFDF9E,ebird_single,Yellow-necked Spurfowl,Pternistis leucoscepus,1604,Pternistis leucoscepus,yenspu1,"Partridges, Pheasants, Grouse, and Allies",Galliformes,LC,https://datazone.birdlife.org/species/factsheet/22678847,1,false,false,false,false,640.6,Shrubland,2,1,Herbivore,Omnivore,Terrestrial,2071108.37,,
165,Red-necked Spurfowl,Francolinus afer,,188,avibase-5FA94F66,ebird_single,Red-necked Spurfowl,Pternistis afer,1608,Pternistis afer,renfra1,"Partridges, Pheasants, Grouse, and Allies",Galliformes,LC,https://datazone.birdlife.org/species/factsheet/22678855,1,false,false,false,false,454.8,Shrubland,2,1,Herbivore,Herbivore terrestrial,Terrestrial,4561244.02,,
166,Hildebrandt's Francolin,Francolinus hildebrandti,,954,avibase-F5A73AAA,ebird_single,Hildebrandt's Spurfowl,Pternistis hildebrandti,1587,Pternistis hildebrandti,hilfra2,"Partridges, Pheasants, Grouse, and Allies",Galliformes,LC,https://datazone.birdlife.org/species/factsheet/22678827,1,false,false,false,false,532,Shrubland,2,1,Herbivore,Herbivore terrestrial,Terrestrial,900428.25,,"CJ: Yes, my impression has been that the species has spread."
167,Crested Francolin,Francolinus sephaena,,174,avibase-8004C7E5,ebird_single,Crested Francolin,Ortygornis sephaena,1426,Ortygornis sephaena,crefra2,"Partridges, Pheasants, Grouse, and Allies",Galliformes,LC,https://datazone.birdlife.org/species/factsheet/22678752,1,false,false,false,false,340.5,Shrubland,2,1,Omnivore,Invertivore,Terrestrial,3350686.8,,
168,Ring-necked Francolin,Francolinus streptophorus,,1256,avibase-5B115F6C,ebird_single,Ring-necked Francolin,Scleroptila streptophora,1404,Scleroptila streptophora,rinfra2,"Partridges, Pheasants, Grouse, and Allies",Galliformes,LC,https://datazone.birdlife.org/species/factsheet/22678756,1,false,false,false,false,385,Grassland,3,1,Omnivore,Omnivore,Terrestrial,216468.87,This map might contains errors,
169,Red-winged Francolin,Francolinus levaillantii,,178,avibase-B49935ED,ebird_single,Red-winged Francolin,Scleroptila levaillantii,1405,Scleroptila levaillantii,rewfra2,"Partridges, Pheasants, Grouse, and Allies",Galliformes,LC,https://datazone.birdlife.org/species/factsheet/22678769,1,false,false,false,false,430.9,Grassland,3,1,Omnivore,Herbivore terrestrial,Terrestrial,832216.06,,
170,Shelley's Francolin,Francolinus shelleyi,,177,avibase-A15F6836,ebird_single,Shelley's Francolin,Scleroptila shelleyi,1420,Scleroptila shelleyi,shefra1,"Partridges, Pheasants, Grouse, and Allies",Galliformes,LC,https://datazone.birdlife.org/species/factsheet/22728223,1,false,false,false,false,488,Woodland,3,1,Herbivore,Omnivore,Terrestrial,1271472.68,,
171,Moorland Francolin,Francolinus psilolaemus,,0,avibase-3D25568A,ebird_single,Elgon Francolin,Scleroptila elgonensis,1411,Scleroptila elgonensis,moofra3,"Partridges, Pheasants, Grouse, and Allies",Galliformes,LC,https://datazone.birdlife.org/species/factsheet/22727349,1,false,false,false,false,478.3,Shrubland,3,1,Herbivore,Herbivore terrestrial,Terrestrial,47075.9,,
172,Coqui Francolin,Francolinus coqui,,173,avibase-ECD7C1D8,ebird_single,Coqui Francolin,Campocolinus coqui,1393,Campocolinus coqui,coqfra2,"Partridges, Pheasants, Grouse, and Allies",Galliformes,LC,https://datazone.birdlife.org/species/factsheet/22678736,1,false,false,false,false,262,Grassland,3,1,Herbivore,Omnivore,Terrestrial,4180135.39,,
173,Quail,Coturnix coturnix,,189,avibase-CAFE345D,ebird_single,Common Quail,Coturnix coturnix,1504,Coturnix coturnix,comqua1,"Partridges, Pheasants, Grouse, and Allies",Galliformes,LC,https://datazone.birdlife.org/species/factsheet/22678944,1,false,false,false,false,96.3,Human Modified,3,3,Herbivore,Granivore,Terrestrial,21283218.76,This species is prone to misidentification and its maps might be affected by error.,
174,Harlequin Quail,Coturnix delegorguei,,190,avibase-0CA903BB,ebird_single,Harlequin Quail,Coturnix delegorguei,1511,Coturnix delegorguei,harqua1,"Partridges, Pheasants, Grouse, and Allies",Galliformes,LC,https://datazone.birdlife.org/species/factsheet/22678961,1,false,false,false,false,76,Grassland,3,3,Herbivore,Granivore,Terrestrial,9153237.05,,CJ: VERY interesting that there is such a decline in this spp. It is surely not one that would be missed / wrongly ID'd? 
175,Blue Quail,Coturnix chinensis,,191,avibase-CAA45AC6,ebird_single,Blue Quail,Synoicus adansonii,1499,Synoicus adansonii,bluqua1,"Partridges, Pheasants, Grouse, and Allies",Galliformes,LC,https://datazone.birdlife.org/species/factsheet/22678971,1,false,true,false,false,40.4,Grassland,2,1,Herbivore,Omnivore,Terrestrial,5998351.89,,CJ: The percentage increase / decrease for these rare species don't really make sense - they appear more dramatic than they probably are. Blue Quail has been very rare for a long time…
176,Stone Partridge,Ptilopachus petrosus,,1250,avibase-57B05159,ebird_single,Stone Partridge,Ptilopachus petrosus,793,Ptilopachus petrosus,stopar1,New World Quail,Galliformes,LC,https://datazone.birdlife.org/species/factsheet/22679110,1,false,false,false,false,193,Rock,3,1,Herbivore,Omnivore,Terrestrial,4691145.79,,
177,Vulturine Guineafowl,Acryllium vulturinum,,1260,avibase-F7A3FA35,ebird_single,Vulturine Guineafowl,Acryllium vulturinum,778,Acryllium vulturinum,vulgui1,Guineafowl,Galliformes,LC,https://datazone.birdlife.org/species/factsheet/22679572,1,false,false,false,false,1330,Shrubland,2,1,Herbivore,Omnivore,Terrestrial,1226666.24,This map might contains errors,CJ: Why the comment about errors? It's surely an easily identified species?? 
178,Kenya Crested Guineafowl,Guttera pucherani,,0,avibase-35D60F12,ebird_single,Eastern Crested Guineafowl,Guttera pucherani,783,Guttera pucherani,cregui3,Guineafowl,Galliformes,LC,https://datazone.birdlife.org/species/factsheet/22725212,1,false,false,false,false,1149,Forest,1,1,Omnivore,Omnivore,Terrestrial,519919.07,,
179,Crested Guineafowl,Guttera edouardi,,0,avibase-9D29C252,ebird_single,Western Crested Guineafowl,Guttera verreauxi,784,Guttera verreauxi,cregui2,Guineafowl,Galliformes,LC,https://datazone.birdlife.org/species/factsheet/45479083,1,false,false,false,false,1149,Forest,1,1,Omnivore,Omnivore,Terrestrial,519919.07,,CJ: What's the story with 'edourdi' vs 'verreauxi'?? Should there be a comment on this? Worrying that it has vanished altogether from western Kenya
180,Helmeted Guineafowl,Numida meleagris,,192,avibase-1044B438,ebird_single,Helmeted Guineafowl,Numida meleagris,764,Numida meleagris,helgui,Guineafowl,Galliformes,LC,https://datazone.birdlife.org/species/factsheet/22679555,1,false,false,false,false,1299,Woodland,2,1,Herbivore,Omnivore,Terrestrial,12744779.36,,
181,Button Quail,Turnix sylvatica,,196,avibase-0DA8BB90,ebird_single,Common Buttonquail,Turnix sylvaticus,4234,Turnix sylvaticus,smabut2,Buttonquail,Charadriiformes,LC,https://datazone.birdlife.org/species/factsheet/22680500,1,false,false,false,false,52.7,Shrubland,2,1,Omnivore,Omnivore,Terrestrial,17313380.02,,
182,Black-rumped Button Quail,Turnix hottentota,,4128,avibase-0874B4D5,ebird_single,Black-rumped Buttonquail,Turnix nanus,4248,Turnix nanus,hotbut3,Buttonquail,Charadriiformes,LC,https://datazone.birdlife.org/species/factsheet/22725531,1,false,false,false,false,50.6,Grassland,3,1,Omnivore,Omnivore,Terrestrial,5641140.28,"Species not recorded during both the old and new atlas, but recorded in Kenya.",
183,Quail Plover,Ortyxelos meiffreni,,1344,avibase-B605A049,ebird_single,Quail-plover,Ortyxelos meiffrenii,4194,Ortyxelos meiffrenii,quailp1,Buttonquail,Charadriiformes,LC,https://datazone.birdlife.org/species/factsheet/22680603,1,false,false,false,false,17.6,Grassland,3,2,Omnivore,Omnivore,Terrestrial,2965419.34,,
184,Crowned Crane,Balearica regulorum,,214,avibase-D10CAC5D,ebird_single,Grey Crowned Crane,Balearica regulorum,3258,Balearica regulorum,grccra1,Cranes,Gruiformes,EN,https://datazone.birdlife.org/species/factsheet/22692046,1,false,false,false,true,3772,Wetland,3,1,Omnivore,Omnivore,Terrestrial,3528882.19,,
185,White-spotted Pygmy Crake,Sarothrura pulchra,,1944,avibase-6EF64F69,ebird_single,White-spotted Flufftail,Sarothrura pulchra,3317,Sarothrura pulchra,whsflu1,Flufftails,Gruiformes,LC,https://datazone.birdlife.org/species/factsheet/22692215,1,false,false,false,false,45.2,Forest,1,1,Carnivore,Aquatic predator,Terrestrial,4635423.45,,
186,Buff-spotted Pygmy Crake,Sarothrura elegans,,206,avibase-E75BA92C,ebird_single,Buff-spotted Flufftail,Sarothrura elegans,3322,Sarothrura elegans,busflu1,Flufftails,Gruiformes,LC,https://datazone.birdlife.org/species/factsheet/22692219,1,false,false,false,true,46,Wetland,1,1,Carnivore,Invertivore,Terrestrial,7047799.89,,
187,Red-chested Pygmy Crake,Sarothrura rufa,,205,avibase-10B56544,ebird_single,Red-chested Flufftail,Sarothrura rufa,3325,Sarothrura rufa,recflu1,Flufftails,Gruiformes,LC,https://datazone.birdlife.org/species/factsheet/22692223,1,false,false,false,true,37.7,Wetland,1,1,Carnivore,Aquatic predator,Terrestrial,4402555,,
188,Streaky-breasted Pygmy Crake,Sarothrura boehmi,,892,avibase-EBA9F2C4,ebird_single,Streaky-breasted Flufftail,Sarothrura boehmi,3332,Sarothrura boehmi,stbflu1,Flufftails,Gruiformes,LC,https://datazone.birdlife.org/species/factsheet/22692232,1,false,true,false,false,35,Grassland,1,1,Omnivore,Omnivore,Terrestrial,995800.31,,
189,Chestnut-tailed Pygmy Crake,Sarothrura affinis,,207,avibase-D4A066EA,ebird_single,Striped Flufftail,Sarothrura affinis,3333,Sarothrura affinis,strflu1,Flufftails,Gruiformes,LC,https://datazone.birdlife.org/species/factsheet/22692236,1,false,false,false,true,27.8,Wetland,1,1,Omnivore,Omnivore,Terrestrial,524225.88,,
190,African Water Rail,Rallus caerulescens,,197,avibase-5B443EDE,ebird_single,African Rail,Rallus caerulescens,3436,Rallus caerulescens,afrrai1,"Rails, Gallinules, and Coots",Gruiformes,LC,https://datazone.birdlife.org/species/factsheet/22692498,1,false,false,false,true,162.1,Wetland,2,1,Carnivore,Aquatic predator,Terrestrial,5673805.66,,
191,African Crake,Crex egregia,,199,avibase-09A0F2EB,ebird_single,African Crake,Crecopsis egregia,3441,Crecopsis egregia,afrcra1,"Rails, Gallinules, and Coots",Gruiformes,LC,https://datazone.birdlife.org/species/factsheet/22692539,1,false,false,false,true,119,Wetland,2,3,Carnivore,Omnivore,Terrestrial,11681471.46,,
192,Corncrake,Crex crex,,198,avibase-7E257242,ebird_single,Corn Crake,Crex crex,3459,Crex crex,corcra,"Rails, Gallinules, and Coots",Gruiformes,LC,https://datazone.birdlife.org/species/factsheet/22692543,1,false,false,true,true,154.9,Grassland,2,3,Carnivore,Omnivore,Terrestrial,12516028.75,,
193,Black Crake,Limnocorax flavirostra,,203,avibase-148F0B01,ebird_single,Black Crake,Zapornia flavirostra,3707,Zapornia flavirostra,blacra1,"Rails, Gallinules, and Coots",Gruiformes,LC,https://datazone.birdlife.org/species/factsheet/22692643,1,false,false,false,true,86.2,Wetland,2,1,Carnivore,Aquatic predator,Terrestrial,16710583.49,,
194,Spotted Crake,Porzana porzana,,201,avibase-460708F9,ebird_single,Spotted Crake,Porzana porzana,3550,Porzana porzana,spocra1,"Rails, Gallinules, and Coots",Gruiformes,LC,https://datazone.birdlife.org/species/factsheet/22692676,1,false,false,true,true,87.1,Wetland,1,3,Omnivore,Aquatic predator,Terrestrial,10691863.17,,
195,Lesser Spotted Crake,Porzana pusilla,,202,avibase-34D5B04D,ebird_single,Baillon's Crake,Zapornia pusilla,3709,Zapornia pusilla,baicra1,"Rails, Gallinules, and Coots",Gruiformes,LC,https://datazone.birdlife.org/species/factsheet/22692667,1,false,false,false,true,35.4,Wetland,1,3,Carnivore,Aquatic predator,Terrestrial,19543407.73,,
196,Striped Crake,Aenigmatolimnas marginalis,,200,avibase-13967506,ebird_single,Striped Crake,Aenigmatolimnas marginalis,3667,Aenigmatolimnas marginalis,strcra1,"Rails, Gallinules, and Coots",Gruiformes,LC,https://datazone.birdlife.org/species/factsheet/22692729,1,false,true,false,true,51.2,Grassland,3,2,Carnivore,Aquatic predator,Terrestrial,3857317.95,,
197,Red-knobbed Coot,Fulica cristata,,212,avibase-53235FDC,ebird_single,Red-knobbed Coot,Fulica cristata,3587,Fulica cristata,rekcoo1,"Rails, Gallinules, and Coots",Gruiformes,LC,https://datazone.birdlife.org/species/factsheet/22692907,1,false,false,false,true,826,Wetland,3,1,Herbivore,Herbivore aquatic,Aquatic,5291448.7,,
198,Purple Gallinule,Porphyrio porphyrio,,208,avibase-865C039E,ebird_single,African Swamphen,Porphyrio madagascariensis,,Porphyrio madagascariensis,purswa2,"Rails, Gallinules, and Coots",Gruiformes,,,1,false,false,false,true,636,Wetland,2,1,Herbivore,Herbivore aquatic,Terrestrial,18686249.25,,
199,Allen's Gallinule,Porphyrio alleni,,209,avibase-53288666,ebird_single,Allen's Gallinule,Porphyrio alleni,3598,Porphyrio alleni,allgal1,"Rails, Gallinules, and Coots",Gruiformes,LC,https://datazone.birdlife.org/species/factsheet/22692816,1,false,false,false,true,138.7,Wetland,2,3,Herbivore,Herbivore aquatic,Terrestrial,16360428.26,,
200,Lesser Moorhen,Gallinula angulata,,211,avibase-A927C1AE,ebird_single,Lesser Moorhen,Paragallinula angulata,3553,Paragallinula angulata,lesmoo1,"Rails, Gallinules, and Coots",Gruiformes,LC,https://datazone.birdlife.org/species/factsheet/22692883,1,false,true,false,true,130,Wetland,2,1,Omnivore,Omnivore,Generalist,11737913.2,,
201,Common Moorhen,Gallinula chloropus,,210,avibase-8F82FF8C,ebird_single,Common Moorhen,Gallinula chloropus,3558,Gallinula chloropus,commoo3,"Rails, Gallinules, and Coots",Gruiformes,LC,https://datazone.birdlife.org/species/factsheet/62120190,1,false,false,false,true,339.6,Wetland,3,1,Omnivore,Omnivore,Terrestrial,38515141.7,,
202,African Finfoot,Podica senegalensis,,213,avibase-46DECAEE,ebird_single,African Finfoot,Podica senegalensis,3290,Podica senegalensis,afrfin1,Finfoots,Gruiformes,LC,https://datazone.birdlife.org/species/factsheet/22692177,1,false,false,false,true,599,Wetland,2,1,Carnivore,Aquatic predator,Aquatic,11384786.12,,
203,White-bellied Bustard,Eupodotis senegalensis,,222,avibase-3B287014,ebird_single,White-bellied Bustard,Eupodotis senegalensis,1793,Eupodotis senegalensis,whbbus2,Bustards,Otidiformes,LC,https://datazone.birdlife.org/species/factsheet/22691996,1,false,false,false,false,585,Grassland,3,1,Omnivore,Omnivore,Terrestrial,4886826.68,,
204,Hartlaub's Bustard,Eupodotis hartlaubi,,1906,avibase-402E7401,ebird_single,Hartlaub's Bustard,Lissotis hartlaubii,1818,Lissotis hartlaubii,harbus2,Bustards,Otidiformes,LC,https://datazone.birdlife.org/species/factsheet/22692011,1,false,false,false,false,1190,Grassland,3,1,Omnivore,Omnivore,Terrestrial,606100.64,This species is prone to misidentification and its maps might be affected by error.,
205,Black-bellied Bustard,Eupodotis melanogaster,,227,avibase-562F4456,ebird_single,Black-bellied Bustard,Lissotis melanogaster,1819,Lissotis melanogaster,bkbbus1,Bustards,Otidiformes,LC,https://datazone.birdlife.org/species/factsheet/22692007,1,false,false,false,false,1151.5,Grassland,3,1,Carnivore,Invertivore,Terrestrial,10594022.75,This species is prone to misidentification and its maps might be affected by error.,
206,Buff-crested Bustard,Eupodotis ruficrista,,1900,avibase-968D57F9,ebird_single,Buff-crested Bustard,Lophotis gindiana,1809,Lophotis gindiana,bucbus1,Bustards,Otidiformes,LC,https://datazone.birdlife.org/species/factsheet/22691960,1,false,false,false,false,782.3,Shrubland,3,1,Omnivore,Omnivore,Terrestrial,1777669.92,,
207,Denham's Bustard,Neotis denhami,,219,avibase-4FDBC0CB,ebird_single,Denham's Bustard,Neotis denhami,1785,Neotis denhami,stabus1,Bustards,Otidiformes,NT,https://datazone.birdlife.org/species/factsheet/22691905,1,false,false,false,false,3970.2,Grassland,3,1,Carnivore,Omnivore,Terrestrial,7660206.48,,
208,Heuglin's Bustard,Neotis heuglinii,,1910,avibase-4971D1EF,ebird_single,Heuglin's Bustard,Neotis heuglinii,1789,Neotis heuglinii,heubus1,Bustards,Otidiformes,LC,https://datazone.birdlife.org/species/factsheet/22691920,1,false,false,false,false,4098.8,Desert,3,1,Omnivore,Omnivore,Terrestrial,989206.1,,
209,Kori Bustard,Otis kori,,217,avibase-4FC41CA0,ebird_single,Kori Bustard,Ardeotis kori,1773,Ardeotis kori,korbus1,Bustards,Otidiformes,NT,https://datazone.birdlife.org/species/factsheet/22691928,1,false,false,false,false,7994.2,Grassland,3,1,Omnivore,Omnivore,Terrestrial,3565934.25,,
210,Arabian Bustard,Otis arabs,,1894,avibase-6A394479,ebird_single,Arabian Bustard,Ardeotis arabs,1768,Ardeotis arabs,arabus1,Bustards,Otidiformes,NT,https://datazone.birdlife.org/species/factsheet/22691924,1,false,false,false,false,5943.5,Grassland,3,1,Omnivore,Omnivore,Terrestrial,2950367.62,,
211,Jacana,Actophilornis africanus,,228,avibase-D16D486D,ebird_single,African Jacana,Actophilornis africanus,4000,Actophilornis africanus,afrjac1,Jacanas,Charadriiformes,LC,https://datazone.birdlife.org/species/factsheet/22693528,1,false,false,false,true,189.1,Wetland,3,2,Carnivore,Aquatic predator,Terrestrial,16988448.66,,
212,Lesser Jacana,Microparra capensis,,229,avibase-29B03FAE,ebird_single,Lesser Jacana,Microparra capensis,3994,Microparra capensis,lesjac1,Jacanas,Charadriiformes,LC,https://datazone.birdlife.org/species/factsheet/22693536,1,false,false,false,true,41.3,Wetland,3,2,Carnivore,Aquatic predator,Terrestrial,3244082.83,,
213,Painted Snipe,Rostratula benghalensis,,230,avibase-7516E687,ebird_single,Greater Painted-snipe,Rostratula benghalensis,3979,Rostratula benghalensis,grpsni1,Painted-Snipes,Charadriiformes,LC,https://datazone.birdlife.org/species/factsheet/22735810,1,false,false,false,true,121,Wetland,1,2,Omnivore,Aquatic predator,Terrestrial,24950994.82,,
214,Oystercatcher,Haematopus ostralegus,,894,avibase-ED663165,ebird_single,Eurasian Oystercatcher,Haematopus ostralegus,3801,Haematopus ostralegus,euroys1,Oystercatchers,Charadriiformes,NT,https://datazone.birdlife.org/species/factsheet/22693613,1,false,false,true,true,526,Coastal,3,1,Carnivore,Aquatic predator,Terrestrial,9505624.97,,
215,Long-toed Plover,Vanellus crassirostris,,248,avibase-F7D5320E,ebird_single,Long-toed Lapwing,Vanellus crassirostris,3859,Vanellus crassirostris,lotlap1,Plovers and Lapwings,Charadriiformes,LC,https://datazone.birdlife.org/species/factsheet/22693954,1,false,false,false,true,170,Wetland,3,1,Carnivore,Aquatic predator,Terrestrial,3461973.99,,
216,African Wattled Plover,Wattled Plover,,247,avibase-074251A3,ebird_single,African Wattled Lapwing,Vanellus senegallus,3877,Vanellus senegallus,watlap1,Plovers and Lapwings,Charadriiformes,LC,https://datazone.birdlife.org/species/factsheet/22694027,1,false,false,false,true,248,Wetland,3,1,Carnivore,Aquatic predator,Terrestrial,11259086.33,,
217,Blacksmith Plover,Vanellus armatus,,245,avibase-2F23EDC6,ebird_single,Blacksmith Lapwing,Vanellus armatus,3862,Vanellus armatus,blaplo1,Plovers and Lapwings,Charadriiformes,LC,https://datazone.birdlife.org/species/factsheet/22693978,1,false,false,false,true,156,Wetland,3,1,Carnivore,Aquatic predator,Terrestrial,5662037.2,,
218,Spur-winged Plover,Vanellus spinosus,,1031,avibase-F5E92B22,ebird_single,Spur-winged Lapwing,Vanellus spinosus,3863,Vanellus spinosus,spwlap1,Plovers and Lapwings,Charadriiformes,LC,https://datazone.birdlife.org/species/factsheet/22693983,1,false,false,false,true,188,Wetland,3,1,Carnivore,Omnivore,Terrestrial,8392007.79,,CJ: This has definitely spread
219,Black-headed Plover,Vanellus tectus,,2020,avibase-D531B5D3,ebird_single,Black-headed Lapwing,Vanellus tectus,3866,Vanellus tectus,blhlap1,Plovers and Lapwings,Charadriiformes,LC,https://datazone.birdlife.org/species/factsheet/22693995,1,false,false,false,true,100,Grassland,3,1,Carnivore,Invertivore,Terrestrial,5265920.67,,CJ: decline' poss due to a lack of birding in the squares where the decline is noted?
220,Crowned Plover,Vanellus coronatus,,242,avibase-D0FA8EBE,ebird_single,Crowned Lapwing,Vanellus coronatus,3874,Vanellus coronatus,crolap1,Plovers and Lapwings,Charadriiformes,LC,https://datazone.birdlife.org/species/factsheet/22694043,1,false,false,false,true,165,Grassland,3,1,Carnivore,Invertivore,Terrestrial,6790147.37,,
221,Brown-chested Wattled Plover,Vanellus superciliosus,,2018,avibase-881C954D,ebird_single,Brown-chested Lapwing,Vanellus superciliosus,3881,Vanellus superciliosus,brclap1,Plovers and Lapwings,Charadriiformes,LC,https://datazone.birdlife.org/species/factsheet/22694048,1,false,false,false,true,150,Grassland,3,1,Carnivore,Invertivore,Terrestrial,752501.59,,
222,Senegal Plover,Vanellus lugubris,,244,avibase-42D3918F,ebird_single,Senegal Lapwing,Vanellus lugubris,3870,Vanellus lugubris,senlap1,Plovers and Lapwings,Charadriiformes,LC,https://datazone.birdlife.org/species/factsheet/22694033,1,false,false,false,true,122,Grassland,3,1,Carnivore,Invertivore,Terrestrial,3495483.7,,
223,Black-winged Plover,Vanellus melanopterus,,243,avibase-83D95620,ebird_single,Black-winged Lapwing,Vanellus melanopterus,3871,Vanellus melanopterus,blwlap1,Plovers and Lapwings,Charadriiformes,LC,https://datazone.birdlife.org/species/factsheet/22694038,1,false,false,false,true,184.9,Grassland,3,1,Carnivore,Invertivore,Terrestrial,839078.51,,
224,Lesser Golden Plover,Pluvialis dominica,,1039,avibase-07C11CF3,ebird_single,Pacific Golden Plover,Pluvialis fulva,3818,Pluvialis fulva,pagplo,Plovers and Lapwings,Charadriiformes,LC,https://datazone.birdlife.org/species/factsheet/22693735,1,false,false,true,true,134.9,Grassland,3,3,Carnivore,Omnivore,Terrestrial,2241495.9,,
225,Grey Plover,Pluvialis squatarola,,241,avibase-27903EF7,ebird_single,Grey Plover,Pluvialis squatarola,3812,Pluvialis squatarola,bkbplo,Plovers and Lapwings,Charadriiformes,VU,https://datazone.birdlife.org/species/factsheet/22693749,1,false,false,true,true,250,Grassland,3,3,Carnivore,Aquatic predator,Terrestrial,3963258.28,,CJ: decline in central Kenya records may reflect an overall decline in populations farther south. Would be an interesting species to dig into a bit further… 
226,Little Ringed Plover,Charadrius dubius,,955,avibase-35EC3BBF,ebird_single,Little Ringed Plover,Thinornis dubius,3853,Thinornis dubius,lirplo,Plovers and Lapwings,Charadriiformes,LC,https://datazone.birdlife.org/species/factsheet/22693770,1,false,false,true,true,38.7,Wetland,3,3,Carnivore,Aquatic predator,Terrestrial,33641119.87,,CJ: YES! This is surely a definite decline for this species
227,Ringed Plover,Charadrius hiaticula,,233,avibase-EDA37B7C,ebird_single,Common Ringed Plover,Charadrius hiaticula,3836,Charadrius hiaticula,corplo,Plovers and Lapwings,Charadriiformes,LC,https://datazone.birdlife.org/species/factsheet/22693759,1,false,false,true,true,64,Coastal,3,2,Carnivore,Aquatic predator,Terrestrial,4520829.19,,
228,Kentish Plover,Charadrius alexandrinus,,2002,avibase-AA4385A2,ebird_single,Kentish Plover,Anarhynchus alexandrinus,3953,Anarhynchus alexandrinus,kenplo1,Plovers and Lapwings,Charadriiformes,LC,https://datazone.birdlife.org/species/factsheet/22727487,1,false,false,true,true,42.3,Coastal,3,2,Carnivore,Aquatic predator,Terrestrial,13539453.43,,
229,White-fronted Sandplover,Charadrius marginatus,,235,avibase-214B3533,ebird_single,White-fronted Plover,Anarhynchus marginatus,3946,Anarhynchus marginatus,whfplo1,Plovers and Lapwings,Charadriiformes,LC,https://datazone.birdlife.org/species/factsheet/22693828,1,false,false,false,true,48.3,Coastal,3,1,Carnivore,Aquatic predator,Terrestrial,4442943.8,,
230,Chestnut-banded Sandplover,Charadrius pallidus,,236,avibase-61F0E581,ebird_single,Chestnut-banded Plover,Anarhynchus pallidus,3942,Anarhynchus pallidus,chbplo1,Plovers and Lapwings,Charadriiformes,LC,https://datazone.birdlife.org/species/factsheet/22693814,1,false,false,false,true,34.8,Wetland,3,2,Carnivore,Aquatic predator,Terrestrial,480800.22,,CJ: this 'spread' is surely just vagrants - is there a way of putting a comment to this effect for this type of species? Would be worth double-checking the ID of these records as well…
231,Great Sandplover,Charadrius leschenaultii,,239,avibase-98B9C10B,ebird_single,Greater Sand Plover,Anarhynchus leschenaultii,3915,Anarhynchus leschenaultii,grsplo,Plovers and Lapwings,Charadriiformes,LC,https://datazone.birdlife.org/species/factsheet/22693862,1,false,false,true,true,74.8,Grassland,3,3,Carnivore,Aquatic predator,Terrestrial,5473335.58,,
232,Mongolian Sandplover,Charadrius mongolus,,234,avibase-828D3D5A,ebird_single,Tibetan Sand Plover,Anarhynchus atrifrons,3908,Anarhynchus atrifrons,lessap1,Plovers and Lapwings,Charadriiformes,LC,https://datazone.birdlife.org/species/factsheet/230026276,1,false,false,true,true,64,Wetland,3,3,Carnivore,Aquatic predator,Terrestrial,4714238.7,,
233,Caspian Plover,Charadrius asiaticus,,240,avibase-264D0351,ebird_single,Caspian Plover,Anarhynchus asiaticus,3906,Anarhynchus asiaticus,casplo1,Plovers and Lapwings,Charadriiformes,LC,https://datazone.birdlife.org/species/factsheet/22693868,1,false,false,true,true,77.1,Desert,3,3,Carnivore,Omnivore,Terrestrial,2844122.74,,"CJ: Probably a true indication of a decline - though the northern squares have probably not been covered v well, I'd suspect"
234,Kittlitz's Plover,Charadrius pecuarius,,237,avibase-0F0DCC2F,ebird_single,Kittlitz's Plover,Anarhynchus pecuarius,3936,Anarhynchus pecuarius,kitplo1,Plovers and Lapwings,Charadriiformes,LC,https://datazone.birdlife.org/species/factsheet/22693793,1,false,false,false,true,34,Wetland,3,1,Carnivore,Aquatic predator,Terrestrial,16351827.57,,
235,Three-banded Plover,Charadrius tricollaris,,238,avibase-8DAF86A1,ebird_single,Three-banded Plover,Thinornis tricollaris,3849,Thinornis tricollaris,thbplo1,Plovers and Lapwings,Charadriiformes,NE,,1,false,false,false,true,31.2,Wetland,3,1,Carnivore,Aquatic predator,Terrestrial,9221083.48,,
236,Red Knot,Calidris canutus,,254,avibase-B5CE8FAD,ebird_single,Red Knot,Calidris canutus,4144,Calidris canutus,redkno,Sandpipers and Allies,Charadriiformes,NT,https://datazone.birdlife.org/species/factsheet/22693363,1,false,false,false,true,141.9,Coastal,3,3,Carnivore,Aquatic predator,Terrestrial,1604194.57,,
237,Sanderling,Calidris alba,,255,avibase-06B9BD24,ebird_single,Sanderling,Calidris alba,4165,Calidris alba,sander,Sandpipers and Allies,Charadriiformes,LC,https://datazone.birdlife.org/species/factsheet/22693369,1,false,false,true,true,51.7,Coastal,3,3,Carnivore,Aquatic predator,Terrestrial,1344741.13,,
238,Red-necked Stint,Calidris ruficollis,,897,avibase-BBDF2F1B,ebird_single,Red-necked Stint,Calidris ruficollis,4161,Calidris ruficollis,rensti,Sandpipers and Allies,Charadriiformes,NT,https://datazone.birdlife.org/species/factsheet/22693383,1,false,false,false,true,26.8,Grassland,3,3,Carnivore,Aquatic predator,Terrestrial,971179.99,This species is prone to misidentification and its maps might be affected by error.,
239,Little Stint,Calidris minuta,,253,avibase-9936FF4A,ebird_single,Little Stint,Calidris minuta,4189,Calidris minuta,litsti,Sandpipers and Allies,Charadriiformes,LC,https://datazone.birdlife.org/species/factsheet/22693379,1,false,false,true,true,21.1,Grassland,3,3,Carnivore,Aquatic predator,Terrestrial,1734619.92,,
240,Temminck's Stint,Calidris temminckii,,985,avibase-5ACF7FB3,ebird_single,Temminck's Stint,Calidris temminckii,4162,Calidris temminckii,temsti,Sandpipers and Allies,Charadriiformes,LC,https://datazone.birdlife.org/species/factsheet/22693388,1,false,false,true,true,23,Grassland,3,3,Carnivore,Aquatic predator,Terrestrial,3436316.19,,
241,Long-toed Stint,Calidris subminuta,,972,avibase-7D629288,ebird_single,Long-toed Stint,Calidris subminuta,4163,Calidris subminuta,lotsti,Sandpipers and Allies,Charadriiformes,LC,https://datazone.birdlife.org/species/factsheet/22693392,1,false,false,false,true,30.2,Wetland,3,3,Carnivore,Aquatic predator,Terrestrial,316107.68,This species is prone to misidentification and its maps might be affected by error.,
242,Pectoral Sandpiper,Calidris melanotos,,895,avibase-ACC99F35,ebird_single,Pectoral Sandpiper,Calidris melanotos,4186,Calidris melanotos,pecsan,Sandpipers and Allies,Charadriiformes,LC,https://datazone.birdlife.org/species/factsheet/22693408,1,false,false,false,true,79.7,Wetland,3,3,Carnivore,Aquatic predator,Terrestrial,2362488.1,,
243,Curlew Sandpiper,Calidris ferruginea,,251,avibase-143A681C,ebird_single,Curlew Sandpiper,Calidris ferruginea,4158,Calidris ferruginea,cursan,Sandpipers and Allies,Charadriiformes,VU,https://datazone.birdlife.org/species/factsheet/22693431,1,false,false,true,true,58.1,Coastal,3,3,Carnivore,Aquatic predator,Terrestrial,1198699.06,,
244,Dunlin,Calidris alpina,,896,avibase-15369E8E,ebird_single,Dunlin,Calidris alpina,4168,Calidris alpina,dunlin,Sandpipers and Allies,Charadriiformes,NT,https://datazone.birdlife.org/species/factsheet/22693427,1,false,false,true,true,51.9,Wetland,3,3,Carnivore,Aquatic predator,Terrestrial,4754236.34,This species is prone to misidentification and its maps might be affected by error.,
245,Broad-billed Sandpiper,Limicola falcinellus,,981,avibase-0A14882F,ebird_single,Broad-billed Sandpiper,Calidris falcinellus,4155,Calidris falcinellus,brbsan,Sandpipers and Allies,Charadriiformes,VU,https://datazone.birdlife.org/species/factsheet/22693464,1,false,false,true,true,37.1,Wetland,3,3,Carnivore,Aquatic predator,Terrestrial,1005823.74,,
246,Buff-breasted Sandpiper,Tryngites subruficollis,,926,avibase-3A3C62BC,ebird_single,Buff-breasted Sandpiper,Calidris subruficollis,4164,Calidris subruficollis,bubsan,Sandpipers and Allies,Charadriiformes,VU,https://datazone.birdlife.org/species/factsheet/22693447,1,false,false,false,true,62.1,Grassland,3,3,Carnivore,Omnivore,Terrestrial,642423.52,,
247,Ruff,Philomachus pugnax,,256,avibase-2DABF98F,ebird_single,Ruff,Calidris pugnax,4153,Calidris pugnax,ruff,Sandpipers and Allies,Charadriiformes,LC,https://datazone.birdlife.org/species/factsheet/22693468,1,false,false,true,true,131.7,Wetland,3,3,Carnivore,Aquatic predator,Terrestrial,8562266.88,,
248,Jack Snipe,Lymnocryptes minimus,,1988,avibase-1A15F0C6,ebird_single,Jack Snipe,Lymnocryptes minimus,4049,Lymnocryptes minimus,jacsni,Sandpipers and Allies,Charadriiformes,LC,https://datazone.birdlife.org/species/factsheet/22693133,1,false,false,true,true,50.1,Wetland,3,3,Carnivore,Aquatic predator,Terrestrial,7671774.57,,"CJ: Sho!! What has happened to this species?! Probably overlooked, but all the same you'd expect at least SOME records if they were around…"
249,Common Snipe,Gallinago gallinago,,957,avibase-9151E0BA,ebird_single,Common Snipe,Gallinago gallinago,4091,Gallinago gallinago,comsni,Sandpipers and Allies,Charadriiformes,LC,https://datazone.birdlife.org/species/factsheet/22693097,1,false,false,true,true,112.9,Wetland,3,3,Carnivore,Aquatic predator,Terrestrial,20105909.91,This species is prone to misidentification and its maps might be affected by error.,
250,African Snipe,Gallinago nigripennis,,250,avibase-831FC147,ebird_single,African Snipe,Gallinago nigripennis,4086,Gallinago nigripennis,afrsni1,Sandpipers and Allies,Charadriiformes,LC,https://datazone.birdlife.org/species/factsheet/22693102,1,false,false,false,true,112,Wetland,3,2,Carnivore,Aquatic predator,Terrestrial,5609482.86,This species is prone to misidentification and its maps might be affected by error.,
251,Great Snipe,Gallinago media,,249,avibase-BCCD5840,ebird_single,Great Snipe,Gallinago media,4081,Gallinago media,gresni1,Sandpipers and Allies,Charadriiformes,NT,https://datazone.birdlife.org/species/factsheet/22693093,1,false,false,true,true,170,Wetland,3,3,Carnivore,Aquatic predator,Terrestrial,7813688.34,,CJ: As per Jack Snipe
252,Pintail Snipe,Gallinago stenura,,1984,avibase-EE61E2CA,ebird_single,Pin-tailed Snipe,Gallinago stenura,4083,Gallinago stenura,pitsni,Sandpipers and Allies,Charadriiformes,LC,https://datazone.birdlife.org/species/factsheet/22693085,1,false,false,false,true,113,Wetland,3,3,Carnivore,Aquatic predator,Terrestrial,8781511.92,,CJ: As per Jack Snipe
253,Asiatic Dowitcher,Limnodromus semipalmatus,0,#N/A,avibase-B7E68EC8,ebird_single,Asian Dowitcher,Limnodromus semipalmatus,4042,Limnodromus semipalmatus,asidow1,Sandpipers and Allies,Charadriiformes,NT,https://datazone.birdlife.org/species/factsheet/22693351,1,false,false,false,false,212,Wetland,3,3,Carnivore,Aquatic predator,Terrestrial,2745344,,"Rejected by Zimmerman et al. 1996. See East African Rarities Committee (EARC) Special Report
Species included for East African countries in Britton (1980)
which have since been considered unacceptable. https://eararities.org/downloads/Fisher,%20Pearson%20&%20Hunter%202016.pdf"
254,Black-tailed Godwit,Limosa limosa,,265,avibase-454B5CD5,ebird_single,Black-tailed Godwit,Limosa limosa,4032,Limosa limosa,bktgod,Sandpipers and Allies,Charadriiformes,NT,https://datazone.birdlife.org/species/factsheet/22693150,1,false,false,true,true,288.4,Wetland,3,3,Carnivore,Aquatic predator,Terrestrial,10058061.19,,
255,Bar-tailed Godwit,Limosa lapponica,,266,avibase-9A684C99,ebird_single,Bar-tailed Godwit,Limosa lapponica,4026,Limosa lapponica,batgod,Sandpipers and Allies,Charadriiformes,NT,https://datazone.birdlife.org/species/factsheet/22693158,1,false,false,true,true,291.7,Wetland,3,3,Carnivore,Aquatic predator,Terrestrial,1469087.3,,
256,Whimbrel,Numenius phaeopus,,268,avibase-082F3A63,sci_name_ebird,Eurasian Whimbrel,Numenius phaeopus,4012,Numenius phaeopus,whimbr5,Sandpipers and Allies,Charadriiformes,NE,,1,false,false,true,true,364.6,Grassland,3,3,Carnivore,Omnivore,Terrestrial,4802995.65,,
257,Curlew,Numenius arquata,,267,avibase-3BB5CBA6,ebird_single,Eurasian Curlew,Numenius arquata,4021,Numenius arquata,eurcur,Sandpipers and Allies,Charadriiformes,NT,https://datazone.birdlife.org/species/factsheet/22693190,1,false,false,true,true,803,Grassland,3,3,Carnivore,Aquatic predator,Terrestrial,12491410.25,,
258,Spotted Redshank,Tringa erythropus,,260,avibase-0895DD84,ebird_single,Spotted Redshank,Tringa erythropus,4130,Tringa erythropus,spored,Sandpipers and Allies,Charadriiformes,LC,https://datazone.birdlife.org/species/factsheet/22693207,1,false,false,true,true,158,Grassland,3,3,Carnivore,Aquatic predator,Terrestrial,3716042.92,,CJ: interesting that there is a 'decline' - I suspect this is a real one
259,Redshank,Tringa totanus,,261,avibase-D6BFC73A,ebird_single,Common Redshank,Tringa totanus,4118,Tringa totanus,comred1,Sandpipers and Allies,Charadriiformes,LC,https://datazone.birdlife.org/species/factsheet/22693211,1,false,false,true,true,129,Wetland,3,3,Carnivore,Aquatic predator,Terrestrial,19709237.23,,
260,Marsh Sandpiper,Tringa stagnatilis,,262,avibase-15CF9352,ebird_single,Marsh Sandpiper,Tringa stagnatilis,4116,Tringa stagnatilis,marsan,Sandpipers and Allies,Charadriiformes,LC,https://datazone.birdlife.org/species/factsheet/22693216,1,false,false,true,true,77.5,Wetland,3,3,Carnivore,Aquatic predator,Terrestrial,7597346.84,,
261,Greenshank,Tringa nebularia,,263,avibase-18B415D2,ebird_single,Common Greenshank,Tringa nebularia,4131,Tringa nebularia,comgre,Sandpipers and Allies,Charadriiformes,LC,https://datazone.birdlife.org/species/factsheet/22693220,1,false,false,true,true,187,Wetland,3,3,Carnivore,Aquatic predator,Terrestrial,12134126.53,,
262,Green Sandpiper,Tringa ochropus,,259,avibase-A7B17EFC,ebird_single,Green Sandpiper,Tringa ochropus,4110,Tringa ochropus,grnsan,Sandpipers and Allies,Charadriiformes,LC,https://datazone.birdlife.org/species/factsheet/22693243,1,false,false,true,true,71.4,Wetland,3,3,Carnivore,Aquatic predator,Terrestrial,15230538.62,,
263,Wood Sandpiper,Tringa glareola,,264,avibase-8E67DC5F,ebird_single,Wood Sandpiper,Tringa glareola,4117,Tringa glareola,woosan,Sandpipers and Allies,Charadriiformes,LC,https://datazone.birdlife.org/species/factsheet/22693247,1,false,false,true,true,62.1,Wetland,3,3,Carnivore,Aquatic predator,Terrestrial,16979550.25,,
264,Terek Sandpiper,Xenus cinereus,,257,avibase-6D5992EE,ebird_single,Terek Sandpiper,Xenus cinereus,4101,Xenus cinereus,tersan,Sandpipers and Allies,Charadriiformes,LC,https://datazone.birdlife.org/species/factsheet/22693251,1,false,false,true,true,78.8,Grassland,3,3,Carnivore,Aquatic predator,Terrestrial,11623048.49,,
265,Common Sandpiper,Actitis hypoleucos,,258,avibase-8548B07E,ebird_single,Common Sandpiper,Actitis hypoleucos,4103,Actitis hypoleucos,comsan,Sandpipers and Allies,Charadriiformes,LC,https://datazone.birdlife.org/species/factsheet/22693264,1,false,false,true,true,48,Wetland,3,3,Carnivore,Aquatic predator,Terrestrial,25847437.41,,
266,Turnstone,Arenaria interpres,,232,avibase-DC3050A9,ebird_single,Ruddy Turnstone,Arenaria interpres,4140,Arenaria interpres,rudtur,Sandpipers and Allies,Charadriiformes,NT,https://datazone.birdlife.org/species/factsheet/22693336,1,false,false,true,true,136,Coastal,3,3,Carnivore,Aquatic predator,Terrestrial,2619753.6,,
267,Black-winged Stilt,Himantopus himantopus,,270,avibase-3CAEB7CE,ebird_single,Black-winged Stilt,Himantopus himantopus,3782,Himantopus himantopus,bkwsti,Stilts and Avocets,Charadriiformes,NE,,1,false,false,false,true,176.8,Wetland,3,2,Carnivore,Aquatic predator,Terrestrial,56867877.55,,
268,Avocet,Recurvirostra avosetta,,269,avibase-C73ED2F5,ebird_single,Pied Avocet,Recurvirostra avosetta,3773,Recurvirostra avosetta,pieavo1,Stilts and Avocets,Charadriiformes,LC,https://datazone.birdlife.org/species/factsheet/22693712,1,false,false,false,true,304,Wetland,3,2,Carnivore,Aquatic predator,Terrestrial,17136961.53,,
269,Red-necked Phalarope,Phalaropus lobatus,,272,avibase-E6F3BA54,ebird_single,Red-necked Phalarope,Phalaropus lobatus,4108,Phalaropus lobatus,renpha,Sandpipers and Allies,Charadriiformes,LC,https://datazone.birdlife.org/species/factsheet/22693490,1,false,false,true,true,36.7,Wetland,3,3,Carnivore,Aquatic predator,Terrestrial,9098836.74,,
270,Grey Phalarope,Phalaropus fulicarius,,271,avibase-18A19380,ebird_single,Red Phalarope,Phalaropus fulicarius,4107,Phalaropus fulicarius,redpha1,Sandpipers and Allies,Charadriiformes,LC,https://datazone.birdlife.org/species/factsheet/22693494,1,false,false,false,true,55.6,Marine,3,3,Carnivore,Aquatic predator,Terrestrial,3783736.3,,
271,Crab-plover,Dromas ardeola,,273,avibase-C3E33FEB,ebird_single,Crab-plover,Dromas ardeola,4260,Dromas ardeola,craplo1,Crab-Plover,Charadriiformes,LC,https://datazone.birdlife.org/species/factsheet/22694081,1,false,true,false,true,325,Coastal,3,1,Carnivore,Aquatic predator,Terrestrial,318985.68,,CJ: decline surely due to lack of atlassing in the 'red' squares
272,Stone Curlew,Burhinus oedicnemus,,1998,avibase-C7DB323E,ebird_single,Eurasian Stone-curlew,Burhinus oedicnemus,3760,Burhinus oedicnemus,eutkne1,Thick-knees and Stone-curlews,Charadriiformes,LC,https://datazone.birdlife.org/species/factsheet/45111439,1,false,false,true,true,459,Grassland,3,3,Carnivore,Invertivore,Terrestrial,9168330.74,This species is prone to misidentification and its maps might be affected by error.,CJ: Almost certainly seriously overlooked
273,Senegal Thick-knee,Burhinus senegalensis,,2000,avibase-85DF723B,ebird_single,Senegal Thick-knee,Burhinus senegalensis,3758,Burhinus senegalensis,setkne1,Thick-knees and Stone-curlews,Charadriiformes,LC,https://datazone.birdlife.org/species/factsheet/22693580,1,false,false,false,true,326,Wetland,3,1,Carnivore,Invertivore,Terrestrial,7037522.76,,
274,Water Thick-knee,Burhinus vermiculatus,,274,avibase-96CCAFEE,ebird_single,Water Thick-knee,Burhinus vermiculatus,3755,Burhinus vermiculatus,watkne1,Thick-knees and Stone-curlews,Charadriiformes,LC,https://datazone.birdlife.org/species/factsheet/22693584,1,false,false,false,true,320,Wetland,3,1,Carnivore,Invertivore,Terrestrial,5802844.89,,
275,Spotted Thick-knee,Burhinus capensis,,275,avibase-862F6F04,ebird_single,Spotted Thick-knee,Burhinus capensis,3750,Burhinus capensis,sptkne1,Thick-knees and Stone-curlews,Charadriiformes,LC,https://datazone.birdlife.org/species/factsheet/22693589,1,false,false,false,true,423,Shrubland,3,1,Carnivore,Invertivore,Terrestrial,12421028.77,,
276,Egyptian Plover,Pluvianus aegyptius,,2032,avibase-1B28A4B6,ebird_single,Egyptian Plover,Pluvianus aegyptius,3768,Pluvianus aegyptius,egyplo1,Egyptian Plover,Charadriiformes,LC,https://datazone.birdlife.org/species/factsheet/22694086,1,false,false,false,false,82,Wetland,3,2,Carnivore,Aquatic predator,Terrestrial,5977374.57,"Species not recorded during both the old and new atlas, but recorded in Kenya.",
277,Cream-coloured Courser,Cursorius cursor,,2026,avibase-6091E70B,ebird_single,Somali Courser,Cursorius somalensis,4291,Cursorius somalensis,somcou1,Coursers and Pratincoles,Charadriiformes,LC,https://datazone.birdlife.org/species/factsheet/22732297,1,false,false,false,false,138,Desert,3,1,Carnivore,Invertivore,Terrestrial,1128378.41,,
278,Temminck's Courser,Cursorius temminckii,,277,avibase-7A841F83,ebird_single,Temminck's Courser,Cursorius temminckii,4282,Cursorius temminckii,temcou1,Coursers and Pratincoles,Charadriiformes,LC,https://datazone.birdlife.org/species/factsheet/22694120,1,false,false,false,false,69.2,Grassland,3,1,Carnivore,Invertivore,Terrestrial,10871643.44,,
279,Two-banded Courser,Rhinoptilus africanus,,278,avibase-C130193B,ebird_single,Double-banded Courser,Smutsornis africanus,4263,Smutsornis africanus,dobcou2,Coursers and Pratincoles,Charadriiformes,LC,https://datazone.birdlife.org/species/factsheet/22694091,1,false,false,false,false,87.5,Desert,3,1,Carnivore,Invertivore,Terrestrial,2999057.71,,
280,Heuglin's Courser,Rhinoptilus cinctus,,279,avibase-29D50ED5,ebird_single,Three-banded Courser,Rhinoptilus cinctus,4275,Rhinoptilus cinctus,thbcou1,Coursers and Pratincoles,Charadriiformes,LC,https://datazone.birdlife.org/species/factsheet/22694099,1,false,false,false,false,105,Shrubland,3,1,Carnivore,Invertivore,Terrestrial,1957707.6,,
281,Violet-tipped Courser,Rhinoptilus chalcopterus,,280,avibase-F5145338,ebird_single,Bronze-winged Courser,Rhinoptilus chalcopterus,4273,Rhinoptilus chalcopterus,brwcou1,Coursers and Pratincoles,Charadriiformes,LC,https://datazone.birdlife.org/species/factsheet/22694095,1,false,true,false,false,150,Woodland,3,1,Carnivore,Invertivore,Terrestrial,10146624.15,,
282,Common Pratincole,Glareola pratincola,,281,avibase-D56ABB4E,ebird_single,Collared Pratincole,Glareola pratincola,4305,Glareola pratincola,colpra,Coursers and Pratincoles,Charadriiformes,LC,https://datazone.birdlife.org/species/factsheet/22694127,1,false,false,false,true,84.9,Grassland,3,3,Carnivore,Invertivore,Aerial,5351786.34,,
283,Black-winged Pratincole,Glareola nordmanni,,282,avibase-E1F6A875,ebird_single,Black-winged Pratincole,Glareola nordmanni,4304,Glareola nordmanni,blwpra1,Coursers and Pratincoles,Charadriiformes,NT,https://datazone.birdlife.org/species/factsheet/22694136,1,false,false,true,true,97.2,Grassland,3,3,Carnivore,Invertivore,Aerial,2251795.82,,
284,White-collared Pratincole,Glareola nuchalis,,283,avibase-95820ED1,ebird_single,Rock Pratincole,Glareola nuchalis,4297,Glareola nuchalis,rocpra1,Coursers and Pratincoles,Charadriiformes,LC,https://datazone.birdlife.org/species/factsheet/22694144,1,false,false,false,true,62.7,Rock,3,2,Carnivore,Invertivore,Aerial,6244433.49,,
285,Madagascar Pratincole,Glareola ocularis,,898,avibase-AC0F25BB,ebird_single,Madagascar Pratincole,Glareola ocularis,4296,Glareola ocularis,madpra1,Coursers and Pratincoles,Charadriiformes,NT,https://datazone.birdlife.org/species/factsheet/22694140,1,false,false,false,true,91.9,Coastal,3,3,Carnivore,Invertivore,Aerial,545354.28,,
286,Brown Skua,Catharacta antarctica,0,#N/A,avibase-4D5D2BC3,ebird_single,Brown Skua,Stercorarius antarcticus,4318,Stercorarius antarcticus,brnsku3,Jaegers and Skuas,Charadriiformes,LC,https://datazone.birdlife.org/species/factsheet/62289571,1,false,false,false,false,1650,Marine,3,3,Carnivore,Aquatic predator,Aerial,87990607.82,,"Rejected by Zimmerman et al. 1996. See East African Rarities Committee (EARC) Special Report
Species included for East African countries in Britton (1980)
which have since been considered unacceptable. https://eararities.org/downloads/Fisher,%20Pearson%20&%20Hunter%202016.pdf"
287,Pomarine Skua,Stercorarius pomarinus,,285,avibase-7CB8F5B7,ebird_single,Pomarine Jaeger,Stercorarius pomarinus,4314,Stercorarius pomarinus,pomjae,Jaegers and Skuas,Charadriiformes,LC,https://datazone.birdlife.org/species/factsheet/22694240,1,false,false,false,false,692.5,Marine,3,3,Carnivore,Aquatic predator,Aerial,3233984.08,,
288,Arctic Skua,Stercorarius parasiticus,,284,avibase-39086887,ebird_single,Parasitic Jaeger,Stercorarius parasiticus,4310,Stercorarius parasiticus,parjae,Jaegers and Skuas,Charadriiformes,LC,https://datazone.birdlife.org/species/factsheet/22694245,1,false,false,false,false,444.3,Marine,3,3,Carnivore,Aquatic predator,Aerial,6277591.31,,
289,Long-tailed Skua,Stercorarius longicaudus,,930,avibase-1D446440,ebird_single,Long-tailed Jaeger,Stercorarius longicaudus,4311,Stercorarius longicaudus,lotjae,Jaegers and Skuas,Charadriiformes,LC,https://datazone.birdlife.org/species/factsheet/22694251,1,false,false,false,false,287.9,Marine,3,3,Carnivore,Aquatic predator,Aerial,6233403.78,,
290,Sooty Gull,Larus hemprichii,,2058,avibase-67D43542,ebird_single,Sooty Gull,Ichthyaetus hemprichii,4582,Ichthyaetus hemprichii,soogul2,"Skimmers, Noddies, Terns, and Gulls",Charadriiformes,LC,https://datazone.birdlife.org/species/factsheet/22694303,1,false,false,false,true,451.7,Marine,3,1,Omnivore,Omnivore,Terrestrial,157820.35,,
291,White-eyed Gull,Larus leucophthalmus,,900,avibase-A7F240E3,ebird_single,White-eyed Gull,Ichthyaetus leucophthalmus,4581,Ichthyaetus leucophthalmus,whegul2,"Skimmers, Noddies, Terns, and Gulls",Charadriiformes,LC,https://datazone.birdlife.org/species/factsheet/22694299,1,false,false,false,true,328.9,Coastal,3,1,Carnivore,Aquatic predator,Generalist,1402.69,"Species not recorded during both the old and new atlas, but recorded in Kenya. This species is prone to misidentification and its maps might be affected by error.",
292,Great Black-headed Gull,Larus ichthyaetus,,2062,avibase-EF930CDC,ebird_single,Pallas's Gull,Ichthyaetus ichthyaetus,4577,Ichthyaetus ichthyaetus,gbhgul2,"Skimmers, Noddies, Terns, and Gulls",Charadriiformes,LC,https://datazone.birdlife.org/species/factsheet/22694379,1,false,false,true,true,1378.8,Coastal,3,3,Omnivore,Omnivore,Generalist,739530.35,This species is prone to misidentification and its maps might be affected by error.,
293,Mediterranean Gull,Larus melanocephalus,0,#N/A,avibase-052BFA8A,ebird_single,Mediterranean Gull,Ichthyaetus melanocephalus,4580,Ichthyaetus melanocephalus,medgul1,"Skimmers, Noddies, Terns, and Gulls",Charadriiformes,LC,https://datazone.birdlife.org/species/factsheet/22694443,1,false,false,false,false,256,Coastal,3,2,Carnivore,Omnivore,Generalist,250526.34,,"Rejected by Zimmerman et al. 1996. See East African Rarities Committee (EARC) Special Report
Species included for East African countries in Britton (1980)
which have since been considered unacceptable. https://eararities.org/downloads/Fisher,%20Pearson%20&%20Hunter%202016.pdf"
294,Little Gull,Larus minutus,0,#N/A,avibase-F89FD6E3,ebird_single,Little Gull,Hydrocoloeus minutus,4538,Hydrocoloeus minutus,litgul,"Skimmers, Noddies, Terns, and Gulls",Charadriiformes,LC,https://datazone.birdlife.org/species/factsheet/22694469,1,false,false,false,false,118,Coastal,3,2,Carnivore,Aquatic predator,Generalist,8322361.57,,"Rejected by Zimmerman et al. 1996. See East African Rarities Committee (EARC) Special Report
Species included for East African countries in Britton (1980)
which have since been considered unacceptable. https://eararities.org/downloads/Fisher,%20Pearson%20&%20Hunter%202016.pdf"
295,Black-headed Gull,Larus ridibundus,,933,avibase-FB02DD96,ebird_single,Black-headed Gull,Chroicocephalus ridibundus,4555,Chroicocephalus ridibundus,bkhgul,"Skimmers, Noddies, Terns, and Gulls",Charadriiformes,LC,https://datazone.birdlife.org/species/factsheet/22694420,1,false,false,true,true,284,Wetland,3,2,Carnivore,Aquatic predator,Generalist,17767358.5,,"CJ: Yes, this has definitely declined. I don't think the difficulty of ID is the reason "
296,Grey-headed Gull,Larus cirrocephalus,,288,avibase-6EB497FA,ebird_single,Grey-headed Gull,Chroicocephalus cirrocephalus,4558,Chroicocephalus cirrocephalus,grhgul,"Skimmers, Noddies, Terns, and Gulls",Charadriiformes,LC,https://datazone.birdlife.org/species/factsheet/22694387,1,false,false,false,true,374.7,Wetland,3,1,Carnivore,Aquatic predator,Aerial,6411818.5,,
297,Slender-billed Gull,Larus genei,,1078,avibase-27CE7132,ebird_single,Slender-billed Gull,Chroicocephalus genei,4553,Chroicocephalus genei,slbgul1,"Skimmers, Noddies, Terns, and Gulls",Charadriiformes,LC,https://datazone.birdlife.org/species/factsheet/22694428,1,false,false,true,true,281,Coastal,3,2,Carnivore,Aquatic predator,Generalist,1728211.09,,
298,Lesser Black-backed Gull,Larus fuscus,,4136,avibase-2D52E3A5,ebird_single,Lesser Black-backed Gull,Larus fuscus,4624,Larus fuscus,lbbgul,"Skimmers, Noddies, Terns, and Gulls",Charadriiformes,LC,https://datazone.birdlife.org/species/factsheet/22694373,1,false,false,false,true,762.4,Coastal,3,2,Carnivore,Aquatic predator,Generalist,4200335.24,Records in the old atlas of Lesser Black-backed Gull and Herring Gull are lumped. This species is prone to misidentification and its maps might be affected by error.,
299,Herring Gull,Larus argentatus,298,#N/A,avibase-F002188E,ebird_single,European Herring Gull,Larus argentatus,4611,Larus argentatus,euhgul1,"Skimmers, Noddies, Terns, and Gulls",Charadriiformes,LC,https://datazone.birdlife.org/species/factsheet/62030608,1,false,false,false,false,1091,Coastal,3,2,Carnivore,Aquatic predator,Generalist,1540126.95,,Folded into SEQ 298 Lesser Black-backed Gull. NOT taxonomic - Larus argentatus remains a valid species (European Herring Gull) in AviList v2025b. Old-atlas 'Herring Gull' records from Kenya are treated as large gulls not safely separable from L. fuscus. Identification decision; 10 squares (1970-1984).
300,Kelp Gull,Larus dominicanus,,287,avibase-E6536E4E,ebird_single,Kelp Gull,Larus dominicanus,4602,Larus dominicanus,kelgul,"Skimmers, Noddies, Terns, and Gulls",Charadriiformes,LC,https://datazone.birdlife.org/species/factsheet/22694329,1,false,false,false,true,952.4,Marine,3,1,Carnivore,Omnivore,Generalist,3780207.34,"Species not recorded during both the old and new atlas, but recorded in Kenya. This species is prone to misidentification and its maps might be affected by error.",
301,Gull-billed Tern,Gelochelidon nilotica,,902,avibase-87168739,ebird_single,Gull-billed Tern,Gelochelidon nilotica,4466,Gelochelidon nilotica,gubter2,"Skimmers, Noddies, Terns, and Gulls",Charadriiformes,LC,https://datazone.birdlife.org/species/factsheet/62026481,1,false,false,true,true,218.3,Coastal,3,3,Carnivore,Omnivore,Aerial,7524091.88,,
302,Caspian Tern,Sterna caspia,,290,avibase-BC06BC0D,ebird_single,Caspian Tern,Hydroprogne caspia,4463,Hydroprogne caspia,caster1,"Skimmers, Noddies, Terns, and Gulls",Charadriiformes,LC,https://datazone.birdlife.org/species/factsheet/22694524,1,false,false,true,true,655,Wetland,3,3,Carnivore,Aquatic predator,Aerial,6293644.91,,
303,Crested Tern,Sterna bergii,,298,avibase-526978C4,ebird_single,Greater Crested Tern,Thalasseus bergii,4491,Thalasseus bergii,grcter1,"Skimmers, Noddies, Terns, and Gulls",Charadriiformes,LC,https://datazone.birdlife.org/species/factsheet/22694571,1,false,false,false,true,328,Coastal,3,3,Carnivore,Aquatic predator,Aerial,47808630.76,,
304,Lesser Crested Tern,Sterna bengalensis,,297,avibase-D01CDECD,ebird_single,Lesser Crested Tern,Thalasseus bengalensis,4498,Thalasseus bengalensis,lecter2,"Skimmers, Noddies, Terns, and Gulls",Charadriiformes,LC,https://datazone.birdlife.org/species/factsheet/22694561,1,false,true,false,true,209,Coastal,3,3,Carnivore,Aquatic predator,Aerial,1690030.71,,
305,Sandwich Tern,Sterna sandvicensis,,296,avibase-F7504353,ebird_single,Sandwich Tern,Thalasseus sandvicensis,4485,Thalasseus sandvicensis,santer1,"Skimmers, Noddies, Terns, and Gulls",Charadriiformes,LC,https://datazone.birdlife.org/species/factsheet/22694591,1,false,false,true,true,199.8,Marine,3,3,Carnivore,Aquatic predator,Aerial,2802142.59,,
306,Roseate Tern,Sterna dougallii,,293,avibase-74236837,ebird_single,Roseate Tern,Sterna dougallii,4527,Sterna dougallii,roster,"Skimmers, Noddies, Terns, and Gulls",Charadriiformes,LC,https://datazone.birdlife.org/species/factsheet/22694601,1,false,false,false,true,112,Marine,3,3,Carnivore,Aquatic predator,Aerial,7673719.23,,CJ: How can this be 'lost' from the Watamu pentad? Will have to check if vetting needs to be done!
307,Common Tern,Sterna hirundo,,291,avibase-4D2FF6F1,ebird_single,Common Tern,Sterna hirundo,4518,Sterna hirundo,comter,"Skimmers, Noddies, Terns, and Gulls",Charadriiformes,LC,https://datazone.birdlife.org/species/factsheet/22694623,1,false,false,true,true,129.2,Marine,3,3,Carnivore,Aquatic predator,Aerial,30248469.5,,
308,White-cheeked Tern,Sterna repressa,,938,avibase-CF5C013D,ebird_single,White-cheeked Tern,Sterna repressa,4523,Sterna repressa,whcter1,"Skimmers, Noddies, Terns, and Gulls",Charadriiformes,LC,https://datazone.birdlife.org/species/factsheet/22694705,1,false,false,false,true,90,Coastal,3,2,Carnivore,Aquatic predator,Aerial,797048.79,This species is prone to misidentification and its maps might be affected by error.,"CJ: I can also only suspect that this sp was mis-identified in the early years. It is certainly not nearly as common as the literature suggests, I would say…"
309,Bridled Tern,Sterna anaethetus,,936,avibase-E6518B9D,ebird_single,Bridled Tern,Onychoprion anaethetus,4437,Onychoprion anaethetus,briter1,"Skimmers, Noddies, Terns, and Gulls",Charadriiformes,LC,https://datazone.birdlife.org/species/factsheet/22694730,1,false,false,false,true,119.4,Marine,3,2,Carnivore,Aquatic predator,Aerial,5130540.82,This species is prone to misidentification and its maps might be affected by error.,"CJ: I can only suspect ths species was mis-identified in the early years - on Whale Is it was stated that Bridled breed alongside the Roseates - but since 1998 when I started there, there have never been any breeding Bridled and in fact I've only recorded Bridled about 4-5 times in 25 years"
310,Sooty Tern,Sterna fuscata,,295,avibase-3E7F825D,ebird_single,Sooty Tern,Onychoprion fuscatus,4429,Onychoprion fuscatus,sooter1,"Skimmers, Noddies, Terns, and Gulls",Charadriiformes,LC,https://datazone.birdlife.org/species/factsheet/22694740,1,false,false,false,true,185.7,Marine,3,2,Carnivore,Aquatic predator,Aerial,180205.31,,
311,Little Tern,Sterna albifrons,,0,avibase-B552AFE3,ebird_group_exact,Little/Saunders's Tern,Sternula sp.,4448,Sternula albifrons|Sternula saundersi,litter1|sauter2,"Skimmers, Noddies, Terns, and Gulls",Charadriiformes,LC,,2,false,false,true,true,57,Coastal,3,3,Carnivore,Aquatic predator,Aerial,11965931.09,,"Historical lump of 2 species, treated as one taxon (Sterna albifrons) in the 1970-1984 atlas: Little Tern (Sternula albifrons, 89 Kenyan eBird records 2009-2023); Saunders's Tern (Sternula saundersi, 391 Kenyan eBird records 2009-2023). At least one member was already a distinct, field-separable species during the atlas era; old-atlas records for this concept may include unseparated or misidentified individuals of either."
312,Whiskered Tern,Chlidonias hybridus,,305,avibase-7AB4E42B,ebird_single,Whiskered Tern,Chlidonias hybrida,4475,Chlidonias hybrida,whiter2,"Skimmers, Noddies, Terns, and Gulls",Charadriiformes,LC,https://datazone.birdlife.org/species/factsheet/22694764,1,false,false,false,true,83.7,Wetland,3,3,Carnivore,Aquatic predator,Aerial,10089513.85,This species is prone to misidentification and its maps might be affected by error.,CJ: This needs a note about the difficulty of ID separation from White-winged Black in non-breeding pl
313,Black Tern,Chlidonias niger,,903,avibase-115AF02D,ebird_single,Black Tern,Chlidonias niger,4481,Chlidonias niger,blkter,"Skimmers, Noddies, Terns, and Gulls",Charadriiformes,LC,https://datazone.birdlife.org/species/factsheet/22694787,1,false,false,false,true,65.3,Wetland,3,3,Carnivore,Aquatic predator,Aerial,12943719.56,,
314,White-winged Black Tern,Chlidonias leucopterus,,304,avibase-43CAAEE3,ebird_single,White-winged Tern,Chlidonias leucopterus,4480,Chlidonias leucopterus,whwter,"Skimmers, Noddies, Terns, and Gulls",Charadriiformes,LC,https://datazone.birdlife.org/species/factsheet/22694782,1,false,false,true,true,54.2,Wetland,3,3,Carnivore,Aquatic predator,Aerial,10229425.04,,
315,Lesser Noddy,Anous tenuirostris,,939,avibase-03F9EB15,ebird_single,Lesser Noddy,Anous tenuirostris,4406,Anous tenuirostris,lesnod1,"Skimmers, Noddies, Terns, and Gulls",Charadriiformes,LC,https://datazone.birdlife.org/species/factsheet/22694805,1,false,false,false,true,112,Marine,3,2,Carnivore,Aquatic predator,Aerial,177139.92,,CJ: I suspect there are several unvetted records in the KBM which mean the distribution is not fully reflected… 
316,Common Noddy,Anous stolidus,,303,avibase-A070171E,ebird_single,Brown Noddy,Anous stolidus,4401,Anous stolidus,brnnod,"Skimmers, Noddies, Terns, and Gulls",Charadriiformes,LC,https://datazone.birdlife.org/species/factsheet/22694794,1,false,false,false,true,177.8,Marine,3,2,Carnivore,Aquatic predator,Aerial,10192935.47,,
317,African Skimmer,Rynchops flavirostris,,306,avibase-907B1140,ebird_single,African Skimmer,Rynchops flavirostris,4388,Rynchops flavirostris,afrski1,"Skimmers, Noddies, Terns, and Gulls",Charadriiformes,LC,https://datazone.birdlife.org/species/factsheet/22694262,1,false,false,false,true,164,Wetland,3,2,Carnivore,Aquatic predator,Aerial,9718531.11,,
318,Chestnut-bellied Sandgrouse,Pterocles exustus,,1960,avibase-F5DE9155,ebird_single,Chestnut-bellied Sandgrouse,Pterocles exustus,2236,Pterocles exustus,chbsan,Sandgrouse,Pterocliformes,LC,https://datazone.birdlife.org/species/factsheet/22692990,1,false,false,false,false,202.8,Grassland,3,2,Herbivore,Granivore,Terrestrial,9267366.88,,
319,Black-faced Sandgrouse,Pterocles decoratus,,1958,avibase-70AFED2C,ebird_single,Black-faced Sandgrouse,Pterocles decoratus,2256,Pterocles decoratus,blfsan1,Sandgrouse,Pterocliformes,LC,https://datazone.birdlife.org/species/factsheet/22693013,1,false,false,false,false,181.3,Shrubland,3,2,Herbivore,Granivore,Terrestrial,1363573.06,,
320,Lichtenstein's Sandgrouse,Pterocles lichtensteinii,,1962,avibase-F3715F7B,ebird_single,Lichtenstein's Sandgrouse,Pterocles lichtensteinii,2261,Pterocles lichtensteinii,licsan1,Sandgrouse,Pterocliformes,LC,https://datazone.birdlife.org/species/factsheet/22693028,1,false,false,false,false,209.1,Grassland,3,1,Herbivore,Granivore,Terrestrial,3826174.11,,
321,Four-banded Sandgrouse,Pterocles quadricinctus,,1968,avibase-461482EA,ebird_single,Four-banded Sandgrouse,Pterocles quadricinctus,2271,Pterocles quadricinctus,fobsan1,Sandgrouse,Pterocliformes,LC,https://datazone.birdlife.org/species/factsheet/22693021,1,false,false,false,false,178.9,Shrubland,3,1,Herbivore,Granivore,Terrestrial,3917295.51,,
322,Yellow-throated Sandgrouse,Pterocles gutturalis,,309,avibase-8B6EA5FA,ebird_single,Yellow-throated Sandgrouse,Pterocles gutturalis,2247,Pterocles gutturalis,yetsan1,Sandgrouse,Pterocliformes,LC,https://datazone.birdlife.org/species/factsheet/22692998,1,false,false,false,false,338,Grassland,3,2,Herbivore,Granivore,Terrestrial,810480.4,This map might contains errors,CJ: how sure are we about the northern records? Why is it now appearing up there…?
323,Feral Pigeon,Columba livia,,940,avibase-BBA263C2,ebird_single,Rock Dove,Columba livia,2703,Columba livia,rocpig,Doves and Pigeons,Columbiformes,LC,https://datazone.birdlife.org/species/factsheet/22690066,1,false,false,false,false,354.2,Human Modified,3,1,Herbivore,Granivore,Terrestrial,17464191.46,,
324,Speckled Pigeon,Columba guinea,,311,avibase-A6EA9F02,ebird_single,Speckled Pigeon,Columba guinea,2693,Columba guinea,spepig1,Doves and Pigeons,Columbiformes,LC,https://datazone.birdlife.org/species/factsheet/22690080,1,false,false,false,false,352,Shrubland,2,1,Herbivore,Granivore,Terrestrial,10557795.16,,
325,Olive Pigeon,Columba arquatrix,,312,avibase-EEDB8253,ebird_single,African Olive Pigeon,Columba arquatrix,2680,Columba arquatrix,rampig1,Doves and Pigeons,Columbiformes,LC,https://datazone.birdlife.org/species/factsheet/22690145,1,false,false,false,false,400,Forest,2,1,Herbivore,Frugivore,Insessorial,1486805.14,,
326,Bronze-naped Pigeon,Columba delegorguei,,313,avibase-870E4DDA,ebird_single,Eastern Bronze-naped Pigeon,Columba delegorguei,2648,Columba delegorguei,delpig1,Doves and Pigeons,Columbiformes,LC,https://datazone.birdlife.org/species/factsheet/22690359,1,false,false,false,false,133,Forest,2,1,Herbivore,Frugivore,Insessorial,232244.08,,
327,White-winged Dove,Streptopelia reichenowi,,1876,avibase-65FE8029,ebird_single,White-winged Collared Dove,Streptopelia reichenowi,2643,Streptopelia reichenowi,wwcdov1,Doves and Pigeons,Columbiformes,LC,https://datazone.birdlife.org/species/factsheet/22690529,1,false,false,false,false,119,Forest,2,1,Herbivore,Frugivore,Insessorial,153525.54,"Species not recorded during both the old and new atlas, but recorded in Kenya. This species occurs only in an area with high insecurity during the new altas period, thus few or no visits",
328,Ring-necked Dove,Streptopelia capicola,,316,avibase-AB937AEB,ebird_single,Ring-necked Dove,Streptopelia capicola,2626,Streptopelia capicola,rindov,Doves and Pigeons,Columbiformes,LC,https://datazone.birdlife.org/species/factsheet/22690488,1,false,false,false,false,142,Shrubland,3,1,Herbivore,Granivore,Terrestrial,9534302.21,,
329,Mourning Dove,Streptopelia decipiens,,315,avibase-70BD722B,ebird_single,Mourning Collared Dove,Streptopelia decipiens,2634,Streptopelia decipiens,afmdov1,Doves and Pigeons,Columbiformes,LC,https://datazone.birdlife.org/species/factsheet/22690477,1,false,false,false,false,134,Shrubland,2,1,Herbivore,Granivore,Terrestrial,7210175.11,,
330,Red-eyed Dove,Streptopelia semitorquata,,314,avibase-9888B3AE,ebird_single,Red-eyed Dove,Streptopelia semitorquata,2633,Streptopelia semitorquata,reedov1,Doves and Pigeons,Columbiformes,LC,https://datazone.birdlife.org/species/factsheet/22690499,1,false,false,false,false,176,Shrubland,3,1,Herbivore,Granivore,Terrestrial,13753343.72,,
331,Turtle Dove,Streptopelia turtur,,1005,avibase-5788552B,ebird_single,European Turtle Dove,Streptopelia turtur,2618,Streptopelia turtur,eutdov,Doves and Pigeons,Columbiformes,VU,https://datazone.birdlife.org/species/factsheet/22690419,1,false,false,false,false,132,Woodland,2,3,Herbivore,Granivore,Terrestrial,17578320.62,,CJ: These rare species maps don't make sense
332,Dusky Turtle Dove,Streptopelia lugens,,1874,avibase-8770C6A7,ebird_single,Dusky Turtle Dove,Streptopelia lugens,2623,Streptopelia lugens,dutdov1,Doves and Pigeons,Columbiformes,LC,https://datazone.birdlife.org/species/factsheet/22690432,1,false,false,false,false,155,Forest,3,1,Herbivore,Omnivore,Terrestrial,945579.48,,
333,Laughing Dove,Streptopelia senegalensis,,317,avibase-B2D6AB06,ebird_single,Laughing Dove,Spilopelia senegalensis,2580,Spilopelia senegalensis,laudov1,Doves and Pigeons,Columbiformes,LC,https://datazone.birdlife.org/species/factsheet/22690445,1,false,false,false,false,82.1,Woodland,3,1,Herbivore,Granivore,Terrestrial,28873137.27,,
334,Lemon Dove,Aplopelia larvata,,322,avibase-EE40DDB6,ebird_single,Lemon Dove,Aplopelia larvata,2598,Aplopelia larvata,lemdov2,Doves and Pigeons,Columbiformes,LC,https://datazone.birdlife.org/species/factsheet/22690384,1,false,false,false,false,155,Forest,2,1,Herbivore,Granivore,Terrestrial,2621498.99,This species is prone to misidentification and its maps might be affected by error.,"CJ: This increase is probably more due to observer skill and effort, not a real increase… "
335,Tambourine Dove,Turtur tympanistria,,319,avibase-7308278F,ebird_single,Tambourine Dove,Turtur tympanistria,2740,Turtur tympanistria,tamdov1,Doves and Pigeons,Columbiformes,LC,https://datazone.birdlife.org/species/factsheet/22690635,1,false,false,false,false,70.6,Forest,2,1,Herbivore,Granivore,Terrestrial,8134665.65,This species is prone to misidentification and its maps might be affected by error.,CJ: It would be interesting to know how many of these 'expansion' records were by ear and not actually SEEN. Am not sure I would trust most people's audio records to differentiate this and Em-spotted
336,Blue-spotted Wood Dove,Turtur afer,,320,avibase-23D5FC36,ebird_single,Blue-spotted Wood Dove,Turtur afer,2744,Turtur afer,bswdov1,Doves and Pigeons,Columbiformes,LC,https://datazone.birdlife.org/species/factsheet/22690628,1,false,false,false,false,65.6,Shrubland,2,1,Herbivore,Granivore,Terrestrial,10011361.74,,
337,Emerald-spotted Wood Dove,Turtur chalcospilos,,321,avibase-BDF442F2,ebird_single,Emerald-spotted Wood Dove,Turtur chalcospilos,2745,Turtur chalcospilos,eswdov1,Doves and Pigeons,Columbiformes,LC,https://datazone.birdlife.org/species/factsheet/22690621,1,false,false,false,false,60.6,Shrubland,2,1,Herbivore,Granivore,Terrestrial,5888722.68,,
338,Black-billed Wood Dove,Turtur abyssinicus,0,#N/A,avibase-72B71F11,ebird_single,Black-billed Wood Dove,Turtur abyssinicus,2746,Turtur abyssinicus,bbwdov1,Doves and Pigeons,Columbiformes,LC,https://datazone.birdlife.org/species/factsheet/22690614,1,false,false,false,false,62.7,Shrubland,2,1,Herbivore,Granivore,Terrestrial,3889636.7,,"Rejected by Zimmerman et al. 1996. See East African Rarities Committee (EARC) Special Report
Species included for East African countries in Britton (1980)
which have since been considered unacceptable. https://eararities.org/downloads/Fisher,%20Pearson%20&%20Hunter%202016.pdf"
339,Namaqua Dove,Oena capensis,,318,avibase-DDC2CC92,ebird_single,Namaqua Dove,Oena capensis,2736,Oena capensis,namdov1,Doves and Pigeons,Columbiformes,LC,https://datazone.birdlife.org/species/factsheet/22690645,1,false,false,false,false,40.6,Shrubland,3,2,Herbivore,Granivore,Terrestrial,9891692.7,,
340,Green Pigeon,Treron calva,,323,avibase-00146574,ebird_single,African Green Pigeon,Treron calvus,2812,Treron calvus,afrgrp1,Doves and Pigeons,Columbiformes,NE,,1,false,false,false,false,197.5,Forest,2,2,Herbivore,Frugivore,Insessorial,10739326.33,,
341,Bruce's Green Pigeon,Treron waalia,,1888,avibase-46C90944,ebird_single,Bruce's Green Pigeon,Treron waalia,2798,Treron waalia,brgpig1,Doves and Pigeons,Columbiformes,LC,https://datazone.birdlife.org/species/factsheet/22691212,1,false,false,false,false,254,Woodland,2,2,Herbivore,Frugivore,Insessorial,5454383.59,,
342,Red-fronted Parrot,Poicephalus gulielmi,,1656,avibase-83D329B5,ebird_single,Red-fronted Parrot,Poicephalus gulielmi,11366,Poicephalus gulielmi,refpar5,African and New World Parrots,Psittaciformes,LC,https://datazone.birdlife.org/species/factsheet/22685291,1,false,false,false,false,274.6,Forest,1,1,Herbivore,Omnivore,Insessorial,1483974.66,,
343,Orange-bellied Parrot,Poicephalus rufiventris,,1658,avibase-69661C7D,ebird_single,Red-bellied Parrot,Poicephalus rufiventris,11384,Poicephalus rufiventris,rebpar1,African and New World Parrots,Psittaciformes,LC,https://datazone.birdlife.org/species/factsheet/22685312,1,false,false,false,false,120,Shrubland,2,1,Herbivore,Omnivore,Insessorial,1544074.33,,
344,Brown Parrot,Poicephalus meyeri,,327,avibase-0ECD9D58,ebird_single,Meyer's Parrot,Poicephalus meyeri,11370,Poicephalus meyeri,meypar1,African and New World Parrots,Psittaciformes,LC,https://datazone.birdlife.org/species/factsheet/22685304,1,false,false,false,false,117.5,Grassland,2,1,Herbivore,Omnivore,Insessorial,5835819.27,,
345,Brown-headed Parrot,Poicephalus cryptoxanthus,,328,avibase-4A039821,ebird_single,Brown-headed Parrot,Poicephalus cryptoxanthus,11380,Poicephalus cryptoxanthus,brhpar2,African and New World Parrots,Psittaciformes,LC,https://datazone.birdlife.org/species/factsheet/22685317,1,false,false,false,false,140,Woodland,3,1,Herbivore,Omnivore,Insessorial,1182606.67,This map might contains errors,
346,Grey Parrot,Psittacus erithacus,,1664,avibase-A20878F0,ebird_single,Grey Parrot,Psittacus erithacus,11358,Psittacus erithacus,grepar,African and New World Parrots,Psittaciformes,EN,https://datazone.birdlife.org/species/factsheet/22724813,1,false,false,false,false,333,Forest,1,1,Herbivore,Omnivore,Insessorial,2732037.72,,
347,Red-headed Lovebird,Agapornis pullaria,,1640,avibase-1E2EC99C,ebird_single,Red-headed Lovebird,Agapornis pullarius,12112,Agapornis pullarius,rehlov1,Old World Parrots,Psittaciformes,LC,https://datazone.birdlife.org/species/factsheet/22685330,1,false,false,false,false,39.3,Woodland,3,1,Herbivore,Granivore,Terrestrial,2650780.74,This map might contains errors,
348,Yellow-collared Lovebird,Agapornis personata,349,#N/A,avibase-4396F4F1,ebird_single,Yellow-collared Lovebird,Agapornis personatus,12120,Agapornis personatus,yeclov,Old World Parrots,Psittaciformes,LC,https://datazone.birdlife.org/species/factsheet/22685352,1,false,false,false,false,52.4,Shrubland,2,1,Herbivore,Granivore,Terrestrial,203564,,Folded into SEQ 349 Fischer's Lovebird. NOT taxonomic - Agapornis personatus remains a valid species in AviList v2025b. Kenyan birds form a fischeri x personatus hybrid swarm and are mapped as one concept (eBird hybrid x00671). Identification decision; 9 squares (1970-1984).
349,Fischer's Lovebird,Agapornis fischeri,,10031,avibase-7B0E2F01,manual,Fischer's Lovebird,Agapornis fischeri,12119,Agapornis fischeri,,Old World Parrots,Psittaciformes,NT,https://datazone.birdlife.org/species/factsheet/22685346,1,false,false,false,false,48.3,Woodland,3,1,Herbivore,Granivore,Insessorial,133888.77,Records in the old atlas of both Yellow-collared Lovebird and Fischer's Lovebird are lumped.,"No pure Fischer's Lovebird is accepted in Kenya - Kenyan birds are a fischeri x personatus hybrid swarm (see SEQ 348). fislov1 (species-level, GroupCount 0) removed from data/eBird/sp_ebird.xlsx; avibase_id and ebird crosswalk now point to eBird's own hybrid taxon x00671 / avibase-7B0E2F01 (Fischer's x Yellow-collared Lovebird), which carries the real Kenyan records. ebird_code left blank rather than fislov1 so the website does not offer a dead/misleading species-level link."
350,Rose-ringed Parrakeet,Psittacula krameri,,0,avibase-6B1CFC3C,ebird_single,Rose-ringed Parakeet,Psittacula krameri,11950,Psittacula krameri,rorpar,Old World Parrots,Psittaciformes,LC,https://datazone.birdlife.org/species/factsheet/22685441,1,false,false,false,false,116.1,Forest,2,1,Herbivore,Omnivore,Insessorial,7699517.77956872,,
351,Great Blue Turaco,Corythaeola cristata,,1696,avibase-002445CB,ebird_single,Great Blue Turaco,Corythaeola cristata,1704,Corythaeola cristata,grbtur1,Turacos,Musophagiformes,LC,https://datazone.birdlife.org/species/factsheet/22688425,1,false,false,false,false,965,Forest,1,1,Herbivore,Frugivore,Insessorial,3896093.97,,
352,Eastern Grey Plantain-eater,Crinifer zonurus,,1704,avibase-10B14696,ebird_single,Eastern Plantain-eater,Crinifer zonurus,1716,Crinifer zonurus,easple1,Turacos,Musophagiformes,LC,https://datazone.birdlife.org/species/factsheet/22688420,1,false,false,false,false,527,Grassland,3,1,Herbivore,Frugivore,Insessorial,1014236.61,,
353,Bare-faced Go-away-bird,Corythaixoides personata,,1700,avibase-215428B0,ebird_single,Bare-faced Go-away-bird,Crinifer personatus,1711,Crinifer personatus,bfgbir1,Turacos,Musophagiformes,NE,,1,false,false,false,false,250,Woodland,2,1,Herbivore,Frugivore,Insessorial,52976.1,,CJ: expansion due to climate change? Drying habitats??
354,White-bellied Go-away-bird,Corythaixoides leucogaster,,1698,avibase-2AA4BC58,ebird_single,White-bellied Go-away-bird,Crinifer leucogaster,1714,Crinifer leucogaster,wbgbir1,Turacos,Musophagiformes,LC,https://datazone.birdlife.org/species/factsheet/22688410,1,false,false,false,false,216.2,Grassland,2,1,Herbivore,Omnivore,Insessorial,2293621.91,This map might contains errors,CJ: What's with the comment about errors for this easy-to-ID species??
355,Fischer's Turaco,Tauraco fischeri,,1716,avibase-D5846D2A,ebird_single,Fischer's Turaco,Tauraco fischeri,1752,Tauraco fischeri,fistur1,Turacos,Musophagiformes,NT,https://datazone.birdlife.org/species/factsheet/22688327,1,false,false,false,false,250,Forest,1,1,Herbivore,Frugivore,Insessorial,48655.56,,
356,Livingstone's Turaco,Tauraco livingstonii,,338,avibase-22952180,ebird_single,Schalow's Turaco,Tauraco schalowi,1741,Tauraco schalowi,schtur1,Turacos,Musophagiformes,LC,https://datazone.birdlife.org/species/factsheet/22688323,1,false,false,false,false,206.4,Forest,1,1,Herbivore,Frugivore,Insessorial,1899419.96,,
357,Black-billed Turaco,Tauraco schuetti,,1730,avibase-C9A1C773,ebird_single,Black-billed Turaco,Tauraco schuettii,1738,Tauraco schuettii,blbtur1,Turacos,Musophagiformes,LC,https://datazone.birdlife.org/species/factsheet/22688316,1,false,false,false,false,235,Forest,1,1,Herbivore,Frugivore,Insessorial,2085207.97,,
358,Hartlaub's Turaco,Tauraco hartlaubi,,1718,avibase-94214F1C,ebird_single,Hartlaub's Turaco,Tauraco hartlaubi,1751,Tauraco hartlaubi,hartur1,Turacos,Musophagiformes,LC,https://datazone.birdlife.org/species/factsheet/22688365,1,false,false,false,false,224,Forest,1,1,Herbivore,Frugivore,Insessorial,264805.15,,CJ: Interesting that this regional endemic has spread - maybe it's more adaptable to living in semi-agricultural land??
359,White-crested Turaco,Tauraco leucolophus,,1720,avibase-FF2AF138,ebird_single,White-crested Turaco,Tauraco leucolophus,1737,Tauraco leucolophus,whctur2,Turacos,Musophagiformes,LC,https://datazone.birdlife.org/species/factsheet/22688369,1,false,false,false,false,219,Forest,2,1,Herbivore,Frugivore,Insessorial,1433202.57,,CJ: This loss to the south is probably real - habitat change
360,Violet-crested Turaco,Tauraco porphyreolophus,,337,avibase-76E45A19,ebird_single,Purple-crested Turaco,Gallirex porphyreolophus,1718,Gallirex porphyreolophus,puctur2,Turacos,Musophagiformes,LC,https://datazone.birdlife.org/species/factsheet/22688380,1,false,false,false,false,259,Woodland,2,1,Herbivore,Frugivore,Insessorial,2166499.58,,
361,Ross's Turaco,Musophaga rossae,,942,avibase-2C7BA3A6,ebird_single,Ross's Turaco,Tauraco rossae,1732,Tauraco rossae,rostur1,Turacos,Musophagiformes,LC,https://datazone.birdlife.org/species/factsheet/22688391,1,false,false,false,false,361.4,Forest,2,1,Herbivore,Frugivore,Insessorial,3088906.06,,
362,Great Spotted Cuckoo,Clamator glandarius,,346,avibase-3D67C56A,ebird_single,Great Spotted Cuckoo,Clamator glandarius,2005,Clamator glandarius,grscuc1,Cuckoos,Cuculiformes,LC,https://datazone.birdlife.org/species/factsheet/22683819,1,false,false,false,false,143,Shrubland,2,3,Carnivore,Invertivore,Insessorial,13672737.21,,"CJ: Yes, this decline is surely correct"
363,Black and white Cuckoo,Clamator jacobinus,,348,avibase-BF0A0954,ebird_single,Jacobin Cuckoo,Clamator jacobinus,2007,Clamator jacobinus,piecuc1,Cuckoos,Cuculiformes,LC,https://datazone.birdlife.org/species/factsheet/22683800,1,false,false,false,false,79.4,Grassland,2,3,Carnivore,Invertivore,Insessorial,16118043.62,,
364,Levaillant's Cuckoo,Clamator levaillantii,,347,avibase-3C8C3A31,ebird_single,Levaillant's Cuckoo,Clamator levaillantii,2006,Clamator levaillantii,levcuc1,Cuckoos,Cuculiformes,LC,https://datazone.birdlife.org/species/factsheet/22683808,1,false,false,false,false,122,Grassland,2,3,Carnivore,Invertivore,Insessorial,9843346.04,,
365,Red-chested Cuckoo,Cuculus solitarius,,343,avibase-26A34DA5,ebird_single,Red-chested Cuckoo,Cuculus solitarius,2203,Cuculus solitarius,reccuc1,Cuckoos,Cuculiformes,LC,https://datazone.birdlife.org/species/factsheet/22683862,1,false,false,false,false,76.7,Forest,2,2,Carnivore,Invertivore,Insessorial,12082464.27,,
366,Black Cuckoo,Cuculus clamosus,,344,avibase-EDB84334,ebird_single,Black Cuckoo,Cuculus clamosus,2200,Cuculus clamosus,blacuc1,Cuckoos,Cuculiformes,LC,https://datazone.birdlife.org/species/factsheet/22683866,1,false,false,false,false,78.8,Forest,2,3,Carnivore,Invertivore,Insessorial,11853670.65,This map might contains errors,CJ: I think there are records submitted as this which are in fact Black Cuckoo-Shrike. The northern coastal records I seriously doubt unless seen by someone who really knows their birds or photographed and confirmed.
367,African Cuckoo,Cuculus gularis,,341,avibase-66931B3F,ebird_single,African Cuckoo,Cuculus gularis,2209,Cuculus gularis,afrcuc1,Cuckoos,Cuculiformes,LC,https://datazone.birdlife.org/species/factsheet/22683879,1,false,true,false,false,103,Shrubland,2,2,Carnivore,Invertivore,Insessorial,12409053.89,This species is prone to misidentification and its maps might be affected by error.,
368,Eurasian Cuckoo,Cuculus canorus,,340,avibase-B3D2C3C5,ebird_single,Common Cuckoo,Cuculus canorus,2213,Cuculus canorus,comcuc,Cuckoos,Cuculiformes,LC,https://datazone.birdlife.org/species/factsheet/22683873,1,false,false,true,false,111.4,Forest,2,3,Carnivore,Invertivore,Insessorial,37338142.79,This species is prone to misidentification and its maps might be affected by error.,
369,Lesser Cuckoo,Cuculus poliocephalus,,4130,avibase-FF41B79F,ebird_single,Lesser Cuckoo,Cuculus poliocephalus,2204,Cuculus poliocephalus,lescuc1,Cuckoos,Cuculiformes,LC,https://datazone.birdlife.org/species/factsheet/22683889,1,false,false,true,false,46.6,Forest,1,3,Carnivore,Invertivore,Insessorial,5291320.75,This species is prone to misidentification and its maps might be affected by error.,
370,Thick-billed Cuckoo,Pachycoccyx audeberti,,345,avibase-2AD52363,ebird_single,Thick-billed Cuckoo,Pachycoccyx audeberti,2057,Pachycoccyx audeberti,thbcuc1,Cuckoos,Cuculiformes,LC,https://datazone.birdlife.org/species/factsheet/22683823,1,false,false,false,false,102.9,Forest,2,1,Carnivore,Invertivore,Insessorial,4407880.92,,
371,Barred Long-tailed Cuckoo,Cercococcyx montanus,,923,avibase-B8D42059,ebird_single,Barred Long-tailed Cuckoo,Cercococcyx montanus,2172,Cercococcyx montanus,bltcuc1,Cuckoos,Cuculiformes,LC,https://datazone.birdlife.org/species/factsheet/22683913,1,false,false,false,false,58.2,Forest,1,1,Carnivore,Invertivore,Insessorial,733955.71,,
372,Emerald Cuckoo,Chrysococcyx cupreus,,350,avibase-1B309CB5,ebird_single,African Emerald Cuckoo,Chrysococcyx cupreus,2100,Chrysococcyx cupreus,afecuc1,Cuckoos,Cuculiformes,LC,https://datazone.birdlife.org/species/factsheet/22684021,1,false,false,false,false,37.7,Forest,2,1,Carnivore,Invertivore,Insessorial,11402508.04,,
373,Klaas's Cuckoo,Chrysococcyx klaas,,351,avibase-1FACD210,ebird_single,Klaas's Cuckoo,Chrysococcyx klaas,2098,Chrysococcyx klaas,klacuc1,Cuckoos,Cuculiformes,LC,https://datazone.birdlife.org/species/factsheet/22684017,1,false,false,false,false,27.4,Shrubland,2,1,Carnivore,Invertivore,Insessorial,14138608.99,,
374,Didric Cuckoo,Chrysococcyx caprius,,352,avibase-0482FA7E,ebird_single,Diederik Cuckoo,Chrysococcyx caprius,2097,Chrysococcyx caprius,didcuc1,Cuckoos,Cuculiformes,LC,https://datazone.birdlife.org/species/factsheet/22684026,1,false,false,false,false,32.8,Shrubland,2,1,Carnivore,Invertivore,Insessorial,17768023.87,,
375,Blue-headed Coucal,Centropus monachus,,1628,avibase-7C879D6D,ebird_single,Blue-headed Coucal,Centropus monachus,1910,Centropus monachus,blhcou2,Cuckoos,Cuculiformes,LC,https://datazone.birdlife.org/species/factsheet/22684276,1,false,false,false,false,201.3,Wetland,1,1,Carnivore,Omnivore,Terrestrial,2920157.62,This map might contains errors,
376,Senegal Coucal,Centropus senegalensis,,355,avibase-4A83155B,ebird_single,Senegal Coucal,Centropus senegalensis,1906,Centropus senegalensis,sencou1,Cuckoos,Cuculiformes,LC,https://datazone.birdlife.org/species/factsheet/22684284,1,false,false,false,false,169,Shrubland,2,1,Carnivore,Vertivore,Terrestrial,9875812.37,,
377,White-browed Coucal,Centropus superciliosus,,1036,avibase-4B2A7A35,sci_name_ebird,White-browed Coucal,Centropus superciliosus,1917,Centropus superciliosus,whbcou2,Cuckoos,Cuculiformes,NE,,1,false,false,false,false,148.5,Wetland,1,1,Carnivore,Invertivore,Terrestrial,7292900.16,,
378,Black Coucal,Centropus grillii,,353,avibase-DB09507D,ebird_single,Black Coucal,Centropus grillii,1937,Centropus grillii,blacou1,Cuckoos,Cuculiformes,LC,https://datazone.birdlife.org/species/factsheet/22684249,1,false,false,false,false,122.9,Grassland,2,2,Carnivore,Invertivore,Terrestrial,8530549.35,,
379,Yellowbill,Ceuthmochares aereus,,0,avibase-DC83C05D,manual,Blue/Green Malkoha,Ceuthmochares sp.,1963,Ceuthmochares aereus|Ceuthmochares australis,yellow5|yellow6,Cuckoos,Cuculiformes,LC,,2,false,false,false,false,65.8,Forest,1,1,Carnivore,Invertivore,Insessorial,4005421.1,,CJ: Intriguing re the 'expansion' into central Kenya - which race / species is this one? 
380,Cape Grass Owl,Tyto capensis,,360,avibase-B21A37E7,ebird_single,African Grass Owl,Tyto capensis,7196,Tyto capensis,afgowl1,Bay Owls and Barn Owls,Strigiformes,LC,https://datazone.birdlife.org/species/factsheet/22688514,1,false,false,false,false,364.7,Grassland,3,2,Carnivore,Vertivore,Generalist,2692718.84,,
381,Barn Owl,Tyto alba,,359,avibase-6B54759B,ebird_single,American Barn Owl,Tyto furcata,7216,Tyto furcata,brnowl,Bay Owls and Barn Owls,Strigiformes,NE,,1,false,false,false,false,403.3,Human Modified,3,1,Carnivore,Vertivore,Insessorial,63140525.19,,
382,Scops Owl,Otus scops,,0,avibase-80603CB9,manual,African/Eurasian Scops Owl,Otus sp.,7565,Otus senegalensis|Otus scops,afsowl1|eursco1,Owls,Strigiformes,LC,,2,false,false,false,false,92,Woodland,2,3,Carnivore,Invertivore,Insessorial,8778464.51,,"Historical lump of 2 species, treated as one taxon (Otus scops) in the 1970-1984 atlas: African Scops-Owl (Otus senegalensis, 662 Kenyan eBird records 2009-2023); Eurasian Scops-Owl (Otus scops, 14 Kenyan eBird records 2009-2023). At least one member was already a distinct, field-separable species during the atlas era; old-atlas records for this concept may include unseparated or misidentified individuals of either."
383,Sokoke Scops Owl,Otus ireneae,,1780,avibase-75194A63,ebird_single,Sokoke Scops Owl,Otus ireneae,7489,Otus ireneae,sosowl1,Owls,Strigiformes,EN,https://datazone.birdlife.org/species/factsheet/22688565,1,false,false,false,false,50.3,Forest,1,1,Carnivore,Invertivore,Insessorial,634.79,,
384,White-faced Scops Owl,Otus leucotis,,0,avibase-53E6B684,manual,Northern/Southern White-faced Owl,Ptilopsis sp.,7609,Ptilopsis leucotis|Ptilopsis granti,nwfowl1|swfowl1,Owls,Strigiformes,LC,,2,false,false,false,false,214.4,Woodland,3,1,Carnivore,Invertivore,Insessorial,7822704.31,,"Historical lump of 2 species, treated as one taxon (Otus leucotis) in the 1970-1984 atlas: Northern White-faced Owl (Ptilopsis leucotis, 601 Kenyan eBird records 2009-2023); Southern White-faced Owl (Ptilopsis granti, 25 Kenyan eBird records 2009-2023). At least one member was already a distinct, field-separable species during the atlas era; old-atlas records for this concept may include unseparated or misidentified individuals of either."
385,Cape Eagle Owl,Bubo capensis,,367,avibase-3CD0F535,ebird_single,Cape Eagle-Owl,Bubo capensis,7672,Bubo capensis,caeowl1,Owls,Strigiformes,LC,https://datazone.birdlife.org/species/factsheet/22688944,1,false,false,false,false,1118.6,Shrubland,2,1,Carnivore,Vertivore,Insessorial,1905194.15,,
386,Spotted Eagle Owl,Bubo africanus,,0,avibase-38E24616,manual,Greyish/Spotted Eagle-Owl,Bubo sp.,7695,Bubo cinerascens|Bubo africanus,graeao1|spoeao2,Owls,Strigiformes,LC,,2,false,false,false,false,645,Rock,2,1,Carnivore,Vertivore,Generalist,9185929.09,,"Historical lump of 2 species, treated as one taxon (Bubo africanus) in the 1970-1984 atlas: Grayish Eagle-Owl (Bubo cinerascens, 493 Kenyan eBird records 2009-2023); Spotted Eagle-Owl (Bubo africanus, 668 Kenyan eBird records 2009-2023). At least one member was already a distinct, field-separable species during the atlas era; old-atlas records for this concept may include unseparated or misidentified individuals of either."
387,Verreaux's Eagle Owl,Bubo lacteus,,369,avibase-EBD3129B,ebird_single,Verreaux's Eagle-Owl,Ketupa lactea,7707,Ketupa lactea,veeowl1,Owls,Strigiformes,LC,https://datazone.birdlife.org/species/factsheet/22688986,1,false,false,false,false,2114.9,Woodland,3,1,Carnivore,Vertivore,Insessorial,11298632.02,,
388,Pel's Fishing Owl,Scotopelia peli,,370,avibase-034B2A6A,ebird_single,Pel's Fishing Owl,Scotopelia peli,7699,Scotopelia peli,pefowl1,Owls,Strigiformes,LC,https://datazone.birdlife.org/species/factsheet/22689032,1,false,false,false,false,1942.8,Wetland,1,1,Carnivore,Aquatic predator,Insessorial,4649310.2,"This species occurs only in an area with high insecurity during the new altas period, thus few or no visits",
389,African Wood Owl,Ciccaba woodfordii,,362,avibase-2E6575A8,ebird_single,African Wood Owl,Strix woodfordii,7915,Strix woodfordii,afwowl1,Owls,Strigiformes,LC,https://datazone.birdlife.org/species/factsheet/22689166,1,false,false,false,false,350,Forest,1,1,Carnivore,Invertivore,Insessorial,9861983.74,,
390,Barred Owlet,Glaucidium capense,,366,avibase-77FEB897,ebird_single,African Barred Owlet,Glaucidium capense,7472,Glaucidium capense,afbowl1,Owls,Strigiformes,NE,,1,false,false,false,false,122,Forest,2,1,Carnivore,Invertivore,Insessorial,4071921.71,,
391,Pearl-spotted Owlet,Glaucidium perlatum,,365,avibase-70CB00EC,ebird_single,Pearl-spotted Owlet,Glaucidium perlatum,7411,Glaucidium perlatum,pesowl1,Owls,Strigiformes,LC,https://datazone.birdlife.org/species/factsheet/22689203,1,false,false,false,false,79.2,Shrubland,2,1,Carnivore,Invertivore,Insessorial,11923401.87,,
392,Red-chested Owlet,Glaucidium tephronotum,,1764,avibase-E05A96F3,ebird_single,Red-chested Owlet,Glaucidium tephronotum,7453,Glaucidium tephronotum,recowl1,Owls,Strigiformes,LC,https://datazone.birdlife.org/species/factsheet/22689267,1,false,false,false,false,87.4,Forest,1,1,Carnivore,Invertivore,Insessorial,2054685.26,,
393,Long-eared Owl,Asio otus,,1738,avibase-FC4D40D2,ebird_single,Long-eared Owl,Asio otus,7646,Asio otus,loeowl,Owls,Strigiformes,LC,https://datazone.birdlife.org/species/factsheet/22689507,1,false,false,false,false,296.6,Forest,2,2,Carnivore,Vertivore,Aerial,27618929.92,,
394,African Marsh Owl,Asio capensis,,361,avibase-83E21A84,ebird_single,Marsh Owl,Asio capensis,7613,Asio capensis,marowl2,Owls,Strigiformes,LC,https://datazone.birdlife.org/species/factsheet/22689535,1,false,false,false,false,334,Grassland,3,1,Carnivore,Vertivore,Generalist,7302556.68,,
395,Short-eared Owl,Asio flammeus,,1740,avibase-8F123A11,ebird_single,Short-eared Owl,Asio flammeus,7617,Asio flammeus,sheowl,Owls,Strigiformes,LC,https://datazone.birdlife.org/species/factsheet/22689531,1,false,false,false,false,322.6,Grassland,3,3,Carnivore,Vertivore,Aerial,39874062.36,,
396,Star-spotted Nightjar,Caprimulqus stellatus,,1836,avibase-CE884D49,ebird_single,Star-spotted Nightjar,Caprimulgus stellatus,5689,Caprimulgus stellatus,stsnig1,Nightjars and Nighthawks,Caprimulgiformes,LC,https://datazone.birdlife.org/species/factsheet/22689981,1,false,false,false,false,58.2,Grassland,3,1,Carnivore,Invertivore,Aerial,123669.26,,
397,Fiery-necked Nightjar,Caprimulqus pectoralis,,0,avibase-7E3578A2,ebird_single,Fiery-necked Nightjar,Caprimulgus pectoralis,5668,Caprimulgus pectoralis,finnig1,Nightjars and Nighthawks,Caprimulgiformes,LC,https://datazone.birdlife.org/species/factsheet/22730097,1,false,false,false,false,51.4,Woodland,2,2,Carnivore,Invertivore,Generalist,5725005.93,,CJ: Lack of atlassing in these squares where there is a 'decline'? Esp atlassing that would search for nocturnal spp
398,Montane Nightjar,Caprimulqus poliocephalus,,357,avibase-FB96690D,ebird_single,Montane Nightjar,Caprimulgus poliocephalus,5674,Caprimulgus poliocephalus,monnig1,Nightjars and Nighthawks,Caprimulgiformes,LC,https://datazone.birdlife.org/species/factsheet/22730103,1,false,false,false,false,41.8,Forest,2,2,Carnivore,Invertivore,Aerial,807034.95,,
399,Nubian Nightjar,Caprimulqus nubicus,,1830,avibase-626D56E4,ebird_single,Nubian Nightjar,Caprimulgus nubicus,5642,Caprimulgus nubicus,nubnig1,Nightjars and Nighthawks,Caprimulgiformes,LC,https://datazone.birdlife.org/species/factsheet/22689912,1,false,true,false,false,49.3,Shrubland,2,2,Carnivore,Invertivore,Aerial,654647.83,,
400,Dusky Nightjar,Caprimulqus fraenatus,,1824,avibase-E93A0F33,ebird_single,Sombre Nightjar,Caprimulgus fraenatus,5635,Caprimulgus fraenatus,somnig1,Nightjars and Nighthawks,Caprimulgiformes,LC,https://datazone.birdlife.org/species/factsheet/22689893,1,false,false,false,false,59.7,Shrubland,2,1,Carnivore,Invertivore,Aerial,543293.67,,
401,Eurasian Nightjar,Caprimulgus europaeus,,371,avibase-80D4B0FE,ebird_single,European Nightjar,Caprimulgus europaeus,5628,Caprimulgus europaeus,eurnig1,Nightjars and Nighthawks,Caprimulgiformes,LC,https://datazone.birdlife.org/species/factsheet/22689887,1,false,false,true,false,67,Shrubland,2,3,Carnivore,Invertivore,Aerial,19002486.05,,CJ: I suspect the increase shown is due to greater interest and knowledge of nightjars than a 'real' increase
402,Plain Nightjar,Caprimulqus inornatus,,1826,avibase-7C3959D6,ebird_single,Plain Nightjar,Caprimulgus inornatus,5688,Caprimulgus inornatus,planig1,Nightjars and Nighthawks,Caprimulgiformes,LC,https://datazone.birdlife.org/species/factsheet/22689977,1,false,true,false,false,50.3,Grassland,3,1,Carnivore,Invertivore,Generalist,3310936.5,,
403,Freckled Nightjar,Caprimulqus tristigma,,374,avibase-E3C780D6,ebird_single,Freckled Nightjar,Caprimulgus tristigma,5701,Caprimulgus tristigma,frenig1,Nightjars and Nighthawks,Caprimulgiformes,LC,https://datazone.birdlife.org/species/factsheet/22689988,1,false,false,false,false,79,Rock,3,1,Carnivore,Invertivore,Aerial,4557630.15,This species is prone to misidentification and its maps might be affected by error.,CJ: This is a crazy increase for this species! Is it seriously 'real'?? 
404,Donaldson-Smith's Nightjar,Caprimulqus donaldsoni,,1818,avibase-D1D9B619,ebird_single,Donaldson Smith's Nightjar,Caprimulgus donaldsoni,5667,Caprimulgus donaldsoni,dosnig1,Nightjars and Nighthawks,Caprimulgiformes,LC,https://datazone.birdlife.org/species/factsheet/22689940,1,false,false,false,false,29,Shrubland,2,1,Carnivore,Invertivore,Aerial,751577.81,This species is prone to misidentification and its maps might be affected by error.,CJ: For all the nightjars… it might be worth adding a comment about the difficulty in ID'ing them? 
405,White-tailed Nightjar,Caprimulqus natalensis,,375,avibase-52E6406E,ebird_single,Swamp Nightjar,Caprimulgus natalensis,5685,Caprimulgus natalensis,swanig1,Nightjars and Nighthawks,Caprimulgiformes,LC,https://datazone.birdlife.org/species/factsheet/22689972,1,false,false,false,false,77.7,Forest,2,1,Carnivore,Invertivore,Aerial,2207800.39,,
406,Slender-tailed Nightjar,Caprimulqus clarus,,1814,avibase-54494BCE,ebird_single,Slender-tailed Nightjar,Caprimulgus clarus,5717,Caprimulgus clarus,sltnig1,Nightjars and Nighthawks,Caprimulgiformes,LC,https://datazone.birdlife.org/species/factsheet/22690012,1,false,false,false,false,42.5,Shrubland,2,1,Carnivore,Invertivore,Aerial,1225629.63,,
407,Long-tailed Nightjar,Caprimulqus climacurus,,1816,avibase-A20EA34D,ebird_single,Long-tailed Nightjar,Caprimulgus climacurus,5713,Caprimulgus climacurus,lotnig1,Nightjars and Nighthawks,Caprimulgiformes,LC,https://datazone.birdlife.org/species/factsheet/22690008,1,false,false,false,false,45.8,Forest,2,1,Carnivore,Invertivore,Aerial,7239636.45,,
408,Gabon Nightjar,Caprimulqus fossii,,376,avibase-4FD242D0,ebird_single,Square-tailed Nightjar,Caprimulgus fossii,5718,Caprimulgus fossii,sqtnig1,Nightjars and Nighthawks,Caprimulgiformes,LC,https://datazone.birdlife.org/species/factsheet/22690016,1,false,false,false,false,58.3,Forest,2,1,Carnivore,Invertivore,Aerial,5155775.73,There is likely an error of identification or taxnomy with the old atlas data,
409,Standard-winged Nightjar,Macrodipteryx longipennis,,1838,avibase-D36F4D98,ebird_single,Standard-winged Nightjar,Caprimulgus longipennis,5617,Caprimulgus longipennis,stwnig1,Nightjars and Nighthawks,Caprimulgiformes,LC,https://datazone.birdlife.org/species/factsheet/22690021,1,false,true,false,false,48,Grassland,3,2,Carnivore,Invertivore,Aerial,3883244.3,,
410,Pennant-winged Nightjar,Macrodipteryx vexillarius,,377,avibase-A526534E,ebird_single,Pennant-winged Nightjar,Caprimulgus vexillarius,5616,Caprimulgus vexillarius,pewnig1,Nightjars and Nighthawks,Caprimulgiformes,LC,https://datazone.birdlife.org/species/factsheet/22690025,1,false,true,false,false,72.2,Woodland,3,2,Carnivore,Invertivore,Aerial,3406683.13,,
411,Sabine's Spinetail,Rhaphidura sabini,,1686,avibase-1E12D857,ebird_single,Sabine's Spinetail,Rhaphidura sabini,5870,Rhaphidura sabini,sabspi1,Swifts,Apodiformes,LC,https://datazone.birdlife.org/species/factsheet/22686664,1,false,false,false,false,16,Forest,1,1,Carnivore,Invertivore,Aerial,1774423.81,,
412,Mottle-throated Spinetail,Telacanthura ussheri,,388,avibase-8ACC245F,ebird_single,Mottled Spinetail,Telacanthura ussheri,5879,Telacanthura ussheri,motspi1,Swifts,Apodiformes,LC,https://datazone.birdlife.org/species/factsheet/22686652,1,false,false,false,false,32.6,Woodland,1,1,Carnivore,Invertivore,Aerial,5188546,,CJ: Interesting supposed decline in this distribution - I guess it could be…
413,Böhm's Spinetail,Neafrapus boehmi,,389,avibase-0D52DFC7,ebird_single,Böhm's Spinetail,Neafrapus boehmi,5874,Neafrapus boehmi,balspi1,Swifts,Apodiformes,LC,https://datazone.birdlife.org/species/factsheet/22686672,1,false,false,false,false,14.4,Woodland,1,2,Carnivore,Invertivore,Aerial,1674288.3,,
414,Scarce Swift,Schoutedenapus myoptilus,,904,avibase-8439A6E7,ebird_single,Scarce Swift,Schoutedenapus myoptilus,5983,Schoutedenapus myoptilus,scaswi1,Swifts,Apodiformes,LC,https://datazone.birdlife.org/species/factsheet/157470471,1,false,false,false,false,23.5,Forest,1,2,Carnivore,Invertivore,Aerial,384804.79,This species is prone to misidentification and its maps might be affected by error.,CJ: I think a note about the difficult of ID'ing this and other 'black swifts' is worth including…
415,African Palm Swift,Cypsiurus parvus,,387,avibase-DA106373,ebird_single,African Palm Swift,Cypsiurus parvus,5954,Cypsiurus parvus,afpswi1,Swifts,Apodiformes,LC,https://datazone.birdlife.org/species/factsheet/155257123,1,false,false,false,false,13.6,Shrubland,1,1,Carnivore,Invertivore,Aerial,15963964.24,,CJ: This sp is def associated with human habitation as so many people like to plant palms and thus create habitat for them…
416,Mottled Swift,Apus aequatorialis,,382,avibase-91429F78,ebird_single,Mottled Swift,Tachymarptis aequatorialis,5965,Tachymarptis aequatorialis,motswi2,Swifts,Apodiformes,LC,https://datazone.birdlife.org/species/factsheet/22686788,1,false,false,false,false,92.8,Shrubland,1,2,Carnivore,Invertivore,Aerial,1399846.87,,
417,Alpine Swift,Apus melba,,386,avibase-FA1CAD29,ebird_single,Alpine Swift,Tachymarptis melba,5971,Tachymarptis melba,alpswi1,Swifts,Apodiformes,LC,https://datazone.birdlife.org/species/factsheet/22686774,1,false,false,false,false,100.4,Rock,1,3,Carnivore,Invertivore,Aerial,7307949.41,,
418,Eurasian Swift,Apus apus,,378,avibase-4E6EF3F9,ebird_single,Common Swift,Apus apus,6032,Apus apus,comswi,Swifts,Apodiformes,LC,https://datazone.birdlife.org/species/factsheet/22686800,1,false,false,true,false,37.6,Human Modified,1,3,Carnivore,Invertivore,Aerial,24779919.71,This species is prone to misidentification and its maps might be affected by error.,
419,Black Swift,Apus barbatus,,380,avibase-DEE4829A,ebird_single,African Black Swift,Apus barbatus,6019,Apus barbatus,afrswi1,Swifts,Apodiformes,NE,,1,false,false,false,false,42.8,Rock,1,2,Carnivore,Invertivore,Aerial,1200605.42,This species is prone to misidentification and its maps might be affected by error.,CJ: YES! I cannot believe that the species has spread quite so much. This is def an 
420,Forbes-Watson's Swift,Apus berliozi,,1674,avibase-45D3FD5A,ebird_single,Forbes-Watson's Swift,Apus berliozi,6028,Apus berliozi,fowswi1,Swifts,Apodiformes,LC,https://datazone.birdlife.org/species/factsheet/22686831,1,false,true,false,false,38.2,Rock,1,2,Carnivore,Invertivore,Aerial,204574.56,This species is prone to misidentification and its maps might be affected by error.,
421,Nyanza Swift,Apus niansae,,1676,avibase-2103011F,ebird_single,Nyanza Swift,Apus niansae,6010,Apus niansae,nyaswi1,Swifts,Apodiformes,LC,https://datazone.birdlife.org/species/factsheet/22686811,1,false,false,false,false,32.5,Rock,1,2,Carnivore,Invertivore,Aerial,381006.41,,
422,White-rumped Swift,Apus caffer,,383,avibase-FA9F6019,ebird_single,White-rumped Swift,Apus caffer,5995,Apus caffer,whrswi1,Swifts,Apodiformes,LC,https://datazone.birdlife.org/species/factsheet/22686882,1,false,false,false,false,22.1,Shrubland,1,3,Carnivore,Invertivore,Aerial,12490681.95,,
423,Horus Swift,Apus horus,,384,avibase-FF79A533,ebird_single,Horus Swift,Apus horus,5997,Apus horus,horswi1,Swifts,Apodiformes,LC,https://datazone.birdlife.org/species/factsheet/22724997,1,false,false,false,false,27.5,Shrubland,1,2,Carnivore,Invertivore,Aerial,2043600.71,,
424,Little Swift,Apus affinis,,385,avibase-D209A90C,ebird_single,Little Swift,Apus affinis,6003,Apus affinis,litswi1,Swifts,Apodiformes,LC,https://datazone.birdlife.org/species/factsheet/22686856,1,false,false,false,false,22.6,Human Modified,1,3,Carnivore,Invertivore,Aerial,22143832.39,,
425,Speckled Mousebird,Colius striatus,,390,avibase-1FDDABDB,ebird_single,Speckled Mousebird,Colius striatus,8681,Colius striatus,spemou2,Mousebirds,Coliiformes,LC,https://datazone.birdlife.org/species/factsheet/22683776,1,false,false,false,false,51.1,Shrubland,2,1,Herbivore,Frugivore,Insessorial,8057145.03,,
426,White-headed Mousebird,Colius leucocephalus,,1588,avibase-ADDB3611,ebird_single,White-headed Mousebird,Colius leucocephalus,8699,Colius leucocephalus,whhmou1,Mousebirds,Coliiformes,LC,https://datazone.birdlife.org/species/factsheet/22683780,1,false,false,false,false,35.8,Shrubland,2,1,Herbivore,Frugivore,Insessorial,533022.16,,
427,Blue-naped Mousebird,Urocolius macrourus,,1590,avibase-E45D9EB2,ebird_single,Blue-naped Mousebird,Urocolius macrourus,8673,Urocolius macrourus,blnmou1,Mousebirds,Coliiformes,LC,https://datazone.birdlife.org/species/factsheet/22683792,1,false,false,false,false,45.5,Shrubland,2,1,Herbivore,Frugivore,Insessorial,5779732.9,,
428,Narina's Trogon,Apaloderma narina,,393,avibase-7FED5700,ebird_single,Narina Trogon,Apaloderma narina,8716,Apaloderma narina,nartro1,Trogons,Trogoniformes,LC,https://datazone.birdlife.org/species/factsheet/22682715,1,false,false,false,false,67.7,Forest,1,1,Carnivore,Invertivore,Insessorial,10932030.89,,
429,Bar-tailed Trogon,Apaloderma vittatum,,944,avibase-2F2CB724,ebird_single,Bar-tailed Trogon,Apaloderma vittatum,8722,Apaloderma vittatum,battro1,Trogons,Trogoniformes,LC,https://datazone.birdlife.org/species/factsheet/22682723,1,false,false,false,false,55,Forest,1,1,Carnivore,Invertivore,Insessorial,485903.03,,
430,Giant Kingfisher,Ceryle maxima,,395,avibase-F51C1C4A,ebird_single,Giant Kingfisher,Megaceryle maxima,9318,Megaceryle maxima,giakin3,Kingfishers,Coraciiformes,LC,https://datazone.birdlife.org/species/factsheet/22683616,1,false,false,false,true,325,Wetland,3,1,Carnivore,Aquatic predator,Insessorial,13133154.9,,
431,Pied Kingfisher,Ceryle rudis,,394,avibase-8205077F,ebird_single,Pied Kingfisher,Ceryle rudis,9327,Ceryle rudis,piekin1,Kingfishers,Coraciiformes,LC,https://datazone.birdlife.org/species/factsheet/22683645,1,false,false,false,true,84.4,Wetland,3,1,Carnivore,Aquatic predator,Insessorial,23875911.23,,
432,Half-collared Kingfisher,Alcedo semitorquata,,396,avibase-F9F5CAB0,ebird_single,Half-collared Kingfisher,Alcedo semitorquata,9241,Alcedo semitorquata,hackin1,Kingfishers,Coraciiformes,LC,https://datazone.birdlife.org/species/factsheet/22683033,1,false,false,false,true,47.3,Wetland,2,1,Carnivore,Aquatic predator,Insessorial,3463736.2,,
433,Shining-blue Kingfisher,Alcedo quadribrachys,,959,avibase-A376DE65,ebird_single,Shining-blue Kingfisher,Alcedo quadribrachys,9242,Alcedo quadribrachys,shbkin1,Kingfishers,Coraciiformes,LC,https://datazone.birdlife.org/species/factsheet/22683037,1,false,false,false,true,34.9,Wetland,2,1,Carnivore,Aquatic predator,Insessorial,4674328.28,,
434,Malachite Kingfisher,Alcedo cristata,,397,avibase-7149F93D,ebird_single,Malachite Kingfisher,Corythornis cristatus,9225,Corythornis cristatus,malkin1,Kingfishers,Coraciiformes,NE,,1,false,false,false,true,15.7,Wetland,2,1,Carnivore,Aquatic predator,Insessorial,14363969.72,,
435,Pygmy Kingfisher,Ispidina picta,,398,avibase-C0998BB9,ebird_single,African Pygmy Kingfisher,Ispidina picta,9210,Ispidina picta,afpkin1,Kingfishers,Coraciiformes,LC,https://datazone.birdlife.org/species/factsheet/22683165,1,false,false,false,true,12.7,Forest,1,1,Carnivore,Invertivore,Insessorial,13894765.2,,
436,Chestnut-bellied Kingfisher,Halcyon leucocephala,,401,avibase-178B6892,ebird_single,Grey-headed Kingfisher,Halcyon leucocephala,9403,Halcyon leucocephala,gyhkin1,Kingfishers,Coraciiformes,LC,https://datazone.birdlife.org/species/factsheet/22683255,1,false,false,false,true,41.8,Shrubland,2,2,Carnivore,Invertivore,Insessorial,14797715.21,,
437,Brown-hooded Kingfisher,Halcyon albiventris,,402,avibase-C5D3CB2A,ebird_single,Brown-hooded Kingfisher,Halcyon albiventris,9398,Halcyon albiventris,brhkin1,Kingfishers,Coraciiformes,LC,https://datazone.birdlife.org/species/factsheet/22683273,1,false,false,false,true,65.1,Shrubland,2,1,Carnivore,Invertivore,Insessorial,3765344.98,This species is prone to misidentification and its maps might be affected by error.,
438,Striped Kingfisher,Halcyon chelicuti,,403,avibase-AB51824B,ebird_single,Striped Kingfisher,Halcyon chelicuti,9395,Halcyon chelicuti,strkin1,Kingfishers,Coraciiformes,LC,https://datazone.birdlife.org/species/factsheet/22683278,1,false,false,false,true,43.2,Shrubland,2,1,Carnivore,Invertivore,Insessorial,13120453.97,,
439,Woodland Kingfisher,Halcyon senegalensis,,399,avibase-47E71671,ebird_single,Woodland Kingfisher,Halcyon senegalensis,9391,Halcyon senegalensis,wookin1,Kingfishers,Coraciiformes,LC,https://datazone.birdlife.org/species/factsheet/22683260,1,false,false,false,true,73.4,Woodland,2,1,Carnivore,Invertivore,Insessorial,14752529.26,,
440,Mangrove Kingfisher,Halcyon senegaloides,,400,avibase-1F360691,ebird_single,Mangrove Kingfisher,Halcyon senegaloides,9390,Halcyon senegaloides,mankin2,Kingfishers,Coraciiformes,LC,https://datazone.birdlife.org/species/factsheet/22683265,1,false,true,false,true,61.8,Wetland,2,2,Carnivore,Aquatic predator,Insessorial,193724.21,,
441,White-fronted Bee-eater,Merops bullockoides,,409,avibase-38507A80,ebird_single,White-fronted Bee-eater,Merops bullockoides,9078,Merops bullockoides,wfbeat1,Bee-eaters,Coraciiformes,LC,https://datazone.birdlife.org/species/factsheet/22683684,1,false,false,false,false,34.8,Woodland,2,1,Carnivore,Invertivore,Insessorial,5313566.69,,
442,Little Bee-eater,Merops pusillus,,410,avibase-C0A68CA0,ebird_single,Little Bee-eater,Merops pusillus,9093,Merops pusillus,libeat1,Bee-eaters,Coraciiformes,LC,https://datazone.birdlife.org/species/factsheet/22683688,1,false,false,false,false,15.1,Grassland,2,1,Carnivore,Invertivore,Insessorial,14410773.71,,
443,Blue-breasted Bee-eater,Merops variegatus,,1584,avibase-A90C512F,ebird_single,Blue-breasted Bee-eater,Merops variegatus,9089,Merops variegatus,bbbeat2,Bee-eaters,Coraciiformes,LC,https://datazone.birdlife.org/species/factsheet/61627052,1,false,false,false,false,22.5,Wetland,3,1,Carnivore,Invertivore,Insessorial,3491407.89,,
444,Cinnamon-chested Bee-eater,Merops oreobates,,1578,avibase-B85B93BB,ebird_single,Cinnamon-chested Bee-eater,Merops oreobates,9105,Merops oreobates,ccbeat1,Bee-eaters,Coraciiformes,LC,https://datazone.birdlife.org/species/factsheet/22683697,1,false,false,false,false,24,Woodland,3,1,Carnivore,Invertivore,Insessorial,360934.32,This map might contains errors,
445,Swallow-tailed Bee-eater,Merops hirundineus,,411,avibase-910E6D86,ebird_single,Swallow-tailed Bee-eater,Merops hirundineus,9099,Merops hirundineus,stbeat1,Bee-eaters,Coraciiformes,LC,https://datazone.birdlife.org/species/factsheet/22683702,1,false,false,false,false,21.7,Shrubland,2,1,Carnivore,Invertivore,Insessorial,8552948.69,"Species not recorded during both the old and new atlas, but recorded in Kenya.",
446,Madagascar Bee-eater,Merops superciliosus,,406,avibase-AC89B8FF,ebird_single,Olive Bee-eater,Merops superciliosus,9131,Merops superciliosus,mabeat1,Bee-eaters,Coraciiformes,LC,https://datazone.birdlife.org/species/factsheet/22683744,1,false,false,false,false,38.5,Shrubland,2,2,Carnivore,Invertivore,Generalist,4269964.77,,
447,Blue-cheeked Bee-eater,Merops persicus,,405,avibase-6EE45113,ebird_single,Blue-cheeked Bee-eater,Merops persicus,9134,Merops persicus,bcbeat1,Bee-eaters,Coraciiformes,LC,https://datazone.birdlife.org/species/factsheet/22683740,1,false,false,true,false,49.3,Desert,3,3,Carnivore,Invertivore,Insessorial,3658429.52,,
448,Eurasian Bee-eater,Merops apiaster,,404,avibase-66AA3934,ebird_single,European Bee-eater,Merops apiaster,9128,Merops apiaster,eubeat1,Bee-eaters,Coraciiformes,LC,https://datazone.birdlife.org/species/factsheet/22683756,1,false,false,true,false,56.6,Woodland,2,3,Carnivore,Invertivore,Insessorial,11028502.02,,
449,Blue-headed Bee-eater,Merops muelleri,,1574,avibase-72CAA64D,ebird_single,Blue-headed Bee-eater,Merops muelleri,9087,Merops muelleri,bhbeat2,Bee-eaters,Coraciiformes,LC,https://datazone.birdlife.org/species/factsheet/22736507,1,false,false,false,false,22.5,Forest,1,1,Carnivore,Invertivore,Insessorial,1597560.38,,
450,White-throated Bee-eater,Merops albicollis,,1034,avibase-03C4A0C9,ebird_single,White-throated Bee-eater,Merops albicollis,9106,Merops albicollis,wtbeat1,Bee-eaters,Coraciiformes,LC,https://datazone.birdlife.org/species/factsheet/22683714,1,false,true,false,false,25.9,Grassland,3,2,Carnivore,Invertivore,Insessorial,1564871.29,,
451,Somali Bee-eater,Merops revoilii,,1582,avibase-AFA39D5A,ebird_single,Somali Bee-eater,Merops revoilii,9082,Merops revoilii,sobeat1,Bee-eaters,Coraciiformes,LC,https://datazone.birdlife.org/species/factsheet/22683710,1,false,false,false,false,12.9,Shrubland,2,1,Carnivore,Invertivore,Insessorial,958341.75,,
452,Carmine Bee-eater,Merops nubicus,,1576,avibase-2125426A,ebird_single,Northern Carmine Bee-eater,Merops nubicus,9108,Merops nubicus,ncbeat1,Bee-eaters,Coraciiformes,LC,https://datazone.birdlife.org/species/factsheet/22683768,1,false,true,false,false,42.4,Grassland,2,2,Carnivore,Invertivore,Insessorial,6717055.8,,
453,Abyssinian Roller,Coracias abyssinica,,1530,avibase-E7C7EE3A,ebird_single,Abyssinian Roller,Coracias abyssinicus,9064,Coracias abyssinicus,abyrol2,Rollers,Coraciiformes,LC,https://datazone.birdlife.org/species/factsheet/22682865,1,false,false,false,false,102,Shrubland,2,1,Carnivore,Invertivore,Insessorial,7043827.44,,
454,Eurasian Roller,Coracias garrulus,,412,avibase-7451A628,ebird_single,European Roller,Coracias garrulus,9065,Coracias garrulus,eurrol1,Rollers,Coraciiformes,LC,https://datazone.birdlife.org/species/factsheet/22682860,1,false,false,true,false,146,Woodland,2,3,Carnivore,Invertivore,Insessorial,9539437.58,,
455,Lilac-breasted Roller,Coracias caudata,,413,avibase-9E9B6EF9,ebird_single,Lilac-breasted Roller,Coracias caudatus,9061,Coracias caudatus,librol2,Rollers,Coraciiformes,LC,https://datazone.birdlife.org/species/factsheet/22682874,1,false,false,false,false,110,Shrubland,2,2,Carnivore,Omnivore,Insessorial,8821260.61,,
456,Rufous-crowned Roller,Coracias naevia,,415,avibase-2624054E,ebird_single,Purple Roller,Coracias naevius,9053,Coracias naevius,rucrol2,Rollers,Coraciiformes,LC,https://datazone.birdlife.org/species/factsheet/22682892,1,false,false,false,false,168,Shrubland,2,1,Carnivore,Invertivore,Insessorial,9355490.24,,
457,Broad-billed Roller,Eurystomus glaucurus,,416,avibase-4F01F416,ebird_single,Broad-billed Roller,Eurystomus glaucurus,9033,Eurystomus glaucurus,brbrol1,Rollers,Coraciiformes,LC,https://datazone.birdlife.org/species/factsheet/22682912,1,false,true,false,false,110,Forest,2,1,Carnivore,Invertivore,Generalist,13880859.89,,
458,Hoopoe,Upupa epops,,1512,avibase-FA2F9125,ebird_single,Common Hoopoe,Upupa epops,8861,Upupa epops,hoopoe,Hoopoes,Bucerotiformes,LC,https://datazone.birdlife.org/species/factsheet/22682655,1,false,false,false,false,66.9,Grassland,3,3,Carnivore,Invertivore,Terrestrial,46881685.44,,
459,Green Wood Hoopoe,Phoeniculus purpureus,,0,avibase-A86DA27F,manual,Green/Black-billed Wood Hoopoe,Phoeniculus sp.,8889,Phoeniculus purpureus|Phoeniculus somaliensis,grewoo2|blbwoo2,Wood Hoopoes and Scimitarbills,Bucerotiformes,LC,,2,false,false,false,false,73.2,Woodland,2,1,Carnivore,Invertivore,Insessorial,12280558.03,,"Historical lump of 2 species, treated as one taxon (Phoeniculus purpureus) in the 1970-1984 atlas: Green Woodhoopoe (Phoeniculus purpureus, 4979 Kenyan eBird records 2009-2023); Black-billed Woodhoopoe (Phoeniculus somaliensis, 25 Kenyan eBird records 2009-2023). At least one member was already a distinct, field-separable species during the atlas era; old-atlas records for this concept may include unseparated or misidentified individuals of either."
460,Violet Wood Hoopoe,Phoeniculus granti,,420,avibase-76FAC9A5,ebird_single,Violet Wood Hoopoe,Phoeniculus damarensis,8896,Phoeniculus damarensis,viowoo1,Wood Hoopoes and Scimitarbills,Bucerotiformes,LC,https://datazone.birdlife.org/species/factsheet/22682673,1,false,false,false,false,81.8,Shrubland,2,1,Carnivore,Invertivore,Insessorial,823036.02,This species is prone to misidentification and its maps might be affected by error.,CJ: this pattern is surely a factor of a change in the ability to ID these? OR are they being wrongly identified today?? 
461,White-headed Wood Hoopoe,Phoeniculus bollei,,1516,avibase-D1FFB474,ebird_single,White-headed Wood Hoopoe,Phoeniculus bollei,8903,Phoeniculus bollei,whhwoo1,Wood Hoopoes and Scimitarbills,Bucerotiformes,LC,https://datazone.birdlife.org/species/factsheet/22682684,1,false,false,false,false,54.6,Forest,1,1,Carnivore,Invertivore,Insessorial,1291286.11,,
462,Scimitarbill,Phoeniculus cyanomelas,,421,avibase-B0DD1318,ebird_single,Common Scimitarbill,Rhinopomastus cyanomelas,8882,Rhinopomastus cyanomelas,cosbil1,Wood Hoopoes and Scimitarbills,Bucerotiformes,LC,https://datazone.birdlife.org/species/factsheet/22682704,1,false,false,false,false,27.1,Grassland,2,1,Carnivore,Invertivore,Insessorial,6396418.32,,
463,Abyssinian Scimitarbill,Phoeniculus minor,,1526,avibase-46847C50,ebird_single,Abyssinian Scimitarbill,Rhinopomastus minor,8885,Rhinopomastus minor,absbil1,Wood Hoopoes and Scimitarbills,Bucerotiformes,LC,https://datazone.birdlife.org/species/factsheet/22682710,1,false,false,false,false,21.7,Woodland,3,1,Carnivore,Invertivore,Insessorial,2064431.67,,
464,Black-and-white-casqued Hornbill,Bycanistes subcylindricus,,1484,avibase-02428AC1,ebird_single,Black-and-white-casqued Hornbill,Bycanistes subcylindricus,8951,Bycanistes subcylindricus,bawhor2,Hornbills,Bucerotiformes,LC,https://datazone.birdlife.org/species/factsheet/22682577,1,false,false,false,false,1195.4,Forest,2,1,Herbivore,Frugivore,Insessorial,1147243.51,,
465,Silvery-cheeked Hornbill,Bycanistes brevis,,423,avibase-5350D0E8,ebird_single,Silvery-cheeked Hornbill,Bycanistes brevis,8950,Bycanistes brevis,sichor1,Hornbills,Bucerotiformes,LC,https://datazone.birdlife.org/species/factsheet/22682570,1,false,false,false,false,1232.8,Forest,1,1,Herbivore,Frugivore,Insessorial,834397.49,,
466,Trumpeter Hornbill,Bycanistes bucinator,,422,avibase-3A4D2B44,ebird_single,Trumpeter Hornbill,Bycanistes bucinator,8956,Bycanistes bucinator,truhor1,Hornbills,Bucerotiformes,LC,https://datazone.birdlife.org/species/factsheet/22682548,1,false,false,false,false,639.4,Forest,2,1,Herbivore,Frugivore,Insessorial,4073212.84,,
467,Ground Hornbill,Bucorvus cafer,,430,avibase-4192DE77,ebird_single,Southern Ground Hornbill,Bucorvus leadbeateri,8910,Bucorvus leadbeateri,soghor1,Hornbills,Bucerotiformes,VU,https://datazone.birdlife.org/species/factsheet/22682638,1,false,false,false,false,3743.6,Grassland,3,1,Carnivore,Omnivore,Terrestrial,4867849.88,,
468,Abyssinian Ground Hornbill,Bucorvus abyssinicus,,1510,avibase-948ED65C,ebird_single,Abyssinian Ground Hornbill,Bucorvus abyssinicus,8909,Bucorvus abyssinicus,noghor1,Hornbills,Bucerotiformes,VU,https://datazone.birdlife.org/species/factsheet/22682632,1,false,false,false,false,4000,Grassland,3,1,Carnivore,Omnivore,Terrestrial,4482170.58,,
469,Yellow-billed Hornbill,Tockus flavirostris,,1494,avibase-3BCD9CB0,ebird_single,Eastern Yellow-billed Hornbill,Tockus flavirostris,8925,Tockus flavirostris,eybhor1,Hornbills,Bucerotiformes,LC,https://datazone.birdlife.org/species/factsheet/22682379,1,false,false,false,false,216.7,Woodland,3,1,Carnivore,Invertivore,Terrestrial,1449740.43,There is likely an error of identification or taxnomy with the old atlas data,
470,Von Der Decken's Hornbill,Tockus deckeni,,1490,avibase-DE36D3BD,ebird_single,Von der Decken's Hornbill,Tockus deckeni,8930,Tockus deckeni,vddhor1,Hornbills,Bucerotiformes,LC,https://datazone.birdlife.org/species/factsheet/22682392,1,false,false,false,false,167.7,Grassland,3,1,Carnivore,Invertivore,Terrestrial,1628868.18,,
471,Jackson's Hornbill,Tockus jacksoni,,1500,avibase-427D7FD6,ebird_single,Jackson's Hornbill,Tockus jacksoni,8929,Tockus jacksoni,jachor1,Hornbills,Bucerotiformes,LC,https://datazone.birdlife.org/species/factsheet/22682388,1,false,false,false,false,167.7,Woodland,3,1,Carnivore,Invertivore,Terrestrial,112777.06,,
472,Red-billed Hornbill,Tockus erythrorhynchus,,4129,avibase-AF75AC32,ebird_single,Northern Red-billed Hornbill,Tockus erythrorhynchus,8936,Tockus erythrorhynchus,rebhor1,Hornbills,Bucerotiformes,NE,,1,false,false,false,false,138.6,Woodland,3,1,Carnivore,Invertivore,Terrestrial,9150146.92,,
473,Hemprich's Hornbill,Tockus hemprichii,,1498,avibase-6D72B23C,ebird_single,Hemprich's Hornbill,Lophoceros hemprichii,8917,Lophoceros hemprichii,hemhor1,Hornbills,Bucerotiformes,LC,https://datazone.birdlife.org/species/factsheet/22682409,1,false,false,false,false,297,Shrubland,2,1,Carnivore,Invertivore,Insessorial,546665.06,,
474,Crowned Hornbill,Tockus alboterminatus,,427,avibase-1FDA0172,ebird_single,Crowned Hornbill,Lophoceros alboterminatus,8913,Lophoceros alboterminatus,crohor1,Hornbills,Bucerotiformes,LC,https://datazone.birdlife.org/species/factsheet/22682396,1,false,false,false,false,223.7,Forest,1,1,Omnivore,Omnivore,Insessorial,3002290.12,,
475,Grey Hornbill,Tockus nasutus,,424,avibase-0CCD664D,ebird_single,African Grey Hornbill,Lophoceros nasutus,8918,Lophoceros nasutus,afghor1,Hornbills,Bucerotiformes,LC,https://datazone.birdlife.org/species/factsheet/22682413,1,false,false,false,false,179.6,Shrubland,2,1,Carnivore,Invertivore,Insessorial,9830291.23,,
476,Pale-billed Hornbill,Tockus pallidirostris,0,#N/A,avibase-235F0000,ebird_single,Pale-billed Hornbill,Lophoceros pallidirostris,8921,Lophoceros pallidirostris,pabhor1,Hornbills,Bucerotiformes,LC,https://datazone.birdlife.org/species/factsheet/22682417,1,false,false,false,false,233,Woodland,2,1,Carnivore,Invertivore,Insessorial,1957669.07,,"Rejected by Zimmerman et al. 1996. See East African Rarities Committee (EARC) Special Report
Species included for East African countries in Britton (1980)
which have since been considered unacceptable. https://eararities.org/downloads/Fisher,%20Pearson%20&%20Hunter%202016.pdf"
477,Double-toothed Barbet,Lybius bidentatus,,1422,avibase-439FE608,ebird_single,Double-toothed Barbet,Pogonornis bidentatus,9970,Pogonornis bidentatus,dotbar1,African Barbets,Piciformes,LC,https://datazone.birdlife.org/species/factsheet/22681861,1,false,false,false,false,79.3,Forest,1,1,Omnivore,Frugivore,Insessorial,2585581.98,,
478,Brown-breasted Barbet,Lybius melanopterus,,1050,avibase-724266B4,ebird_single,Brown-breasted Barbet,Pogonornis melanopterus,9966,Pogonornis melanopterus,brbbar1,African Barbets,Piciformes,LC,https://datazone.birdlife.org/species/factsheet/22681849,1,false,false,false,false,52.4,Forest,1,1,Omnivore,Omnivore,Insessorial,809569.53,,
479,White-headed Barbet,Lybius leucocephalus,,960,avibase-BCA0F974,ebird_single,White-headed Barbet,Lybius leucocephalus,9985,Lybius leucocephalus,whhbar1,African Barbets,Piciformes,NE,,1,false,false,false,false,62.8,Woodland,2,1,Omnivore,Frugivore,Insessorial,1924719.61,,
480,Black-collared Barbet,Lybius torquatus,,431,avibase-8C50CB2D,ebird_single,Black-collared Barbet,Lybius torquatus,9995,Lybius torquatus,blcbar1,African Barbets,Piciformes,LC,https://datazone.birdlife.org/species/factsheet/22681845,1,false,false,false,false,51.7,Grassland,2,1,Omnivore,Frugivore,Insessorial,4663900.43,,
481,Black-billed Barbet,Lybius guifsobalito,,1428,avibase-0D419595,ebird_single,Black-billed Barbet,Lybius guifsobalito,9994,Lybius guifsobalito,blbbar3,African Barbets,Piciformes,LC,https://datazone.birdlife.org/species/factsheet/22681841,1,false,false,false,false,42.2,Woodland,2,1,Herbivore,Frugivore,Insessorial,1310708.12,,
482,Red-fronted Barbet,Tricholaema diadematus,,1462,avibase-3E3AFB25,ebird_single,Red-fronted Barbet,Tricholaema diademata,9949,Tricholaema diademata,refbar2,African Barbets,Piciformes,LC,https://datazone.birdlife.org/species/factsheet/22681790,1,false,false,false,false,30.6,Forest,2,1,Herbivore,Frugivore,Insessorial,578757.82,,
483,Black-throated Barbet,Tricholaema melanocephala,,1472,avibase-F03BE6C3,ebird_single,Black-throated Barbet,Tricholaema melanocephala,9960,Tricholaema melanocephala,bltbar1,African Barbets,Piciformes,LC,https://datazone.birdlife.org/species/factsheet/22681808,1,false,false,false,false,20.5,Shrubland,2,1,Omnivore,Invertivore,Insessorial,1969018.58,,
484,Spotted-flanked Barbet,Tricholaema lacrymosus,,1470,avibase-F1CCA0AA,ebird_single,Spot-flanked Barbet,Tricholaema lacrymosa,9957,Tricholaema lacrymosa,spfbar1,African Barbets,Piciformes,LC,https://datazone.birdlife.org/species/factsheet/22681804,1,false,false,false,false,22.9,Forest,2,1,Herbivore,Frugivore,Insessorial,1269448.61,,
485,Hairy-breasted Barbet,Tricholaema hirsutus,,1468,avibase-915DABE2,ebird_single,Hairy-breasted Barbet,Tricholaema hirsuta,9944,Tricholaema hirsuta,habbar1,African Barbets,Piciformes,LC,https://datazone.birdlife.org/species/factsheet/22681786,1,false,false,false,false,55.2,Forest,1,1,Omnivore,Frugivore,Insessorial,3734843.08,,
486,White-eared Barbet,Stactolaema leucotis,,433,avibase-6C81D39B,ebird_single,White-eared Barbet,Stactolaema leucotis,9887,Stactolaema leucotis,whebar1,African Barbets,Piciformes,NE,,1,false,false,false,false,54.9,Forest,1,1,Omnivore,Frugivore,Insessorial,862758.91,,
487,Yellow-spotted Barbet,Buccanodon duchaillui,,1414,avibase-56790B57,ebird_single,Yellow-spotted Barbet,Buccanodon duchaillui,9883,Buccanodon duchaillui,yesbar1,African Barbets,Piciformes,NE,,1,false,false,false,false,41.8,Forest,1,1,Herbivore,Frugivore,Insessorial,3427229.94,,
488,Green Barbet,Stactolaema olivaceum,,435,avibase-4568986F,ebird_single,Green Barbet,Cryptolybia olivacea,9876,Cryptolybia olivacea,grebar2,African Barbets,Piciformes,LC,https://datazone.birdlife.org/species/factsheet/22681732,1,false,false,false,false,49.4,Forest,1,1,Omnivore,Frugivore,Insessorial,155265.95,,
489,Grey-throated Barbet,Gymnobucco bonapartei,,1416,avibase-95054CA5,ebird_single,Grey-throated Barbet,Gymnobucco bonapartei,9903,Gymnobucco bonapartei,gytbar1,African Barbets,Piciformes,NE,,1,false,false,false,false,63,Forest,1,2,Omnivore,Frugivore,Insessorial,1792433.71,,
490,Speckled Tinkerbird,Pogoniulus scolopaceus,,1446,avibase-EEA161A8,ebird_single,Speckled Tinkerbird,Pogoniulus scolopaceus,9913,Pogoniulus scolopaceus,spetin1,African Barbets,Piciformes,LC,https://datazone.birdlife.org/species/factsheet/22681736,1,false,false,false,false,14.1,Forest,1,1,Omnivore,Frugivore,Insessorial,3952077.92,,
491,Green Tinkerbird,Pogoniulus simplex,,905,avibase-5238FF10,ebird_single,Green Tinkerbird,Pogoniulus simplex,9917,Pogoniulus simplex,gretin2,African Barbets,Piciformes,LC,https://datazone.birdlife.org/species/factsheet/22681754,1,false,false,false,false,8.8,Forest,1,1,Herbivore,Frugivore,Insessorial,516296.28,This map might contains errors,
492,Moustached Green Tinkerbird,Pogoniulus leucomystax,,1442,avibase-7BEB0003,ebird_single,Moustached Tinkerbird,Pogoniulus leucomystax,9918,Pogoniulus leucomystax,moutin1,African Barbets,Piciformes,LC,https://datazone.birdlife.org/species/factsheet/22681747,1,false,false,false,false,11.8,Forest,1,1,Omnivore,Frugivore,Insessorial,552561.75,,
493,Red-fronted Tinkerbird,Pogoniulus pusillus,,436,avibase-E01F4BD7,ebird_single,Northern Red-fronted Tinkerbird,Pogoniulus uropygialis,9935,Pogoniulus uropygialis,reftin1,African Barbets,Piciformes,NE,,1,false,false,false,false,9.6,Shrubland,2,1,Omnivore,Frugivore,Insessorial,2446279.62,,
494,Yellow-fronted Tinkerbird,Pogoniulus chrysoconus,,437,avibase-2F467821,ebird_single,Yellow-fronted Tinkerbird,Pogoniulus chrysoconus,9939,Pogoniulus chrysoconus,yeftin1,African Barbets,Piciformes,LC,https://datazone.birdlife.org/species/factsheet/22681774,1,false,false,false,false,10.8,Woodland,2,1,Omnivore,Frugivore,Insessorial,10202745.34,This map might contains errors,
495,Yellow-rumped Tinkerbird,Pogoniulus bilineatus,,438,avibase-7749C92B,ebird_single,Yellow-rumped Tinkerbird,Pogoniulus bilineatus,9928,Pogoniulus bilineatus,yertin1,African Barbets,Piciformes,LC,https://datazone.birdlife.org/species/factsheet/22731992,1,false,false,false,false,13.1,Forest,1,1,Herbivore,Frugivore,Insessorial,7153853.6,,
496,Yellow-billed Barbet,Trachylaemus purpuratus,,1458,avibase-548EE951,ebird_single,Western Yellow-billed Barbet,Trachylaemus goffinii,9856,Trachylaemus goffinii,yebbar1,African Barbets,Piciformes,NE,,1,false,false,false,false,76.1,Forest,1,1,Carnivore,Invertivore,Insessorial,454445.83,,
497,d'Arnaud's Barbet,Trachyphonus darnaudii,,1452,avibase-1953C1D6,ebird_single,D'Arnaud's Barbet,Trachyphonus darnaudii,9870,Trachyphonus darnaudii,darbar1,African Barbets,Piciformes,NE,,1,false,false,false,false,35.8,Grassland,2,1,Herbivore,Omnivore,Insessorial,1278810.54,Records in the old atlas of d'Arnaud's and Usambiro Barbet are lumped,
498,Usambiro Barbet,Trachyphonus usambiro,497,#N/A,avibase-1953C1D6,ebird_single,D'Arnaud's Barbet,Trachyphonus darnaudii,9870,Trachyphonus darnaudii,darbar1,African Barbets,Piciformes,NE,,1,false,false,false,false,35.8,Grassland,2,1,Herbivore,Omnivore,Insessorial,1278810.54,,Folded into SEQ 497 d'Arnaud's Barbet. Taxonomic: AviList v2025b treats Trachyphonus usambiro as a subspecies of T. darnaudii (eBird issf darbar3). 9 squares (1970-1984).
499,Red-and-yellow Barbet,Trachyphonus erythrocephalus,,1454,avibase-570C1121,ebird_single,Red-and-yellow Barbet,Trachyphonus erythrocephalus,9863,Trachyphonus erythrocephalus,raybar1,African Barbets,Piciformes,LC,https://datazone.birdlife.org/species/factsheet/22681889,1,false,false,false,false,63.5,Shrubland,2,1,Omnivore,Omnivore,Terrestrial,1574108.27,,
500,Black-throated Honeguide,Indicator indicator,,440,avibase-862749B0,ebird_single,Greater Honeyguide,Indicator indicator,10204,Indicator indicator,grehon2,Honeyguides,Piciformes,LC,https://datazone.birdlife.org/species/factsheet/22680616,1,false,false,false,false,50.4,Shrubland,2,1,Carnivore,Invertivore,Insessorial,11206655.87,,
501,Lesser Honeyguide,Indicator minor,,0,avibase-50F3668C,ebird_single,Lesser Honeyguide,Indicator minor,10187,Indicator minor,y00400,Honeyguides,Piciformes,LC,https://datazone.birdlife.org/species/factsheet/22680623,1,false,false,false,false,28.2,Woodland,2,1,Carnivore,Invertivore,Insessorial,13121952.74,Records in the old atlas of Lesser and Thick-billed Honeyguide are lumped.,
502,Thick-billed Honeyguide,Indicator conirostris,501,1350,avibase-0AC6CF82,existing_ok,,,,,,,,,,,false,false,false,false,28.2,Woodland,2,1,Carnivore,Invertivore,Insessorial,13121952.74,,Folded into SEQ 501 Lesser Honeyguide. Taxonomic: AviList v2025b treats Indicator conirostris as conspecific with I. minor. 4 squares (1970-1984).
503,Scaly-throated Honeyguide,Indicator variegatus,,441,avibase-7EF4C99C,ebird_single,Scaly-throated Honeyguide,Indicator variegatus,10199,Indicator variegatus,scthon1,Honeyguides,Piciformes,LC,https://datazone.birdlife.org/species/factsheet/22680612,1,false,false,false,false,48.8,Woodland,2,1,Carnivore,Invertivore,Insessorial,3473509.99,,
504,Least Honeyguide,Indicator exilis,,1132,avibase-BFF3AA65,ebird_single,Least Honeyguide,Indicator exilis,10183,Indicator exilis,leahon2,Honeyguides,Piciformes,LC,https://datazone.birdlife.org/species/factsheet/22680638,1,false,false,false,false,17.9,Forest,1,1,Carnivore,Invertivore,Insessorial,4132641.71,This species is prone to misidentification and its maps might be affected by error.,
505,Pallid Honeyguide,Indicator meliphilus,,906,avibase-5B74A911,ebird_single,Pallid Honeyguide,Indicator meliphilus,10180,Indicator meliphilus,palhon1,Honeyguides,Piciformes,LC,https://datazone.birdlife.org/species/factsheet/22680647,1,false,false,false,false,14,Woodland,2,1,Carnivore,Invertivore,Insessorial,1489690.4,Records in the old atlas of Pallid and Kilimanjaro Honeyguide are lumped. This species is prone to misidentification and its maps might be affected by error.,
506,Kilimanjaro Honeyguide,Indicator narokensis,505,#N/A,avibase-5B74A911,existing_ok,,,,,,,,,,,false,false,false,false,14,Woodland,2,1,Carnivore,Invertivore,Insessorial,1489690.4,,Folded into SEQ 505 Pallid Honeyguide. Taxonomic: AviList v2025b treats Indicator narokensis as conspecific with I. meliphilus; no eBird taxon exists for it. 3 squares (1970-1984).
507,Cassin's Honeybird,Prodotiscus insignis,,1364,avibase-7884F0D6,ebird_single,Cassin's Honeybird,Prodotiscus insignis,10159,Prodotiscus insignis,cashon1,Honeyguides,Piciformes,LC,https://datazone.birdlife.org/species/factsheet/22680667,1,false,false,false,false,10.4,Forest,1,1,Carnivore,Invertivore,Insessorial,2908784.71,This species is prone to misidentification and its maps might be affected by error.,
508,Eastern Honeybird,Prodotiscus zambesiae,,444,avibase-B20CDCE3,ebird_single,Green-backed Honeybird,Prodotiscus zambesiae,10162,Prodotiscus zambesiae,grbhon2,Honeyguides,Piciformes,LC,https://datazone.birdlife.org/species/factsheet/22680672,1,false,false,false,false,10.2,Forest,2,1,Carnivore,Invertivore,Insessorial,3997564.3,,
509,Wahlberg's Honeybird,Prodotiscus regulus,,443,avibase-8DB3F1A2,ebird_single,Brown-backed Honeybird,Prodotiscus regulus,10166,Prodotiscus regulus,wahhon1,Honeyguides,Piciformes,LC,https://datazone.birdlife.org/species/factsheet/22680677,1,false,false,false,false,14.1,Woodland,2,1,Carnivore,Invertivore,Insessorial,3186750.81,,
510,Red-throated Wryneck,Jynx ruficollis,,453,avibase-93EC5E12,ebird_single,Red-throated Wryneck,Jynx ruficollis,10207,Jynx ruficollis,runwry1,Woodpeckers,Piciformes,LC,https://datazone.birdlife.org/species/factsheet/22680689,1,false,false,false,false,46.4,Woodland,2,1,Carnivore,Invertivore,Insessorial,1609043.05,,
511,Eurasian Wryneck,Jynx torquilla,,1402,avibase-B2E6AB9F,ebird_single,Eurasian Wryneck,Jynx torquilla,10211,Jynx torquilla,eurwry,Woodpeckers,Piciformes,LC,https://datazone.birdlife.org/species/factsheet/22680683,1,false,false,true,false,35,Woodland,1,3,Carnivore,Invertivore,Terrestrial,17649135.86,,
512,Nubian Woodpecker,Campethera nubica,,1372,avibase-70170649,ebird_single,Nubian Woodpecker,Campethera nubica,10459,Campethera nubica,nubwoo1,Woodpeckers,Piciformes,LC,https://datazone.birdlife.org/species/factsheet/22680887,1,false,false,false,false,59.7,Shrubland,2,1,Carnivore,Invertivore,Insessorial,3241336.04,,
513,Golden-tailed Woodpecker,Campethera abingoni,,0,avibase-69B835E2,manual,Golden-tailed/Mombasa Woodpecker,Campethera sp.,10470,Campethera abingoni|Campethera mombassica,gotwoo1|momwoo1,Woodpeckers,Piciformes,LC,,2,false,false,false,false,67.5,Shrubland,2,1,Carnivore,Invertivore,Insessorial,6437199.24,,"Historical lump of 2 species, treated as one taxon (Campethera abingoni) in the 1970-1984 atlas: Golden-tailed Woodpecker (Campethera abingoni, 162 Kenyan eBird records 2009-2023); Mombasa Woodpecker (Campethera mombassica, 655 Kenyan eBird records 2009-2023). At least one member was already a distinct, field-separable species during the atlas era; old-atlas records for this concept may include unseparated or misidentified individuals of either."
514,Little Spotted Woodpecker,Campethera cailliautii,,449,avibase-BD7C4F70,ebird_single,Green-backed Woodpecker,Campethera maculosa,10453,Campethera maculosa,grbwoo2,Woodpeckers,Piciformes,NE,,1,false,false,false,false,41.1,Forest,2,1,Carnivore,Invertivore,Insessorial,3823971.24,,
515,Fine-banded Woodpecker,Campethera tullbergi,,1376,avibase-D0A5FADB,ebird_single,Fine-banded Woodpecker,Campethera taeniolaema,10450,Campethera taeniolaema,tulwoo3,Woodpeckers,Piciformes,LC,https://datazone.birdlife.org/species/factsheet/22726358,1,false,false,false,false,50.5,Forest,1,1,Carnivore,Invertivore,Insessorial,62707.5,,
516,Buff-spotted Woodpecker,Campethera nivosa,,1188,avibase-02E56D98,ebird_single,Buff-spotted Woodpecker,Pardipicus nivosus,10442,Pardipicus nivosus,buswoo1,Woodpeckers,Piciformes,LC,https://datazone.birdlife.org/species/factsheet/22680937,1,false,false,false,false,37.8,Forest,1,1,Carnivore,Invertivore,Insessorial,3825842.41,,
517,Brown-eared Woodpecker,Campethera caroli,,1368,avibase-01C9752D,ebird_single,Brown-eared Woodpecker,Pardipicus caroli,10439,Pardipicus caroli,brewoo1,Woodpeckers,Piciformes,LC,https://datazone.birdlife.org/species/factsheet/22680941,1,false,false,false,false,44.2,Forest,1,1,Carnivore,Invertivore,Insessorial,3849726.47,,
518,Uganda Spotted Woodpecker,Denropicos poecilolaemus,,1394,avibase-739A97EE,ebird_single,Speckle-breasted Woodpecker,Dendropicos poecilolaemus,10883,Dendropicos poecilolaemus,spbwoo2,Woodpeckers,Piciformes,LC,https://datazone.birdlife.org/species/factsheet/22680954,1,false,false,false,false,28.1,Forest,2,1,Carnivore,Invertivore,Insessorial,723686.32,,
519,Cardinal Woodpecker,Denropicos fuscescens,,450,avibase-0A241B83,ebird_single,Cardinal Woodpecker,Dendropicos fuscescens,10884,Dendropicos fuscescens,carwoo1,Woodpeckers,Piciformes,LC,https://datazone.birdlife.org/species/factsheet/22680963,1,false,false,false,false,26,Shrubland,2,1,Carnivore,Invertivore,Insessorial,12708768.94,,
520,Bearded Woodpecker,Thripias namaquus,,451,avibase-77D82F60,ebird_single,Bearded Woodpecker,Chloropicus namaquus,10850,Chloropicus namaquus,beawoo1,Woodpeckers,Piciformes,LC,https://datazone.birdlife.org/species/factsheet/22680982,1,false,false,false,false,81.5,Shrubland,2,1,Carnivore,Invertivore,Insessorial,7980417.7,,
521,Yellow-crested Woodpecker,Mesopicos xantholophus,,1400,avibase-2700C97D,ebird_single,Yellow-crested Woodpecker,Chloropicus xantholophus,10849,Chloropicus xantholophus,gocwoo3,Woodpeckers,Piciformes,LC,https://datazone.birdlife.org/species/factsheet/22680996,1,false,false,false,false,81.5,Forest,1,1,Carnivore,Invertivore,Insessorial,2751221.14,,
522,Grey Woodpecker,Mesopicos goertae,,1392,avibase-178B3896,manual,African/Eastern Grey Woodpecker,Dendropicos sp.,10861,Dendropicos goertae|Dendropicos spodocephalus,grywoo1|gyhwoo1,Woodpeckers,Piciformes,LC,,2,false,false,false,false,44.5,Woodland,2,1,Carnivore,Invertivore,Insessorial,7460292.4,,"Historical lump of 2 species, treated as one taxon (Mesopicos goertae) in the 1970-1984 atlas: African Gray Woodpecker (Dendropicos goertae, 517 Kenyan eBird records 2009-2023); Mountain Gray Woodpecker (Dendropicos spodocephalus, 3755 Kenyan eBird records 2009-2023). At least one member was already a distinct, field-separable species during the atlas era; old-atlas records for this concept may include unseparated or misidentified individuals of either. avibase_id is Avibase's own sensu lato concept for Mesopicos goertae, confirmed to include both members."
523,Brown-backed Woodpecker,Picoides obsoletus,,1410,avibase-9FF4EDB5,ebird_single,Brown-backed Woodpecker,Dendropicos obsoletus,10856,Dendropicos obsoletus,brbwoo1,Woodpeckers,Piciformes,LC,https://datazone.birdlife.org/species/factsheet/22681030,1,false,false,false,false,21.4,Woodland,2,1,Carnivore,Invertivore,Insessorial,5967593.22,,
524,African Broadbill,Smithornis capensis,,454,avibase-9EE216F9,ebird_single,African Broadbill,Smithornis capensis,12395,Smithornis capensis,afrbro1,African and Green Broadbills,Passeriformes,LC,https://datazone.birdlife.org/species/factsheet/22698707,1,false,false,false,false,23.2,Forest,2,1,Carnivore,Invertivore,Insessorial,3751914,,
525,African Pitta,Pitta angolensis,,455,avibase-373286B2,ebird_single,African Pitta,Pitta angolensis,12487,Pitta angolensis,afrpit1,Pittas,Passeriformes,LC,https://datazone.birdlife.org/species/factsheet/22698671,1,false,true,false,false,62.7,Forest,1,2,Carnivore,Invertivore,Terrestrial,1147347.7,,
526,Fawn-coloured Lark,Mirafra africanoides,,459,avibase-A990EB0B,ebird_single,Fawn-colored Lark,Calendulauda africanoides,21118,Calendulauda africanoides,faclar8,Larks,Passeriformes,LC,https://datazone.birdlife.org/species/factsheet/200369092,1,false,false,false,false,24,Grassland,2,1,Omnivore,Omnivore,Terrestrial,781225.54,,
527,Singing Bush Lark,Mirafra cantillans,,3534,avibase-5BFC242D,ebird_single,Singing Bush Lark,Mirafra javanica,21154,Mirafra javanica,sinbus6,Larks,Passeriformes,LC,https://datazone.birdlife.org/species/factsheet/103765775,1,false,false,false,false,23,Grassland,3,1,Omnivore,Omnivore,Terrestrial,11569436.06,This species is prone to misidentification and its maps might be affected by error.,
528,Northern White-tailed Bush Lark,Mirafra albicauda,,3528,avibase-E32DAEE2,manual,Melodious/White-tailed Lark,Mirafra sp.,21152,Mirafra cheniana|Mirafra albicauda,latlar1|whtlar1,Larks,Passeriformes,LC,,2,false,false,false,false,22.2,Grassland,3,1,Omnivore,Omnivore,Terrestrial,516863.45,,"Not an atlas-era field lump: 1970-1984 surveyors knew only White-tailed Lark (Mirafra albicauda, 146 Kenyan eBird records 2009-2023) here. A disjunct resident population of Melodious Lark (Mirafra cheniana, 199 Kenyan eBird records 2009-2023) - previously known no closer than central Zimbabwe, ~2000 km south - was confirmed present in southern Kenya/northern Tanzania by mtDNA and song (Cohen et al. 2022, ""Disjunct resident population of Melodious Lark Mirafra cheniana discovered in East Africa,"" J. Ornithol. 164:55-71, doi:10.1007/s10336-022-02013-z). Melodious Lark's occurrence here was unknown until then, so old-atlas records for this concept may be either species. avibase_id points to Avibase's ""Mirafra sp."" genus spuh (avibase-E32DAEE2): neither species has its own combined-concept page, so this is the closest single link for the pair."
529,Flappet Lark,Mirafra rufocinnamomea,,468,avibase-C49FA9A8,ebird_single,Flappet Lark,Amirafra rufocinnamomea,21177,Amirafra rufocinnamomea,flalar1,Larks,Passeriformes,LC,https://datazone.birdlife.org/species/factsheet/22717068,1,false,false,false,false,26.3,Woodland,2,1,Carnivore,Invertivore,Terrestrial,9716191.66,,
530,Collared Lark,Mirafra collaris,,3536,avibase-D0EAD8A3,ebird_single,Collared Lark,Amirafra collaris,21176,Amirafra collaris,collar1,Larks,Passeriformes,LC,https://datazone.birdlife.org/species/factsheet/22717076,1,false,false,false,false,29.2,Grassland,2,1,Omnivore,Invertivore,Terrestrial,319160.76,This map might contains errors,
531,Rufous-naped Lark,Mirafra africana,,458,avibase-4E923B31,ebird_single,Rufous-naped Lark,Corypha africana,21220,Corypha africana,runlar1,Larks,Passeriformes,NE,,1,false,false,false,false,45,Grassland,3,2,Omnivore,Invertivore,Terrestrial,5074225.03,,
532,Red-winged Bush Lark,Mirafra hypermetra,,3546,avibase-5F213A7D,ebird_single,Red-winged Lark,Corypha hypermetra,21238,Corypha hypermetra,rewlar1,Larks,Passeriformes,NE,,1,false,false,false,false,61.4,Grassland,3,1,Omnivore,Invertivore,Terrestrial,451245.37,,
533,Pink-breasted Lark,Mirafra poecilosterna,,3520,avibase-99F447AD,ebird_single,Pink-breasted Lark,Calendulauda poecilosterna,21117,Calendulauda poecilosterna,piblar3,Larks,Passeriformes,LC,https://datazone.birdlife.org/species/factsheet/22717112,1,false,false,false,false,24.7,Grassland,2,1,Carnivore,Invertivore,Terrestrial,703693.95,,
534,Gillett's Lark,Mirafra gilletti,,3542,avibase-A3E077E6,ebird_single,Gillett's Lark,Calendulauda gilletti,21113,Calendulauda gilletti,gillar1,Larks,Passeriformes,LC,https://datazone.birdlife.org/species/factsheet/22735646,1,false,false,false,false,22.4,Shrubland,2,1,Omnivore,Omnivore,Terrestrial,590017.04,"Species not recorded during both the old and new atlas, but recorded in Kenya.",
535,Williams' Bush Lark,Mirafra williamsi,,3558,avibase-4E61514C,ebird_single,Williams's Lark,Mirafra williamsi,21150,Mirafra williamsi,willar1,Larks,Passeriformes,LC,https://datazone.birdlife.org/species/factsheet/22717028,1,true,false,false,false,29.2,Desert,2,1,Omnivore,Omnivore,Terrestrial,30949.62,,
536,Friedmann's Bush Lark,Mirafra pulpa,,3552,avibase-F22CCF78,ebird_single,Friedmann's Lark,Mirafra pulpa,21151,Mirafra pulpa,frilar1,Larks,Passeriformes,DD,https://datazone.birdlife.org/species/factsheet/22717033,1,false,true,false,false,21.9,Grassland,3,3,Omnivore,Granivore,Terrestrial,42119.97,,
537,Spike-heeled Lark,Chersomanes albofasciata,0,#N/A,avibase-D3DAD4C2,ebird_single,Spike-heeled Lark,Chersomanes albofasciata,21009,Chersomanes albofasciata,sphlar12,Larks,Passeriformes,NE,,1,false,false,false,false,24.6,Grassland,3,1,Carnivore,Invertivore,Terrestrial,2153588.68,,"Turner, D.A. On the claimed occurrence of the Spike-heeled Lark Chersomanes albofasciata in Kenya. Scopus 9: 142, December 1985"
538,Masked Lark,Calandrella personata,,3568,avibase-419AEB97,ebird_single,Masked Lark,Spizocorys personata,21251,Spizocorys personata,maslar1,Larks,Passeriformes,LC,https://datazone.birdlife.org/species/factsheet/22717364,1,false,false,false,false,19.7,Grassland,3,1,Herbivore,Granivore,Terrestrial,73283.54,,
539,Short-toed Lark,Calandrella brachydactyla,,3486,avibase-4091A51E,ebird_single,Greater Short-toed Lark,Calandrella brachydactyla,21408,Calandrella brachydactyla,gstlar1,Larks,Passeriformes,LC,https://datazone.birdlife.org/species/factsheet/103766207,1,false,false,false,false,21.1,Grassland,3,2,Omnivore,Omnivore,Terrestrial,9578341.98,"Species not recorded during both the old and new atlas, but recorded in Kenya.",
540,Red-capped Lark,Calandrella cinerea,,488,avibase-FCDA4F09,ebird_single,Red-capped Lark,Calandrella cinerea,21417,Calandrella cinerea,reclar1,Larks,Passeriformes,LC,https://datazone.birdlife.org/species/factsheet/103766143,1,false,false,false,false,23.7,Grassland,3,2,Omnivore,Granivore,Terrestrial,5733287.57,,
541,Rufous Short-toed Lark,Calandrella somalica,,3484,avibase-61CECCA7,ebird_single,Somali Short-toed Lark,Alaudala somalica,21445,Alaudala somalica,sstlar1,Larks,Passeriformes,LC,https://datazone.birdlife.org/species/factsheet/22717340,1,false,false,false,false,24.1,Desert,3,2,Omnivore,Omnivore,Terrestrial,203115.48,,
542,Short-tailed Lark,Galerida fremantlii,,3562,avibase-1AF3034A,ebird_single,Short-tailed Lark,Spizocorys fremantlii,21264,Spizocorys fremantlii,shtlar1,Larks,Passeriformes,LC,https://datazone.birdlife.org/species/factsheet/22717407,1,false,false,false,false,23.4,Grassland,3,2,Herbivore,Granivore,Terrestrial,566471.71,,
543,Crested Lark,Galerida cristata,,3506,avibase-21ADC3ED,ebird_single,Crested Lark,Galerida cristata,21320,Galerida cristata,crelar1,Larks,Passeriformes,LC,https://datazone.birdlife.org/species/factsheet/22717383,1,false,false,false,false,42.7,Grassland,3,1,Omnivore,Omnivore,Terrestrial,24389170.69,This map might contains errors,
544,Short-crested Lark,Galerida malabarica,,3510,avibase-5351025C,ebird_single,Thekla's Lark,Galerida theklae,21306,Galerida theklae,thelar1,Larks,Passeriformes,LC,https://datazone.birdlife.org/species/factsheet/22717387,1,false,false,false,false,38.2,Shrubland,2,1,Omnivore,Omnivore,Terrestrial,2270448.11,,
545,Fischer's Sparrow-Lark,Eremopteryx leucopareia,,3500,avibase-97D7865F,ebird_single,Fischer's Sparrow-Lark,Eremopterix leucopareia,21083,Eremopterix leucopareia,fislar1,Larks,Passeriformes,LC,https://datazone.birdlife.org/species/factsheet/22717207,1,false,false,false,false,14.5,Grassland,3,2,Herbivore,Granivore,Terrestrial,859362.7,,
546,Chestnut-headed Sparrow-Lark,Eremopteryx signata,,3504,avibase-2F66131B,ebird_single,Chestnut-headed Sparrow-Lark,Eremopterix signatus,21084,Eremopterix signatus,chhspl1,Larks,Passeriformes,LC,https://datazone.birdlife.org/species/factsheet/22717212,1,false,false,false,false,15.7,Grassland,2,2,Herbivore,Granivore,Terrestrial,970819.66,This species is prone to misidentification and its maps might be affected by error.,
547,Chestnut-backed Sparrow-Lark,Eremopteryx leucotis,,484,avibase-9164F314,ebird_single,Chestnut-backed Sparrow-Lark,Eremopterix leucotis,21092,Eremopterix leucotis,cbslar1,Larks,Passeriformes,LC,https://datazone.birdlife.org/species/factsheet/22717192,1,false,false,false,false,16.4,Grassland,3,2,Herbivore,Granivore,Terrestrial,7621320.47,,
548,Banded Martin,Riparia cincta,,510,avibase-1AED683B,ebird_single,Banded Martin,Neophedina cincta,22614,Neophedina cincta,banmar1,Swallows,Passeriformes,LC,https://datazone.birdlife.org/species/factsheet/22712194,1,false,false,false,false,23.4,Grassland,3,2,Carnivore,Invertivore,Aerial,5525100.68,,
549,African Sand Martin,Riparia paludicola,,509,avibase-D2854489,ebird_single,Brown-throated Martin,Riparia paludicola,22636,Riparia paludicola,plamar1,Swallows,Passeriformes,LC,https://datazone.birdlife.org/species/factsheet/103815402,1,false,false,false,false,13.5,Wetland,3,2,Carnivore,Invertivore,Aerial,7018694.27,,
550,Sand Martin,Riparia riparia,,508,avibase-94A1C447,ebird_single,Sand Martin,Riparia riparia,22622,Riparia riparia,banswa,Swallows,Passeriformes,LC,https://datazone.birdlife.org/species/factsheet/103815961,1,false,false,true,false,12.7,Riverine,3,3,Carnivore,Invertivore,Aerial,36583654.61,,
551,Blue Swallow,Hirundo atrocaerulea,,497,avibase-CB7FB32A,ebird_single,Blue Swallow,Hirundo atrocaerulea,22734,Hirundo atrocaerulea,bluswa1,Swallows,Passeriformes,EN,https://datazone.birdlife.org/species/factsheet/22712318,1,false,true,false,false,13.8,Grassland,3,3,Carnivore,Invertivore,Aerial,140763.6,,
552,Wire-tailed Swallow,Hirundo smithii,,496,avibase-B79D6B3D,ebird_single,Wire-tailed Swallow,Hirundo smithii,22753,Hirundo smithii,witswa1,Swallows,Passeriformes,LC,https://datazone.birdlife.org/species/factsheet/22712299,1,false,false,false,false,12.4,Shrubland,3,2,Carnivore,Invertivore,Aerial,15137552.43,,
553,Eurasian Swallow,Hirundo rustica,,493,avibase-58C502EA,ebird_single,Barn Swallow,Hirundo rustica,22758,Hirundo rustica,barswa,Swallows,Passeriformes,LC,https://datazone.birdlife.org/species/factsheet/22712252,1,false,false,true,false,17.9,Human Modified,3,3,Carnivore,Invertivore,Aerial,51701054.06,,
554,Ethiopian Swallow,Hirundo aethiopica,,2886,avibase-42E93B64,ebird_single,Ethiopian Swallow,Hirundo aethiopica,22767,Hirundo aethiopica,ethswa1,Swallows,Passeriformes,LC,https://datazone.birdlife.org/species/factsheet/22712266,1,false,false,false,false,13.3,Grassland,3,1,Carnivore,Invertivore,Aerial,4764528.41,This map might contains errors,
555,Angola Swallow,Hirundo angolensis,,494,avibase-B418B155,ebird_single,Angola Swallow,Hirundo angolensis,22770,Hirundo angolensis,angswa1,Swallows,Passeriformes,LC,https://datazone.birdlife.org/species/factsheet/22712272,1,false,false,false,false,17.8,Grassland,3,1,Carnivore,Invertivore,Aerial,1666808.13,,
556,Red-rumped Swallow,Hirundo daurica,,962,avibase-1B08050E,ebird_group_exact,European/African Red-rumped Swallow,Cecropis sp.,22805,Cecropis rufula|Cecropis melanocrissus,rerswa8|rerswa12,Swallows,Passeriformes,NE,,2,false,false,false,false,22.2,Grassland,3,3,Carnivore,Invertivore,Aerial,18735899.27,,"Historical lump of 2 species, treated as one taxon (Hirundo daurica) in the 1970-1984 atlas: European Red-rumped Swallow (Cecropis rufula) and African Red-rumped Swallow (Cecropis melanocrissus). eBird's own ""European/African Red-rumped Swallow"" slash (y01284) resolves the concept exactly; the Eastern/Daurian group (Cecropis daurica) is excluded as a separate species not part of this historical concept."
557,Mosque Swallow,Hirundo senegalensis,,500,avibase-9185D29D,ebird_single,Mosque Swallow,Cecropis senegalensis,22801,Cecropis senegalensis,mosswa2,Swallows,Passeriformes,LC,https://datazone.birdlife.org/species/factsheet/22712365,1,false,false,false,false,45.4,Grassland,3,1,Carnivore,Invertivore,Aerial,12912848.81,,
558,Rufous-chested Swallow,Hirundo semirufa,,501,avibase-958F4A5E,ebird_single,Red-breasted Swallow,Cecropis semirufa,22797,Cecropis semirufa,rucswa2,Swallows,Passeriformes,LC,https://datazone.birdlife.org/species/factsheet/22712358,1,false,false,false,false,30.1,Grassland,3,1,Carnivore,Invertivore,Aerial,8911972.36,,
559,Striped Swallow,Hirundo abyssinica,,503,avibase-5ACC908D,ebird_single,Lesser Striped Swallow,Cecropis abyssinica,22790,Cecropis abyssinica,lessts1,Swallows,Passeriformes,LC,https://datazone.birdlife.org/species/factsheet/22712350,1,false,false,false,false,13.5,Grassland,3,1,Carnivore,Invertivore,Aerial,13676430.32,,
560,African Rock Martin,Hirundo fuligula,,506,avibase-21E0ADE5,ebird_single,Large Rock Martin,Ptyonoprogne fuligula,22713,Ptyonoprogne fuligula,rocmar5,Swallows,Passeriformes,LC,https://datazone.birdlife.org/species/factsheet/104005679,1,false,false,false,false,21.1,Rock,3,2,Carnivore,Invertivore,Aerial,2657867.37,,
561,Grey-rumped Swallow,Hirundo griseopyga,,499,avibase-97E7A30B,ebird_single,Grey-rumped Swallow,Pseudhirundo griseopyga,22604,Pseudhirundo griseopyga,gyrswa1,Swallows,Passeriformes,LC,https://datazone.birdlife.org/species/factsheet/22712209,1,false,false,false,false,10.2,Grassland,3,2,Carnivore,Invertivore,Aerial,5583454.87,,
562,Mascarene Martin,Phedina borbonica,,908,avibase-6C7BEEC6,ebird_single,Mascarene Martin,Phedina borbonica,22608,Phedina borbonica,masmar1,Swallows,Passeriformes,LC,https://datazone.birdlife.org/species/factsheet/22712198,1,false,false,false,false,22.2,Forest,3,2,Carnivore,Invertivore,Aerial,595253.95,,
563,House Martin,Delichon urbica,,507,avibase-30FEC6BE,ebird_single,Western House Martin,Delichon urbicum,22778,Delichon urbicum,comhom1,Swallows,Passeriformes,LC,https://datazone.birdlife.org/species/factsheet/103811886,1,false,false,true,false,14.5,Human Modified,3,3,Carnivore,Invertivore,Aerial,16377219.72,,
564,Black Rough-wing,Psalidoprocne prisoptera,,511,avibase-4AC57370,ebird_single,Black Saw-wing,Psalidoprocne pristoptera,22588,Psalidoprocne pristoptera,blksaw1,Swallows,Passeriformes,LC,https://datazone.birdlife.org/species/factsheet/22712540,1,false,false,false,false,10.3,Forest,2,2,Carnivore,Invertivore,Aerial,8277210.72,,
565,White-headed Rough-wing,Psalidoprocne albiceps,,964,avibase-88AAE3D3,ebird_single,White-headed Saw-wing,Psalidoprocne albiceps,22585,Psalidoprocne albiceps,whhsaw1,Swallows,Passeriformes,LC,https://datazone.birdlife.org/species/factsheet/22712515,1,false,false,false,false,11.1,Forest,2,3,Carnivore,Invertivore,Aerial,1147033.42,,
566,Drongo,Dicrurus adsimilis,,0,avibase-25C3A6D0,manual,Velvet-mantled/Fork-tailed Drongo,Dicrurus sp.,19325,Dicrurus modestus|Dicrurus adsimilis,vemdro6|fotdro5,Drongos,Passeriformes,LC,,2,false,false,false,false,40.3,Woodland,3,1,Carnivore,Invertivore,Insessorial,14611485.32,,"Historical lump of 2 species, treated as one taxon (Dicrurus adsimilis) in the 1970-1984 atlas: Velvet-mantled Drongo (Dicrurus modestus, 7 Kenyan eBird records 2009-2023); Fork-tailed Drongo (Dicrurus adsimilis, 21259 Kenyan eBird records 2009-2023). At least one member was already a distinct, field-separable species during the atlas era; old-atlas records for this concept may include unseparated or misidentified individuals of either."
567,Square-tailed Drongo,Dicrurus ludwigii,,0,avibase-E83D45A6,ebird_group_exact,Sharpe's/Square-tailed Drongo,Dicrurus sp.,19296,Dicrurus sharpei|Dicrurus ludwigii,shadro2|cstdro1,Drongos,Passeriformes,LC,,2,false,false,false,false,29.4,Forest,2,1,Carnivore,Invertivore,Insessorial,4614861.96,,
568,Black-headed Oriole,Oriolus larvatus,,521,avibase-BE62734A,ebird_single,Black-headed Oriole,Oriolus larvatus,18780,Oriolus larvatus,abhori1,Old World Orioles,Passeriformes,LC,https://datazone.birdlife.org/species/factsheet/22706421,1,false,false,false,false,66.1,Woodland,2,1,Omnivore,Omnivore,Insessorial,6081428.22,,
569,Western Black-headed Oriole,Oriolus brachyrhynchus,,2460,avibase-418C7CCB,ebird_single,Western Oriole,Oriolus brachyrynchus,18774,Oriolus brachyrynchus,wbhori1,Old World Orioles,Passeriformes,LC,https://datazone.birdlife.org/species/factsheet/22706410,1,false,false,false,false,49,Forest,1,1,Omnivore,Invertivore,Insessorial,2640549.2,,
570,Montane Oriole,Oriolus percivali,,2466,avibase-95A2F6E7,ebird_single,Mountain Oriole,Oriolus percivali,18787,Oriolus percivali,bltori1,Old World Orioles,Passeriformes,LC,https://datazone.birdlife.org/species/factsheet/22706427,1,false,false,false,false,61,Forest,1,1,Herbivore,Frugivore,Insessorial,164128.38,This species is prone to misidentification and its maps might be affected by error.,
571,Green-headed Oriole,Oriolus chlorocephalus,,909,avibase-4321596C,ebird_single,Green-headed Oriole,Oriolus chlorocephalus,18769,Oriolus chlorocephalus,grhori1,Old World Orioles,Passeriformes,LC,https://datazone.birdlife.org/species/factsheet/22706400,1,false,false,false,false,49,Forest,1,2,Herbivore,Omnivore,Insessorial,61138.59,,
572,African Golden Oriole,Oriolus auratus,,520,avibase-D4866EAE,ebird_single,African Golden Oriole,Oriolus auratus,18788,Oriolus auratus,afgori2,Old World Orioles,Passeriformes,LC,https://datazone.birdlife.org/species/factsheet/22706389,1,false,true,false,false,66.2,Woodland,2,1,Omnivore,Omnivore,Insessorial,4622656.44,,
573,Eurasian Golden Oriole,Oriolus oriolus,,519,avibase-92A772BB,ebird_single,Eurasian Golden Oriole,Oriolus oriolus,18792,Oriolus oriolus,eugori2,Old World Orioles,Passeriformes,LC,https://datazone.birdlife.org/species/factsheet/103692938,1,false,false,true,false,79,Woodland,1,3,Omnivore,Omnivore,Insessorial,11164384.03,,
574,Piapiac,Ptilostomus afer,,2484,avibase-4C35510F,ebird_single,Piapiac,Ptilostomus afer,20208,Ptilostomus afer,piapia1,"Crows, Jays, and Magpies",Passeriformes,LC,https://datazone.birdlife.org/species/factsheet/22705925,1,false,false,false,false,128,Grassland,3,2,Omnivore,Omnivore,Terrestrial,3779257.09,,
575,Indian House Crow,Corvus splendens,,989,avibase-39868903,ebird_single,House Crow,Corvus splendens,20288,Corvus splendens,houcro1,"Crows, Jays, and Magpies",Passeriformes,LC,https://datazone.birdlife.org/species/factsheet/22705938,1,false,false,false,false,292.6,Human Modified,3,1,Omnivore,Omnivore,Terrestrial,4469957.42,,
576,Brown-necked Raven,Corvus ruficolis,,2362,avibase-9DBAAB1D,ebird_single,Somali Crow,Corvus edithae,20256,Corvus edithae,somcro2,"Crows, Jays, and Magpies",Passeriformes,LC,https://datazone.birdlife.org/species/factsheet/22732286,1,false,false,false,false,524,Desert,3,1,Carnivore,Omnivore,Terrestrial,1179817.28,,
577,Pied Crow,Corvus albus,,522,avibase-34D538E1,ebird_single,Pied Crow,Corvus albus,20255,Corvus albus,piecro1,"Crows, Jays, and Magpies",Passeriformes,LC,https://datazone.birdlife.org/species/factsheet/22735894,1,false,false,false,false,524,Shrubland,3,2,Carnivore,Omnivore,Terrestrial,19544750.22,,
578,White-naped Raven,Corvus albicollis,,524,avibase-EA326EA2,ebird_single,White-necked Raven,Corvus albicollis,20252,Corvus albicollis,whnrav1,"Crows, Jays, and Magpies",Passeriformes,LC,https://datazone.birdlife.org/species/factsheet/22706077,1,false,false,false,false,894,Rock,3,2,Omnivore,Omnivore,Terrestrial,1615598.28,,
579,Fan-tailed Raven,Corvus rhipidurus,,2368,avibase-32C216E2,ebird_single,Fan-tailed Raven,Corvus rhipidurus,20258,Corvus rhipidurus,fatrav1,"Crows, Jays, and Magpies",Passeriformes,LC,https://datazone.birdlife.org/species/factsheet/22706073,1,false,false,false,false,611,Grassland,3,1,Omnivore,Omnivore,Terrestrial,2756382.95,,
580,Cape Rook,Corvus capensis,,523,avibase-562E17AB,ebird_single,Cape Crow,Corvus capensis,20245,Corvus capensis,capcro2,"Crows, Jays, and Magpies",Passeriformes,LC,https://datazone.birdlife.org/species/factsheet/22705978,1,false,false,false,false,553,Grassland,3,2,Omnivore,Omnivore,Terrestrial,4036026.48,,
581,Grey Tit,Parus afer,,2876,avibase-610FFD8E,ebird_single,Acacia Tit,Melaniparus thruppi,20809,Melaniparus thruppi,somtit4,"Tits, Chickadees, and Titmice",Passeriformes,LC,https://datazone.birdlife.org/species/factsheet/22711881,1,false,false,false,false,12,Woodland,2,1,Carnivore,Invertivore,Insessorial,869174.26,,
582,Black Tit,Parus leucomelas,,2856,avibase-5C70AA7D,ebird_single,White-shouldered Black Tit,Melaniparus guineensis,20785,Melaniparus guineensis,whsblt1,"Tits, Chickadees, and Titmice",Passeriformes,LC,https://datazone.birdlife.org/species/factsheet/22711820,1,false,false,false,false,16.1,Woodland,3,1,Carnivore,Invertivore,Insessorial,2587731.88,,
583,White-bellied Tit,Parus albiventris,,2860,avibase-C8880D28,ebird_single,White-bellied Tit,Melaniparus albiventris,20795,Melaniparus albiventris,whbtit5,"Tits, Chickadees, and Titmice",Passeriformes,LC,https://datazone.birdlife.org/species/factsheet/22711839,1,false,false,false,false,21.2,Woodland,2,1,Carnivore,Invertivore,Insessorial,322293.63,,
584,Red-throated Tit,Parus fringillinus,,2868,avibase-92FDBAF0,ebird_single,Red-throated Tit,Melaniparus fringillinus,20812,Melaniparus fringillinus,rettit2,"Tits, Chickadees, and Titmice",Passeriformes,LC,https://datazone.birdlife.org/species/factsheet/22711869,1,false,false,false,false,13.8,Woodland,2,1,Omnivore,Invertivore,Insessorial,390583.14,,
585,Dusky Tit,Parus funereus,,2870,avibase-5C54F8C9,ebird_single,Dusky Tit,Melaniparus funereus,20801,Melaniparus funereus,dustit2,"Tits, Chickadees, and Titmice",Passeriformes,LC,https://datazone.birdlife.org/species/factsheet/22711852,1,false,false,false,false,25.4,Forest,1,1,Omnivore,Invertivore,Insessorial,2252792.06,,
586,African Penduline Tit,Remiz caroli,,530,avibase-F44BD4BE,ebird_single,Grey Penduline Tit,Anthoscopus caroli,20666,Anthoscopus caroli,afptit1,Penduline Tits,Passeriformes,NE,,1,false,false,false,false,6.9,Woodland,2,1,Omnivore,Invertivore,Insessorial,4646761.76,,
587,Mouse-coloured Penduline Tit,Remiz musculus,,2850,avibase-6F967270,ebird_single,Mouse-colored Penduline Tit,Anthoscopus musculus,20660,Anthoscopus musculus,mcptit1,Penduline Tits,Passeriformes,LC,https://datazone.birdlife.org/species/factsheet/22711653,1,false,false,false,false,5.2,Shrubland,3,1,Carnivore,Invertivore,Insessorial,1141427.54,,
588,Spotted Creeper,Salpornis spilonotus,,532,avibase-A51A5F84,ebird_single,African Spotted Creeper,Salpornis salvadori,25444,Salpornis salvadori,spocre2,Spotted Creepers,Passeriformes,LC,https://datazone.birdlife.org/species/factsheet/103882123,1,false,false,false,false,14.8,Woodland,1,1,Carnivore,Invertivore,Insessorial,2540622.03,,
589,Brown Illadopsis,Trichastoma fulvescens,,1181,avibase-3805ACAD,ebird_single,Brown Illadopsis,Illadopsis fulvescens,24713,Illadopsis fulvescens,broill1,Ground Babblers and Allies,Passeriformes,LC,https://datazone.birdlife.org/species/factsheet/22715914,1,false,false,false,false,27.9,Forest,1,1,Carnivore,Invertivore,Insessorial,2855381.87,,
590,Pale-breasted Illadopsis,Trichastoma rufipennis,,3296,avibase-64078193,ebird_single,Pale-breasted Illadopsis,Illadopsis rufipennis,24720,Illadopsis rufipennis,pabill1,Ground Babblers and Allies,Passeriformes,LC,https://datazone.birdlife.org/species/factsheet/103869025,1,false,false,false,false,22.2,Forest,1,1,Carnivore,Invertivore,Generalist,2029123.6,,
591,Mountain Illadopsis,Trichastoma pyrrhopterum,,3292,avibase-596BDE51,ebird_single,Mountain Illadopsis,Illadopsis pyrrhoptera,24725,Illadopsis pyrrhoptera,mouill1,Ground Babblers and Allies,Passeriformes,LC,https://datazone.birdlife.org/species/factsheet/22715918,1,false,false,false,false,24.8,Forest,1,1,Carnivore,Invertivore,Generalist,145566.3,,
592,Scaly-breasted Illadopsis,Trichastoma albipectus,,1193,avibase-2D157C82,ebird_single,Scaly-breasted Illadopsis,Illadopsis albipectus,24734,Illadopsis albipectus,scbill1,Ground Babblers and Allies,Passeriformes,LC,https://datazone.birdlife.org/species/factsheet/22715895,1,false,false,false,false,30.6,Forest,1,1,Carnivore,Invertivore,Terrestrial,1215586.75,,
593,Grey-chested Illadopsis,Kakamega poliothorax,,1133,avibase-FC1BE879,ebird_single,Grey-chested Babbler,Kakamega poliothorax,28161,Kakamega poliothorax,gycill1,Dapple-throat and Allies,Passeriformes,LC,https://datazone.birdlife.org/species/factsheet/22715933,1,false,false,false,false,36.4,Forest,1,1,Carnivore,Invertivore,Terrestrial,140625.85,,
594,African Hill Babbler,Alcippe abyssinica,,467,avibase-7C3026CC,ebird_single,African Hill Babbler,Sylvia abyssinica,23750,Sylvia abyssinica,afhbab1,Sylviid Warblers and Allies,Passeriformes,LC,https://datazone.birdlife.org/species/factsheet/103872581,1,false,false,false,false,18.8,Forest,1,1,Carnivore,Invertivore,Insessorial,387143.47,,
595,Rufous Chatterer,Turdoides rubiginosus,,3456,avibase-861DA135,ebird_single,Rufous Chatterer,Argya rubiginosa,25043,Argya rubiginosa,rufcha2,Laughingthrushes and Allies,Passeriformes,LC,https://datazone.birdlife.org/species/factsheet/22716383,1,false,false,false,false,40.6,Shrubland,2,1,Carnivore,Invertivore,Terrestrial,1410146.95,There is likely an error of identification or taxnomy with the old atlas data,
596,Scaly Chatterer,Turdoides aylmeri,,3440,avibase-987C8F6E,ebird_single,Scaly Chatterer,Argya aylmeri,25048,Argya aylmeri,scacha1,Laughingthrushes and Allies,Passeriformes,LC,https://datazone.birdlife.org/species/factsheet/22716379,1,false,false,false,false,35.3,Shrubland,2,1,Omnivore,Invertivore,Generalist,1055408.06,,
597,Black-lored Babbler,Turdoides melanops,,3458,avibase-7350FE4C,ebird_single,Black-lored Babbler,Turdoides sharpei,25119,Turdoides sharpei,bklbab1,Laughingthrushes and Allies,Passeriformes,LC,https://datazone.birdlife.org/species/factsheet/22716462,1,false,false,false,false,79.3,Woodland,2,1,Carnivore,Invertivore,Insessorial,532508.01,,
598,Northern Pied Babbler,Turdoides hypoleucus,,3446,avibase-B0F2FB67,ebird_single,Northern Pied Babbler,Turdoides hypoleuca,25125,Turdoides hypoleuca,norpib1,Laughingthrushes and Allies,Passeriformes,LC,https://datazone.birdlife.org/species/factsheet/22716469,1,false,false,false,false,74,Shrubland,2,1,Omnivore,Omnivore,Generalist,89042.46,,
599,Scaly Babbler,Turdoides squamulatus,,3462,avibase-0E9C6F45,ebird_single,Scaly Babbler,Turdoides squamulata,25096,Turdoides squamulata,scabab2,Laughingthrushes and Allies,Passeriformes,LC,https://datazone.birdlife.org/species/factsheet/22716434,1,false,false,false,false,69.4,Shrubland,2,1,Omnivore,Omnivore,Insessorial,64347.57,,
600,Hinde's Pied Babbler,Turdoides hindei,,3444,avibase-224B2B08,ebird_single,Hinde's Babbler,Turdoides hindei,25095,Turdoides hindei,hipbab1,Laughingthrushes and Allies,Passeriformes,NT,https://datazone.birdlife.org/species/factsheet/22716480,1,true,false,false,false,67.6,Shrubland,2,1,Omnivore,Omnivore,Generalist,13807.07,,
601,Arrow-marked Babbler,Turdoides jardineii,,533,avibase-E6576A8D,ebird_single,Arrow-marked Babbler,Turdoides jardineii,25100,Turdoides jardineii,armbab1,Laughingthrushes and Allies,Passeriformes,LC,https://datazone.birdlife.org/species/factsheet/22716501,1,false,false,false,false,78.2,Shrubland,2,1,Carnivore,Invertivore,Generalist,5822352.5,,
602,Brown Babbler,Turdoides plebejus,,3452,avibase-6EBDD2D5,ebird_single,Brown Babbler,Turdoides plebejus,25085,Turdoides plebejus,brobab1,Laughingthrushes and Allies,Passeriformes,LC,https://datazone.birdlife.org/species/factsheet/22716487,1,false,false,false,false,62.5,Woodland,2,1,Omnivore,Invertivore,Terrestrial,5173060.81,,
603,Red-shouldered Cuckoo Shrike,Campephaga phoenicea,,2342,avibase-439F76D1,ebird_single,Red-shouldered Cuckooshrike,Campephaga phoenicea,17689,Campephaga phoenicea,rescus1,Cuckooshrikes,Passeriformes,LC,https://datazone.birdlife.org/species/factsheet/22706700,1,false,false,false,false,27.1,Woodland,2,1,Carnivore,Invertivore,Insessorial,4733993.8,,
604,Black Cuckoo Shrike,Campephaga flava,,513,avibase-F9031A09,ebird_single,Black Cuckooshrike,Campephaga flava,17687,Campephaga flava,blkcus1,Cuckooshrikes,Passeriformes,LC,https://datazone.birdlife.org/species/factsheet/22706695,1,false,false,false,false,32.3,Shrubland,2,1,Carnivore,Invertivore,Insessorial,5014249.34,,
605,Petit's Cuckoo Shrike,Campephaga petiti,,2340,avibase-95A02709,ebird_single,Petit's Cuckooshrike,Campephaga petiti,17688,Campephaga petiti,petcus1,Cuckooshrikes,Passeriformes,LC,https://datazone.birdlife.org/species/factsheet/22706690,1,false,false,false,false,31.3,Forest,1,1,Carnivore,Invertivore,Insessorial,508880.65,,
606,Purple-throated Cuckoo Shrike,Campephaga quisqualina,,2344,avibase-37D0D696,ebird_single,Purple-throated Cuckooshrike,Campephaga quiscalina,17690,Campephaga quiscalina,putcus1,Cuckooshrikes,Passeriformes,LC,https://datazone.birdlife.org/species/factsheet/22706705,1,false,false,false,false,34.5,Forest,1,1,Carnivore,Invertivore,Insessorial,1373914.13,,
607,Grey Cuckoo Shrike,Coracina caesia,,516,avibase-C7B05F46,ebird_single,Grey Cuckooshrike,Ceblepyris caesius,17580,Ceblepyris caesius,grycus1,Cuckooshrikes,Passeriformes,LC,https://datazone.birdlife.org/species/factsheet/22706543,1,false,false,false,false,47.3,Forest,1,1,Carnivore,Invertivore,Insessorial,905645.62,,
608,White-breasted Cuckoo Shrike,Coracina pectoralis,,515,avibase-6E682612,ebird_single,White-breasted Cuckooshrike,Ceblepyris pectoralis,17583,Ceblepyris pectoralis,whbcus2,Cuckooshrikes,Passeriformes,LC,https://datazone.birdlife.org/species/factsheet/22706538,1,false,false,false,false,54.4,Woodland,2,1,Carnivore,Invertivore,Insessorial,6110219.71,,
609,Common Bulbul,Pycnonotus barbatus,,3036,avibase-6ABDB635,ebird_single,Common Bulbul,Pycnonotus barbatus,23566,Pycnonotus barbatus,combul2,Bulbuls,Passeriformes,LC,https://datazone.birdlife.org/species/factsheet/22712650,1,false,false,false,false,32.1,Woodland,2,1,Herbivore,Frugivore,Insessorial,19572184.19,,
610,Little Greenbul,Andropadus virens,,565,avibase-3413C42C,ebird_single,Little Greenbul,Eurillas virens,23361,Eurillas virens,litgre2,Bulbuls,Passeriformes,LC,https://datazone.birdlife.org/species/factsheet/22712766,1,false,false,false,false,26.6,Forest,1,1,Herbivore,Frugivore,Insessorial,5766996.33,,
611,Little Grey Greenbul,Andropadus gracilis,,2950,avibase-486103D7,ebird_single,Little Grey Greenbul,Eurillas gracilis,23374,Eurillas gracilis,grygre1,Bulbuls,Passeriformes,LC,https://datazone.birdlife.org/species/factsheet/22712777,1,false,false,false,false,21.6,Forest,1,1,Herbivore,Omnivore,Insessorial,3552112.86,,
612,Ansorge's Greenbul,Andropadus ansorgei,,2944,avibase-0EA5F2E1,ebird_single,Ansorge's Greenbul,Eurillas ansorgei,23378,Eurillas ansorgei,ansgre1,Bulbuls,Passeriformes,LC,https://datazone.birdlife.org/species/factsheet/22712782,1,false,false,false,false,18.7,Forest,1,1,Herbivore,Frugivore,Insessorial,1858480.06,,
613,Slender-billed Greenbul,Andropadus gracilirostris,,2948,avibase-5D82C13B,ebird_single,Slender-billed Greenbul,Stelgidillas gracilirostris,23288,Stelgidillas gracilirostris,slbgre1,Bulbuls,Passeriformes,LC,https://datazone.birdlife.org/species/factsheet/22712791,1,false,false,false,false,31.2,Forest,1,1,Herbivore,Frugivore,Insessorial,3807444.87,,
614,Cameroon Sombre Greenbul,Andropadus curvirostris,,2946,avibase-0B325B7F,ebird_single,Plain Greenbul,Eurillas curvirostris,23371,Eurillas curvirostris,plagre2,Bulbuls,Passeriformes,LC,https://datazone.birdlife.org/species/factsheet/22712786,1,false,false,false,false,24.9,Forest,1,1,Herbivore,Omnivore,Insessorial,3502649.29,,
615,Mountain Greenbul,Andropadus tephrolaemus,,2942,avibase-FC523946,ebird_single,Black-headed Mountain Greenbul,Arizelocichla nigriceps,23314,Arizelocichla nigriceps,easmog2,Bulbuls,Passeriformes,NE,,1,false,false,false,false,34.5,Forest,1,1,Herbivore,Frugivore,Insessorial,248447.89,,
616,Stripe-cheeked Greenbul,Andropadus milanjensis,,549,avibase-8479F56E,ebird_single,Stripe-cheeked Greenbul,Arizelocichla milanjensis,23322,Arizelocichla milanjensis,stcgre1,Bulbuls,Passeriformes,NT,https://datazone.birdlife.org/species/factsheet/22730593,1,false,false,false,false,37.4,Forest,2,1,Omnivore,Omnivore,Insessorial,42374.09,,
617,Shelley's Greenbul,Andropadus masukuensis,,555,avibase-6FC57210,ebird_single,Shelley's Greenbul,Arizelocichla masukuensis,23305,Arizelocichla masukuensis,shegre1,Bulbuls,Passeriformes,LC,https://datazone.birdlife.org/species/factsheet/22712760,1,false,false,false,false,26.8,Forest,1,1,Omnivore,Invertivore,Insessorial,163721.68,,
618,Yellow-whiskered Greenbul,Andropadus latirostris,,1111,avibase-728B225E,ebird_single,Yellow-whiskered Greenbul,Eurillas latirostris,23367,Eurillas latirostris,yewgre1,Bulbuls,Passeriformes,LC,https://datazone.birdlife.org/species/factsheet/22712800,1,false,false,false,false,26.2,Forest,1,1,Omnivore,Frugivore,Insessorial,3682285.72,,
619,Zanzibar Sombre Greenbul,Andropadus importunus,,551,avibase-79A45DAF,ebird_single,Sombre Greenbul,Andropadus importunus,23280,Andropadus importunus,somgre1,Bulbuls,Passeriformes,LC,https://datazone.birdlife.org/species/factsheet/22712795,1,false,false,false,false,27.4,Shrubland,2,1,Herbivore,Frugivore,Insessorial,1338546.67,,
620,Yellow-throated Leaflove,Chlorocichla flavicollis,,1194,avibase-C73137EA,manual,Yellow-gorgeted Greenbul,Atimastillas flavicollis,23329,Atimastillas flavicollis,yetgre2,Bulbuls,Passeriformes,LC,https://datazone.birdlife.org/species/factsheet/103817373,1,false,false,false,false,48.7,Shrubland,2,1,Herbivore,Frugivore,Insessorial,1683203.48,,
621,Yellow-bellied Greenbul,Chlorocichla flaviventris,,550,avibase-D083BB3F,ebird_single,Yellow-bellied Greenbul,Chlorocichla flaviventris,23344,Chlorocichla flaviventris,yebgre1,Bulbuls,Passeriformes,LC,https://datazone.birdlife.org/species/factsheet/22712865,1,false,false,false,false,39.4,Forest,1,1,Herbivore,Omnivore,Insessorial,3986239.89,,
622,Joyful Greenbul,Chlorocichla laetissima,,2972,avibase-4602AC01,ebird_single,Joyful Greenbul,Chlorocichla laetissima,23339,Chlorocichla laetissima,joygre1,Bulbuls,Passeriformes,LC,https://datazone.birdlife.org/species/factsheet/22712869,1,false,false,false,false,50.2,Forest,1,1,Herbivore,Omnivore,Insessorial,137013.1,,
623,Bristlebill,Bleda syndactyla,,1191,avibase-5A94FEAE,ebird_single,Red-tailed Bristlebill,Bleda syndactylus,23294,Bleda syndactylus,combri2,Bulbuls,Passeriformes,LC,https://datazone.birdlife.org/species/factsheet/22713056,1,false,false,false,false,46.1,Forest,1,1,Carnivore,Invertivore,Insessorial,3527560.89,,
624,Honeyguide Greenbul,Baeopogon indicator,,1113,avibase-E6A0D208,ebird_single,Honeyguide Greenbul,Baeopogon indicator,23335,Baeopogon indicator,hongre1,Bulbuls,Passeriformes,LC,https://datazone.birdlife.org/species/factsheet/22712837,1,false,false,false,false,45.8,Forest,1,1,Herbivore,Frugivore,Insessorial,4280773.28,,
625,Fischer's Greenbul,Phyllastrephus fischeri,,2998,avibase-2DA2C52F,ebird_single,Fischer's Greenbul,Phyllastrephus fischeri,23411,Phyllastrephus fischeri,fisgre1,Bulbuls,Passeriformes,LC,https://datazone.birdlife.org/species/factsheet/22712896,1,false,false,false,false,27,Forest,1,1,Carnivore,Invertivore,Generalist,270855.04,,
626,Olive Mountain Greenbul,Phyllastrephus placidus,,1086,avibase-24F71192,ebird_single,Cabanis's Greenbul,Phyllastrephus cabanisi,23412,Phyllastrephus cabanisi,cabgre1,Bulbuls,Passeriformes,LC,https://datazone.birdlife.org/species/factsheet/22712890,1,false,false,false,false,34.4,Forest,1,1,Carnivore,Invertivore,Generalist,1995009.62,,
627,Brownbul,Phyllastrephus terrestris,,546,avibase-07FD1D4C,ebird_single,Terrestrial Brownbul,Phyllastrephus terrestris,23401,Phyllastrephus terrestris,terbro1,Bulbuls,Passeriformes,LC,https://datazone.birdlife.org/species/factsheet/22712905,1,false,false,false,false,31.1,Forest,1,1,Carnivore,Invertivore,Generalist,2434586.59,,
628,Northern Brownbul,Phyllastrephus strepitans,,3024,avibase-29820AD9,ebird_single,Northern Brownbul,Phyllastrephus strepitans,23407,Phyllastrephus strepitans,norbro1,Bulbuls,Passeriformes,LC,https://datazone.birdlife.org/species/factsheet/22712910,1,false,false,false,false,27.1,Shrubland,2,1,Omnivore,Invertivore,Insessorial,1347241.75,,
629,Grey-olive Greenbul,Phyllastrephus cerviniventris,,965,avibase-7CE29E0E,ebird_single,Grey-olive Greenbul,Phyllastrephus cerviniventris,23408,Phyllastrephus cerviniventris,gyogre1,Bulbuls,Passeriformes,LC,https://datazone.birdlife.org/species/factsheet/22712919,1,false,false,false,false,27,Shrubland,2,1,Carnivore,Invertivore,Generalist,1170058.23,,
630,Yellow-streaked Greenbul,Phyllastrephus flavostriatus,,547,avibase-651384DF,ebird_single,Yellow-streaked Greenbul,Phyllastrephus flavostriatus,23388,Phyllastrephus flavostriatus,yesbul1,Bulbuls,Passeriformes,LC,https://datazone.birdlife.org/species/factsheet/22730603,1,false,false,false,false,28.3,Forest,1,1,Carnivore,Invertivore,Insessorial,444379.94,"Species not recorded during both the old and new atlas, but recorded in Kenya.",
631,Toro Olive Greenbul,Phyllastrephus baumanni,,3012,avibase-2E3D5AAF,ebird_single,Toro Olive Greenbul,Phyllastrephus hypochloris,23421,Phyllastrephus hypochloris,toogre1,Bulbuls,Passeriformes,LC,https://datazone.birdlife.org/species/factsheet/22712935,1,false,false,false,false,23.1,Forest,1,1,Carnivore,Invertivore,Insessorial,134659.57,,
632,Tiny Greenbul,Phyllastrephus debilis,,548,avibase-FA137697,ebird_single,Lowland Tiny Greenbul,Phyllastrephus debilis,23382,Phyllastrephus debilis,tingre1,Bulbuls,Passeriformes,LC,https://datazone.birdlife.org/species/factsheet/103819211,1,false,false,false,false,14.3,Shrubland,2,1,Carnivore,Invertivore,Insessorial,199654.82,,
633,Nicator,Nicator chloris,,725,avibase-7066D2F1,ebird_single,Eastern Nicator,Nicator gularis,21469,Nicator gularis,easnic1,Nicators,Passeriformes,LC,https://datazone.birdlife.org/species/factsheet/22713100,1,false,false,false,false,45.6,Woodland,1,1,Carnivore,Invertivore,Insessorial,940421.62,,
634,Stonechat,Saxicola torquata,,576,avibase-CF2E9674,ebird_single,African Stonechat,Saxicola torquatus,27996,Saxicola torquatus,afrsto1,"Chats, Old World Flycatchers, and Allies",Passeriformes,NE,,1,false,false,false,false,14.1,Shrubland,3,2,Carnivore,Invertivore,Insessorial,32655980.34,,
635,Whinchat,Saxicola rubetra,,577,avibase-A0EDAEA2,ebird_single,Whinchat,Saxicola rubetra,27967,Saxicola rubetra,whinch1,"Chats, Old World Flycatchers, and Allies",Passeriformes,LC,https://datazone.birdlife.org/species/factsheet/22710156,1,false,false,true,false,16.6,Shrubland,2,3,Carnivore,Invertivore,Insessorial,10238944.41,,
636,Capped Wheatear,Oenanthe pileata,,568,avibase-E6BD3258,ebird_single,Capped Wheatear,Oenanthe pileata,28087,Oenanthe pileata,capwhe1,"Chats, Old World Flycatchers, and Allies",Passeriformes,LC,https://datazone.birdlife.org/species/factsheet/22710329,1,false,false,false,false,26.8,Grassland,3,2,Carnivore,Invertivore,Insessorial,5997462.33,,
637,Red-breasted Wheatear,Oenanthe bottae,,2664,avibase-6ADB636C,ebird_single,Heuglin's Wheatear,Oenanthe heuglinii,28094,Oenanthe heuglinii,heuwhe1,"Chats, Old World Flycatchers, and Allies",Passeriformes,LC,https://datazone.birdlife.org/species/factsheet/22710348,1,false,false,false,false,19.9,Grassland,3,2,Carnivore,Invertivore,Insessorial,4731515.76,,
638,Isabelline Wheatear,Oenanthe isabellina,,1010,avibase-E6C6F746,ebird_single,Isabelline Wheatear,Oenanthe isabellina,28093,Oenanthe isabellina,isawhe1,"Chats, Old World Flycatchers, and Allies",Passeriformes,LC,https://datazone.birdlife.org/species/factsheet/22710333,1,false,false,true,false,29.4,Shrubland,3,3,Carnivore,Invertivore,Insessorial,11710698.47,,
639,Northern Wheatear,Oenanthe oenanthe,,563,avibase-DF526047,ebird_single,Northern Wheatear,Oenanthe oenanthe,28083,Oenanthe oenanthe,norwhe,"Chats, Old World Flycatchers, and Allies",Passeriformes,LC,https://datazone.birdlife.org/species/factsheet/103773898,1,false,false,true,false,25.4,Grassland,3,3,Carnivore,Invertivore,Insessorial,29248291.46,,
640,Pied Wheatear,Oenanthe pleschanka,,1023,avibase-2FB34D83,ebird_single,Pied Wheatear,Oenanthe pleschanka,28079,Oenanthe pleschanka,piewhe1,"Chats, Old World Flycatchers, and Allies",Passeriformes,LC,https://datazone.birdlife.org/species/factsheet/22710308,1,false,false,true,false,19.4,Rock,3,3,Carnivore,Invertivore,Insessorial,8846595.23,,
641,Black-eared Wheatear,Oenanthe hispanica,,2674,avibase-9611335C,ebird_group_exact,Western/Eastern Black-eared Wheatear,Oenanthe sp.,28078,Oenanthe hispanica|Oenanthe melanoleuca,bkewhe1|bkewhe2,"Chats, Old World Flycatchers, and Allies",Passeriformes,NE,,2,false,false,false,false,15,Shrubland,2,3,Omnivore,Invertivore,Insessorial,3529344.19,,
642,Desert Wheatear,Oenanthe deserti,,2670,avibase-078BC0ED,ebird_single,Desert Wheatear,Oenanthe deserti,28074,Oenanthe deserti,deswhe1,"Chats, Old World Flycatchers, and Allies",Passeriformes,LC,https://datazone.birdlife.org/species/factsheet/22710325,1,false,false,false,false,19.8,Grassland,3,2,Carnivore,Invertivore,Insessorial,7736786.49,,
643,Mourning Wheatear,Oenanthe lugens,,2682,avibase-5396F9FB,ebird_single,Abyssinian Wheatear,Oenanthe lugubris,28147,Oenanthe lugubris,mouwhe4,"Chats, Old World Flycatchers, and Allies",Passeriformes,LC,https://datazone.birdlife.org/species/factsheet/22710287,1,false,false,false,false,22.4,Rock,3,1,Carnivore,Invertivore,Insessorial,2312897.13,,
644,Sprosser,Luscinia luscinia,,592,avibase-6EC66752,ebird_single,Thrush Nightingale,Luscinia luscinia,27664,Luscinia luscinia,thrnig1,"Chats, Old World Flycatchers, and Allies",Passeriformes,LC,https://datazone.birdlife.org/species/factsheet/22709691,1,false,false,true,false,23.8,Shrubland,1,3,Carnivore,Invertivore,Generalist,6890175.16,,
645,Nightingale,Luscinia megarhynchos,,2596,avibase-7C7F0DEE,ebird_single,Common Nightingale,Luscinia megarhynchos,27665,Luscinia megarhynchos,comnig1,"Chats, Old World Flycatchers, and Allies",Passeriformes,LC,https://datazone.birdlife.org/species/factsheet/22709696,1,false,false,true,false,19.6,Woodland,1,3,Carnivore,Invertivore,Generalist,6778462.19,,
646,Irania,Irania gutturalis,,2592,avibase-73BD4B29,ebird_single,White-throated Robin,Irania gutturalis,27662,Irania gutturalis,whtrob3,"Chats, Old World Flycatchers, and Allies",Passeriformes,LC,https://datazone.birdlife.org/species/factsheet/22709758,1,false,false,true,false,21.6,Shrubland,2,3,Carnivore,Invertivore,Insessorial,1374813.39,,
647,Redstart,Phoenicurus phoenicurus,,1004,avibase-06DD9D95,ebird_single,Common Redstart,Phoenicurus phoenicurus,27926,Phoenicurus phoenicurus,comred2,"Chats, Old World Flycatchers, and Allies",Passeriformes,LC,https://datazone.birdlife.org/species/factsheet/22710055,1,false,false,true,false,14.6,Woodland,1,3,Carnivore,Invertivore,Insessorial,14485113.51,,
648,Red-tailed Chat,Cercomela familiaris,,570,avibase-CD8DEBE3,ebird_single,Familiar Chat,Oenanthe familiaris,28110,Oenanthe familiaris,famcha1,"Chats, Old World Flycatchers, and Allies",Passeriformes,LC,https://datazone.birdlife.org/species/factsheet/22710367,1,false,false,false,false,19.5,Shrubland,2,1,Carnivore,Invertivore,Insessorial,7293437.67,,
649,Brown-tailed Rock Chat,Cercomela scotocerca,,2550,avibase-DA3F40DB,ebird_single,Brown-tailed Rock Chat,Oenanthe scotocerca,28119,Oenanthe scotocerca,brtcha1,"Chats, Old World Flycatchers, and Allies",Passeriformes,LC,https://datazone.birdlife.org/species/factsheet/22710371,1,false,false,false,false,16,Rock,3,1,Omnivore,Invertivore,Generalist,554755.07,,
650,Alpine Chat,Cercomela sordida,,2552,avibase-8EB0AB41,ebird_single,Moorland Chat,Pinarochroa sordida,28038,Pinarochroa sordida,moocha1,"Chats, Old World Flycatchers, and Allies",Passeriformes,LC,https://datazone.birdlife.org/species/factsheet/22710389,1,false,false,false,false,21,Grassland,2,1,Carnivore,Invertivore,Insessorial,188372.16,,
651,Rock Thrush,Monticola saxatilis,,2618,avibase-736D38E7,ebird_single,Common Rock Thrush,Monticola saxatilis,27947,Monticola saxatilis,rtrthr1,"Chats, Old World Flycatchers, and Allies",Passeriformes,LC,https://datazone.birdlife.org/species/factsheet/22708257,1,false,false,true,false,50.3,Rock,2,3,Carnivore,Invertivore,Insessorial,8709224.99,,
652,Little Rock Thrush,Monticola rufocinerea,,2616,avibase-566669CC,ebird_single,Little Rock Thrush,Monticola rufocinereus,27944,Monticola rufocinereus,lirthr1,"Chats, Old World Flycatchers, and Allies",Passeriformes,LC,https://datazone.birdlife.org/species/factsheet/22708265,1,false,false,false,false,24,Rock,2,1,Carnivore,Invertivore,Insessorial,583391.08,,
653,Anteater Chat,Myrmecocichla aethiops,,2650,avibase-E09F7223,ebird_single,Anteater Chat,Myrmecocichla aethiops,28056,Myrmecocichla aethiops,noacha1,"Chats, Old World Flycatchers, and Allies",Passeriformes,LC,https://datazone.birdlife.org/species/factsheet/22710400,1,false,false,false,false,56.6,Grassland,3,1,Carnivore,Invertivore,Terrestrial,2152635.81,,
654,Sooty Chat,Myrmecocichla nigra,,966,avibase-B55BADC1,ebird_single,Sooty Chat,Myrmecocichla nigra,28055,Myrmecocichla nigra,soocha1,"Chats, Old World Flycatchers, and Allies",Passeriformes,LC,https://datazone.birdlife.org/species/factsheet/22710416,1,false,false,false,false,40.3,Grassland,3,1,Carnivore,Invertivore,Terrestrial,3505287.84,,
655,Cliff Chat,Thamnolaea cinnamomeiventris,,573,avibase-F8B6EC31,ebird_single,Mocking Cliff Chat,Thamnolaea cinnamomeiventris,28044,Thamnolaea cinnamomeiventris,moccha1,"Chats, Old World Flycatchers, and Allies",Passeriformes,LC,https://datazone.birdlife.org/species/factsheet/22710441,1,false,false,false,false,39.8,Rock,2,1,Herbivore,Frugivore,Insessorial,2978092.64,,
656,White-browed Scrub Robin,Cercotrichas leucophrys,,588,avibase-B5B6EC7B,ebird_single,White-browed Scrub Robin,Cercotrichas leucophrys,27160,Cercotrichas leucophrys,rbsrob1,"Chats, Old World Flycatchers, and Allies",Passeriformes,LC,https://datazone.birdlife.org/species/factsheet/22709927,1,false,false,false,false,16.5,Shrubland,2,1,Carnivore,Invertivore,Terrestrial,8126492.58,,
657,Brown-backed Scrub Robin,Cercotrichas hartlaubi,,2556,avibase-15B2DD49,ebird_single,Brown-backed Scrub Robin,Cercotrichas hartlaubi,27159,Cercotrichas hartlaubi,bbsrob1,"Chats, Old World Flycatchers, and Allies",Passeriformes,LC,https://datazone.birdlife.org/species/factsheet/22709918,1,false,false,false,false,19.2,Shrubland,2,1,Carnivore,Invertivore,Terrestrial,612316.42,This species is prone to misidentification and its maps might be affected by error.,
658,Rufous Bush Chat,Cercotrichas galactotes,,567,avibase-B68BD0D2,ebird_single,Rufous-tailed Scrub Robin,Cercotrichas galactotes,27149,Cercotrichas galactotes,rutscr1,"Chats, Old World Flycatchers, and Allies",Passeriformes,LC,https://datazone.birdlife.org/species/factsheet/22709936,1,false,false,true,false,20.3,Shrubland,2,3,Omnivore,Invertivore,Generalist,9230677.97,,
659,Eastern Bearded Scrub Robin,Cercotrichas quadrivirgata,,585,avibase-92908926,ebird_single,Bearded Scrub Robin,Tychaedon quadrivirgata,27141,Tychaedon quadrivirgata,besrob1,"Chats, Old World Flycatchers, and Allies",Passeriformes,LC,https://datazone.birdlife.org/species/factsheet/22709891,1,false,false,false,false,26.1,Shrubland,1,1,Carnivore,Invertivore,Terrestrial,1616296.2,,
660,Morning Thrush,Cichladusa arquata,,593,avibase-A0A3B03D,ebird_single,Collared Palm Thrush,Cichladusa arquata,27604,Cichladusa arquata,copthr1,"Chats, Old World Flycatchers, and Allies",Passeriformes,LC,https://datazone.birdlife.org/species/factsheet/22709864,1,false,false,false,false,34.2,Shrubland,2,1,Carnivore,Invertivore,Terrestrial,2314814.62,This map might contains errors,
661,Spotted Morning Thrush,Cichladusa guttata,,2560,avibase-345658E9,ebird_single,Spotted Palm Thrush,Cichladusa guttata,27606,Cichladusa guttata,spmthr1,"Chats, Old World Flycatchers, and Allies",Passeriformes,LC,https://datazone.birdlife.org/species/factsheet/22709876,1,false,false,false,false,23.1,Shrubland,2,1,Carnivore,Invertivore,Terrestrial,1373382.96,This map might contains errors,
662,White-starred Forest Robin,Pogonocichla stellata,,589,avibase-230A0342,ebird_single,White-starred Robin,Pogonocichla stellata,27529,Pogonocichla stellata,whsrob1,"Chats, Old World Flycatchers, and Allies",Passeriformes,LC,https://datazone.birdlife.org/species/factsheet/22709611,1,false,false,false,false,18.6,Forest,1,1,Carnivore,Invertivore,Insessorial,1560903.36,,
663,Brown-chested Alethe,Alethe poliocephala,,1109,avibase-8B7A6FE9,ebird_single,Brown-chested Alethe,Chamaetylas poliocephala,27559,Chamaetylas poliocephala,brcale1,"Chats, Old World Flycatchers, and Allies",Passeriformes,LC,https://datazone.birdlife.org/species/factsheet/22708992,1,false,false,false,false,32.4,Forest,1,1,Carnivore,Invertivore,Terrestrial,1599692.41,,
664,Forest Robin,Stiphrornis erythrothorax,0,#N/A,avibase-0DD78D2A,ebird_single,Orange-breasted Forest Robin,Stiphrornis erythrothorax,27542,Stiphrornis erythrothorax,obfrob1,"Chats, Old World Flycatchers, and Allies",Passeriformes,NE,,1,false,false,false,false,15.6,Forest,1,1,Carnivore,Invertivore,Generalist,797767.7,,Rejected
665,Snowy-headed Robin Chat,Cossypha niveicapilla,,2574,avibase-BB05D1FC,ebird_single,Snowy-crowned Robin-Chat,Cossypha niveicapilla,27596,Cossypha niveicapilla,scrcha1,"Chats, Old World Flycatchers, and Allies",Passeriformes,LC,https://datazone.birdlife.org/species/factsheet/22709847,1,false,false,false,false,36.7,Woodland,2,1,Carnivore,Invertivore,Generalist,5176063.97,,
666,White-browed Robin Chat,Cossypha heuglini,,580,avibase-16BD42DD,ebird_single,White-browed Robin-Chat,Cossypha heuglini,27584,Cossypha heuglini,wbrcha2,"Chats, Old World Flycatchers, and Allies",Passeriformes,LC,https://datazone.birdlife.org/species/factsheet/22709822,1,false,false,false,false,34.8,Riverine,2,1,Carnivore,Invertivore,Terrestrial,6366999.37,,
667,Rüppell's Robin Chat,Cossypha semirufa,,2576,avibase-53EABB81,ebird_single,Rüppell's Robin-Chat,Cossypha semirufa,27580,Cossypha semirufa,rurcha1,"Chats, Old World Flycatchers, and Allies",Passeriformes,LC,https://datazone.birdlife.org/species/factsheet/22709815,1,false,false,false,false,27.3,Forest,2,1,Carnivore,Invertivore,Generalist,865714.31,This species is prone to misidentification and its maps might be affected by error.,
668,Blue-shouldered Robin Chat,Cossypha cyanocampter,,2570,avibase-9616C96E,ebird_single,Blue-shouldered Robin-Chat,Cossypha cyanocampter,27577,Cossypha cyanocampter,bsrcha1,"Chats, Old World Flycatchers, and Allies",Passeriformes,LC,https://datazone.birdlife.org/species/factsheet/22709803,1,false,false,false,false,26.7,Shrubland,1,1,Carnivore,Invertivore,Generalist,1817635.07,,
669,Red-capped Robin Chat,Cossypha natalensis,,579,avibase-3846F8A8,ebird_single,Red-capped Robin-Chat,Cossypha natalensis,27588,Cossypha natalensis,rcrcha1,"Chats, Old World Flycatchers, and Allies",Passeriformes,LC,https://datazone.birdlife.org/species/factsheet/22709828,1,false,false,false,false,34.1,Woodland,2,1,Carnivore,Invertivore,Terrestrial,3643626.52,,
670,Robin Chat,Cossypha caffra,,581,avibase-A38BABE1,ebird_single,Cape Robin-Chat,Dessonornis caffer,27621,Dessonornis caffer,carcha1,"Chats, Old World Flycatchers, and Allies",Passeriformes,LC,https://datazone.birdlife.org/species/factsheet/22709791,1,false,false,false,false,28.5,Forest,2,1,Carnivore,Invertivore,Generalist,1628062.49,,
671,Grey-winged Ground Robin,Cossypha polioptera,,1085,avibase-25C26AB9,ebird_single,Grey-winged Robin-Chat,Sheppardia polioptera,27628,Sheppardia polioptera,gywroc1,"Chats, Old World Flycatchers, and Allies",Passeriformes,LC,https://datazone.birdlife.org/species/factsheet/22709809,1,false,false,false,false,18.7,Shrubland,1,1,Carnivore,Invertivore,Terrestrial,644019.5,,
672,Equatorial Akalat,Sheppardia aequatorialis,,2710,avibase-C25F57BD,ebird_single,Equatorial Akalat,Sheppardia aequatorialis,27646,Sheppardia aequatorialis,equaka1,"Chats, Old World Flycatchers, and Allies",Passeriformes,LC,https://datazone.birdlife.org/species/factsheet/22709642,1,false,false,false,false,16.8,Forest,1,1,Carnivore,Invertivore,Insessorial,137290.29,,
673,East Coast Akalat,Sheppardia gunningi,,591,avibase-3E4783BA,ebird_single,East Coast Akalat,Sheppardia gunningi,27652,Sheppardia gunningi,eacaka1,"Chats, Old World Flycatchers, and Allies",Passeriformes,NT,https://datazone.birdlife.org/species/factsheet/22709650,1,false,false,false,false,17.3,Forest,1,1,Carnivore,Invertivore,Insessorial,58081.47,,
674,Red-tailed Ant Thrush,Neocossyphus rufus,,2662,avibase-90FDC4CC,ebird_single,Red-tailed Ant Thrush,Neocossyphus rufus,26563,Neocossyphus rufus,rtathr1,Thrushes and Allies,Passeriformes,LC,https://datazone.birdlife.org/species/factsheet/22708188,1,false,false,false,false,65.9,Forest,1,2,Carnivore,Invertivore,Generalist,1123680.47,,
675,White-tailed Ant Thrush,Neocossyphus poensis,,2660,avibase-0BD37CDF,ebird_single,White-tailed Ant Thrush,Neocossyphus poensis,26560,Neocossyphus poensis,wtathr1,Thrushes and Allies,Passeriformes,LC,https://datazone.birdlife.org/species/factsheet/22708195,1,false,false,false,false,51.8,Forest,1,1,Carnivore,Invertivore,Terrestrial,2510054.88,,
676,African Thrush,Turdus pelios,,1168,avibase-40A2405D,ebird_single,African Thrush,Turdus pelios,26817,Turdus pelios,afrthr1,Thrushes and Allies,Passeriformes,LC,https://datazone.birdlife.org/species/factsheet/22708702,1,false,false,false,false,65.4,Woodland,2,1,Omnivore,Omnivore,Generalist,8376209.44,,
677,Bare-eyed Thrush,Turdus tephronotus,,2750,avibase-A0DC8E87,ebird_single,Bare-eyed Thrush,Turdus tephronotus,26839,Turdus tephronotus,abethr1,Thrushes and Allies,Passeriformes,LC,https://datazone.birdlife.org/species/factsheet/22708707,1,false,false,false,false,49.4,Shrubland,2,1,Omnivore,Invertivore,Generalist,998012.21,,
678,Northern Olive Thrush,Turdus abyssinicus,,0,avibase-407A34D9,manual,Abyssinian/Taita Thrush,Turdus sp.,26829,Turdus abyssinicus|Turdus helleri,abythr1|taithr1,Thrushes and Allies,Passeriformes,EN,,2,false,false,false,false,67.3,Forest,1,1,Omnivore,Omnivore,Generalist,985397.28,,
679,Orange Ground Thrush,Zoothera gurneyi,,556,avibase-45C55FDE,ebird_single,Orange Ground Thrush,Geokichla gurneyi,26769,Geokichla gurneyi,orgthr1,Thrushes and Allies,Passeriformes,LC,https://datazone.birdlife.org/species/factsheet/22708426,1,false,false,false,false,57.9,Forest,1,2,Carnivore,Invertivore,Terrestrial,421268.02,,
680,Abyssinian Ground Thrush,Zoothera piaggiae,,2768,avibase-C54DCA26,ebird_single,Abyssinian Ground Thrush,Geokichla piaggiae,26762,Geokichla piaggiae,abgthr1,Thrushes and Allies,Passeriformes,LC,https://datazone.birdlife.org/species/factsheet/22730723,1,false,false,false,false,51.1,Forest,1,1,Omnivore,Omnivore,Generalist,328100.35,,
681,Spotted Ground Thrush,Turdus fischeri,,558,avibase-60A39CF9,ebird_single,Spotted Ground Thrush,Geokichla guttata,26745,Geokichla guttata,spgthr1,Thrushes and Allies,Passeriformes,VU,https://datazone.birdlife.org/species/factsheet/22708464,1,false,true,false,false,57.5,Forest,1,2,Omnivore,Omnivore,Terrestrial,43468.22,,
682,Little Rush Warbler,Bradypterus baboecala,,0,avibase-E23637BD,manual,Little/Highland Rush Warbler,Bradypterus sp.,22495,Bradypterus baboecala|Bradypterus centralis,afbwar1|hirwar2,"Grasshopper Warblers, Grassbirds, and Allies",Passeriformes,LC,,2,false,false,false,false,12.9,Wetland,3,1,Carnivore,Invertivore,Insessorial,3037930.36,,
683,White-winged Warbler,Bradypterus carpalis,,1064,avibase-8CA1A851,ebird_single,White-winged Swamp Warbler,Bradypterus carpalis,22503,Bradypterus carpalis,wwswar1,"Grasshopper Warblers, Grassbirds, and Allies",Passeriformes,LC,https://datazone.birdlife.org/species/factsheet/22714461,1,false,false,false,false,22.4,Wetland,3,1,Carnivore,Invertivore,Insessorial,116124.15,,
684,Cinnamon Bracken Warbler,Bradypterus cinnamomeus,,1107,avibase-523913AE,ebird_single,Cinnamon Bracken Warbler,Bradypterus cinnamomeus,22487,Bradypterus cinnamomeus,cibwar1,"Grasshopper Warblers, Grassbirds, and Allies",Passeriformes,LC,https://datazone.birdlife.org/species/factsheet/22714503,1,false,false,false,false,17.4,Forest,1,1,Carnivore,Invertivore,Generalist,513979.16,,
685,Evergreen Forest Warbler,Bradypterus lopezi,,1106,avibase-8160D091,ebird_single,Evergreen Forest Warbler,Bradypterus lopezi,22477,Bradypterus lopezi,camscw1,"Grasshopper Warblers, Grassbirds, and Allies",Passeriformes,LC,https://datazone.birdlife.org/species/factsheet/22714485,1,false,false,false,false,19.2,Forest,1,1,Carnivore,Invertivore,Generalist,424179.16,,
686,Fan-tailed Warbler,Schoenicola platyura,,616,avibase-2470FC01,ebird_single,Fan-tailed Grassbird,Catriscus brevirostris,22459,Catriscus brevirostris,fatgra1,"Grasshopper Warblers, Grassbirds, and Allies",Passeriformes,LC,https://datazone.birdlife.org/species/factsheet/22715572,1,false,false,false,false,15.7,Grassland,3,1,Carnivore,Invertivore,Terrestrial,2804794.87,,
687,Grasshopper Warbler,Locustella naevia,,3306,avibase-BC0E4C9F,ebird_single,Common Grasshopper Warbler,Locustella naevia,22423,Locustella naevia,cogwar1,"Grasshopper Warblers, Grassbirds, and Allies",Passeriformes,LC,https://datazone.birdlife.org/species/factsheet/22714657,1,false,false,false,false,13.3,Shrubland,2,3,Carnivore,Invertivore,Generalist,7984518.2,,
688,River Warbler,Locustella fluviatilis,,598,avibase-2B020CA0,ebird_single,River Warbler,Locustella fluviatilis,22413,Locustella fluviatilis,eurwar2,"Grasshopper Warblers, Grassbirds, and Allies",Passeriformes,LC,https://datazone.birdlife.org/species/factsheet/22714679,1,false,false,true,false,16.1,Wetland,3,3,Carnivore,Invertivore,Generalist,5232960.16,,
689,Savi's Warbler,Locustella luscinioides,,3304,avibase-2D46BB98,ebird_single,Savi's Warbler,Locustella luscinioides,22414,Locustella luscinioides,savwar1,"Grasshopper Warblers, Grassbirds, and Allies",Passeriformes,LC,https://datazone.birdlife.org/species/factsheet/22714684,1,false,false,false,false,13.9,Wetland,3,3,Carnivore,Invertivore,Generalist,4698320.69,,
690,Sedge Warbler,Acrocephalus schoenobaenus,,608,avibase-FED5AED5,ebird_single,Sedge Warbler,Acrocephalus schoenobaenus,22248,Acrocephalus schoenobaenus,sedwar1,Reed Warblers and Allies,Passeriformes,LC,https://datazone.birdlife.org/species/factsheet/22714700,1,false,false,true,false,11.8,Wetland,3,3,Carnivore,Invertivore,Insessorial,11967937.01,,
691,African Reed Warbler,Acrocephalus baeticatus,692,606,avibase-3F0EE474,ebird_single,Common Reed Warbler,Acrocephalus scirpaceus,22265,Acrocephalus scirpaceus,eurwar1,Reed Warblers and Allies,Passeriformes,LC,https://datazone.birdlife.org/species/factsheet/22714722,1,false,false,false,false,12.3,Wetland,3,3,Carnivore,Invertivore,Insessorial,15112845.4,This species is prone to misidentification and its maps might be affected by error.,Folded into SEQ 692 Reed Warbler. Taxonomic: AviList v2025b treats Acrocephalus baeticatus as conspecific with A. scirpaceus (Common Reed Warbler). 14 squares (1970-1984).
692,Reed Warbler,Acrocephalus scirpaceus,,911,avibase-3F0EE474,ebird_single,Common Reed Warbler,Acrocephalus scirpaceus,22265,Acrocephalus scirpaceus,eurwar1,Reed Warblers and Allies,Passeriformes,LC,https://datazone.birdlife.org/species/factsheet/22714722,1,false,false,true,false,12.3,Wetland,3,3,Carnivore,Invertivore,Insessorial,15112845.4,This species is prone to misidentification and its maps might be affected by error.,
693,Marsh Warbler,Acrocephalus palustris,,607,avibase-B675E006,ebird_single,Marsh Warbler,Acrocephalus palustris,22264,Acrocephalus palustris,marwar3,Reed Warblers and Allies,Passeriformes,LC,https://datazone.birdlife.org/species/factsheet/22714741,1,false,false,true,false,11.5,Shrubland,3,3,Carnivore,Invertivore,Insessorial,5996672.74,This species is prone to misidentification and its maps might be affected by error.,
694,Great Reed Warbler,Acrocephalus arundinaceus,,603,avibase-B283E332,ebird_single,Great Reed Warbler,Acrocephalus arundinaceus,22295,Acrocephalus arundinaceus,grrwar1,Reed Warblers and Allies,Passeriformes,LC,https://datazone.birdlife.org/species/factsheet/104317670,1,false,false,true,false,30,Wetland,3,3,Carnivore,Invertivore,Insessorial,9336953.31,,
695,Basra Reed Warbler,Acrocephalus griseldis,,949,avibase-0D42A253,ebird_single,Basra Reed Warbler,Acrocephalus griseldis,22276,Acrocephalus griseldis,barwar2,Reed Warblers and Allies,Passeriformes,EN,https://datazone.birdlife.org/species/factsheet/22714757,1,false,false,true,false,16.7,Wetland,3,3,Carnivore,Invertivore,Insessorial,105982.42,This species is prone to misidentification and its maps might be affected by error.,
696,Lesser Swamp Warbler,Acrocephalus gracilirostris,,604,avibase-4AA7817D,ebird_single,Lesser Swamp Warbler,Acrocephalus gracilirostris,22280,Acrocephalus gracilirostris,leswar1,Reed Warblers and Allies,Passeriformes,LC,https://datazone.birdlife.org/species/factsheet/22714859,1,false,false,false,false,14.4,Wetland,3,1,Carnivore,Invertivore,Insessorial,4809980,,
697,Greater Swamp Warbler,Acrocephalus rufescens,,912,avibase-C8857CC8,ebird_single,Greater Swamp Warbler,Acrocephalus rufescens,22290,Acrocephalus rufescens,grswar2,Reed Warblers and Allies,Passeriformes,LC,https://datazone.birdlife.org/species/factsheet/22714846,1,false,false,false,false,22.7,Wetland,3,1,Carnivore,Invertivore,Insessorial,1400095.07,,
698,Olivaceous Warbler,Hippolais pallida,,3278,avibase-BAE527A2,ebird_single,Eastern Olivaceous Warbler,Iduna pallida,22230,Iduna pallida,eaowar1,Reed Warblers and Allies,Passeriformes,LC,https://datazone.birdlife.org/species/factsheet/22734747,1,false,false,true,false,9,Shrubland,2,3,Carnivore,Invertivore,Insessorial,4793435.1,,
699,Upcher's Warbler,Hippolais languida,,3276,avibase-B10AD127,ebird_single,Upcher's Warbler,Hippolais languida,22221,Hippolais languida,upcwar1,Reed Warblers and Allies,Passeriformes,LC,https://datazone.birdlife.org/species/factsheet/22714904,1,false,false,true,false,12,Shrubland,2,3,Carnivore,Invertivore,Insessorial,3093496.38,This species is prone to misidentification and its maps might be affected by error.,
700,Olive-tree Warbler,Hippolais olivetorum,,597,avibase-791DED18,ebird_single,Olive-tree Warbler,Hippolais olivetorum,22222,Hippolais olivetorum,oltwar1,Reed Warblers and Allies,Passeriformes,LC,https://datazone.birdlife.org/species/factsheet/22714908,1,false,false,true,false,17.5,Human Modified,2,3,Carnivore,Invertivore,Insessorial,285772.62,This species is prone to misidentification and its maps might be affected by error.,
701,Icterine Warbler,Hippolais icterina,,596,avibase-869C978C,ebird_single,Icterine Warbler,Hippolais icterina,22219,Hippolais icterina,ictwar1,Reed Warblers and Allies,Passeriformes,LC,https://datazone.birdlife.org/species/factsheet/22714916,1,false,false,true,false,13.2,Woodland,1,3,Carnivore,Invertivore,Insessorial,6330920.54,This species is prone to misidentification and its maps might be affected by error.,
702,Yellow Warbler,Chloropeta natalensis,,666,avibase-EBBD09CA,ebird_single,African Yellow Warbler,Iduna natalensis,22238,Iduna natalensis,afywar1,Reed Warblers and Allies,Passeriformes,LC,https://datazone.birdlife.org/species/factsheet/22714920,1,false,false,false,false,11.7,Shrubland,2,1,Carnivore,Invertivore,Insessorial,3742433.69,,
703,Mountain Yellow Warbler,Chloropeta similis,,471,avibase-E999FD2D,ebird_single,Mountain Yellow Warbler,Iduna similis,22237,Iduna similis,moywar1,Reed Warblers and Allies,Passeriformes,LC,https://datazone.birdlife.org/species/factsheet/22714927,1,false,false,false,false,11.1,Forest,2,1,Carnivore,Invertivore,Insessorial,283650.62,,
704,Papyrus Yellow Warbler,Chloropeta gracilirostris,,1067,avibase-25F4FE96,ebird_single,Papyrus Yellow Warbler,Calamonastides gracilirostris,22244,Calamonastides gracilirostris,paywar1,Reed Warblers and Allies,Passeriformes,NE,,1,false,false,false,false,10.8,Wetland,3,1,Carnivore,Invertivore,Insessorial,69809.73,,
705,Barred Warbler,Sylvia nisoria,,605,avibase-1EA60B94,ebird_single,Barred Warbler,Curruca nisoria,23758,Curruca nisoria,barwar1,Sylviid Warblers and Allies,Passeriformes,LC,https://datazone.birdlife.org/species/factsheet/22716937,1,false,false,true,false,22.5,Shrubland,2,3,Carnivore,Invertivore,Insessorial,10133103.58,,
706,Whitethroat,Sylvia communis,,594,avibase-14AFBA82,ebird_single,Common Whitethroat,Curruca communis,23810,Curruca communis,grewhi1,Sylviid Warblers and Allies,Passeriformes,LC,https://datazone.birdlife.org/species/factsheet/22716910,1,false,false,true,false,15.1,Shrubland,3,3,Omnivore,Invertivore,Insessorial,14124012.64,,
707,Garden Warbler,Sylvia borin,,595,avibase-A6A4FC63,ebird_single,Garden Warbler,Sylvia borin,23737,Sylvia borin,garwar1,Sylviid Warblers and Allies,Passeriformes,LC,https://datazone.birdlife.org/species/factsheet/22716906,1,false,false,true,false,18.2,Woodland,1,3,Omnivore,Omnivore,Insessorial,9648408.47,,
708,Blackcap,Sylvia atricapilla,,969,avibase-61F9065B,ebird_single,Eurasian Blackcap,Sylvia atricapilla,23740,Sylvia atricapilla,blackc1,Sylviid Warblers and Allies,Passeriformes,LC,https://datazone.birdlife.org/species/factsheet/22716901,1,false,false,true,false,16.7,Woodland,1,3,Omnivore,Omnivore,Insessorial,8628077.66,,
709,Moustached Warbler,Sphenoeacus mentalis,,617,avibase-1478AA79,ebird_single,Moustached Grass Warbler,Melocichla mentalis,21495,Melocichla mentalis,mogwar1,"Longbills, Crombecs, and Allies",Passeriformes,LC,https://datazone.birdlife.org/species/factsheet/22714634,1,false,false,false,false,33.2,Shrubland,2,1,Carnivore,Invertivore,Insessorial,6248614.06,,
710,Yellow-throated Woodland Warbler,Phylloscopus ruficapilla,,671,avibase-F6B77E64,ebird_single,Yellow-throated Woodland Warbler,Phylloscopus ruficapilla,23130,Phylloscopus ruficapilla,yetwow1,Leaf Warblers,Passeriformes,LC,https://datazone.birdlife.org/species/factsheet/22715207,1,false,false,false,false,7.7,Forest,1,1,Carnivore,Invertivore,Insessorial,423407.96,,
711,Uganda Woodland Warbler,Phylloscopus budongoensis,,3370,avibase-132E0773,ebird_single,Uganda Woodland Warbler,Phylloscopus budongoensis,23148,Phylloscopus budongoensis,ugawow1,Leaf Warblers,Passeriformes,LC,https://datazone.birdlife.org/species/factsheet/22715228,1,false,false,false,false,8.2,Forest,1,1,Carnivore,Invertivore,Insessorial,176695.47,,
712,Brown Woodland Warbler,Phylloscopus umbrovirens,,3382,avibase-E22B8495,ebird_single,Brown Woodland Warbler,Phylloscopus umbrovirens,23138,Phylloscopus umbrovirens,brwwar1,Leaf Warblers,Passeriformes,LC,https://datazone.birdlife.org/species/factsheet/22715234,1,false,false,false,false,8.6,Forest,2,1,Carnivore,Invertivore,Insessorial,611974.74,,
713,Wood Warbler,Phylloscopus sibilatrix,,947,avibase-572C4C7F,ebird_single,Wood Warbler,Phylloscopus sibilatrix,23064,Phylloscopus sibilatrix,woowar,Leaf Warblers,Passeriformes,LC,https://datazone.birdlife.org/species/factsheet/22715260,1,false,false,true,false,9.2,Forest,1,3,Carnivore,Invertivore,Insessorial,6359810.96,This species is prone to misidentification and its maps might be affected by error.,
714,Chiffchaff,Phylloscopus collybita,,1054,avibase-F9F4B04D,ebird_single,Common Chiffchaff,Phylloscopus collybita,23116,Phylloscopus collybita,comchi1,Leaf Warblers,Passeriformes,NE,,1,false,false,true,false,8.3,Forest,1,3,Carnivore,Invertivore,Insessorial,7564956.38,This species is prone to misidentification and its maps might be affected by error.,
715,Willow Warbler,Phylloscopus trochilus,,599,avibase-88F4B969,ebird_single,Willow Warbler,Phylloscopus trochilus,23105,Phylloscopus trochilus,wlwwar,Leaf Warblers,Passeriformes,LC,https://datazone.birdlife.org/species/factsheet/22715240,1,false,false,true,false,8.7,Forest,1,3,Carnivore,Invertivore,Insessorial,15839222.41,,
716,Pectoral-patch Cisticola,Cisticola brunnescens,,3114,avibase-006667E7,ebird_single,Pectoral-patch Cisticola,Cisticola brunnescens,22173,Cisticola brunnescens,pepcis1,Cisticolas and Allies,Passeriformes,LC,https://datazone.birdlife.org/species/factsheet/103776392,1,false,false,false,false,8,Grassland,3,1,Carnivore,Invertivore,Terrestrial,465384.19,,
717,Wing-snapping Cisticola,Cisticola ayresii,,634,avibase-78573BB2,ebird_single,Wing-snapping Cisticola,Cisticola ayresii,22184,Cisticola ayresii,wiscis1,Cisticolas and Allies,Passeriformes,LC,https://datazone.birdlife.org/species/factsheet/22713540,1,false,false,false,false,7,Grassland,3,1,Carnivore,Invertivore,Insessorial,1258911.91,,
718,Black-backed Cisticola,Cisticola eximia,,3130,avibase-53E61277,ebird_single,Black-backed Cisticola,Cisticola eximius,22166,Cisticola eximius,blncis1,Cisticolas and Allies,Passeriformes,LC,https://datazone.birdlife.org/species/factsheet/22713524,1,false,false,false,false,12,Grassland,3,1,Carnivore,Invertivore,Terrestrial,652428.41,,
719,Zitting Cisticola,Cisticola juncidis,,629,avibase-AEE2063F,ebird_single,Zitting Cisticola,Cisticola juncidis,22130,Cisticola juncidis,zitcis1,Cisticolas and Allies,Passeriformes,LC,https://datazone.birdlife.org/species/factsheet/22713491,1,false,false,false,false,6.8,Grassland,3,3,Carnivore,Invertivore,Generalist,18929166.75,,
720,Desert Cisticola,Cisticola aridulus,,630,avibase-A2C88219,ebird_single,Desert Cisticola,Cisticola aridulus,22150,Cisticola aridulus,descis1,Cisticolas and Allies,Passeriformes,LC,https://datazone.birdlife.org/species/factsheet/22713515,1,false,false,false,false,9.2,Grassland,3,1,Carnivore,Invertivore,Insessorial,4468382.38,,
721,Croaking Cisticola,Cisticola natalensis,,647,avibase-FB740D14,ebird_single,Croaking Cisticola,Cisticola natalensis,22093,Cisticola natalensis,crocis1,Cisticolas and Allies,Passeriformes,LC,https://datazone.birdlife.org/species/factsheet/22713440,1,false,false,false,false,16.4,Grassland,2,1,Carnivore,Invertivore,Generalist,7970636.77,,
722,Stout Cisticola,Cisticola robustus,,3152,avibase-D3B1A98B,ebird_single,Stout Cisticola,Cisticola robustus,22085,Cisticola robustus,stocis1,Cisticolas and Allies,Passeriformes,LC,https://datazone.birdlife.org/species/factsheet/22713430,1,false,false,false,false,18.5,Grassland,3,1,Carnivore,Invertivore,Generalist,1229121.48,,
723,Aberdare Cisticola,Cisticola aberdare,,3108,avibase-3C79F1AC,ebird_single,Aberdare Cisticola,Cisticola aberdare,22112,Cisticola aberdare,abecis1,Cisticolas and Allies,Passeriformes,VU,https://datazone.birdlife.org/species/factsheet/22713436,1,true,false,false,false,24,Grassland,3,1,Carnivore,Invertivore,Generalist,1272.48,,
724,Wailing Cisticola,Cisticola lais,,639,avibase-5FD10562,ebird_single,Wailing Cisticola,Cisticola lais,22048,Cisticola lais,waicis1,Cisticolas and Allies,Passeriformes,NE,,1,false,false,false,false,14.8,Grassland,3,1,Carnivore,Invertivore,Insessorial,881974.02,,
725,Ashy Cisticola,Cisticola cinereola,,3124,avibase-71F6A3F0,ebird_single,Ashy Cisticola,Cisticola cinereolus,22028,Cisticola cinereolus,ashcis1,Cisticolas and Allies,Passeriformes,LC,https://datazone.birdlife.org/species/factsheet/22713340,1,false,false,false,false,17,Desert,3,1,Carnivore,Invertivore,Terrestrial,614939.78,,
726,Tana River Cisticola,Cisticola restricta,,3150,avibase-2E0E6C82,ebird_single,Tana River Cisticola,Cisticola restrictus,22056,Cisticola restrictus,tarcis1,Cisticolas and Allies,Passeriformes,DD,https://datazone.birdlife.org/species/factsheet/22713394,1,true,false,false,false,13.2,Shrubland,2,1,Carnivore,Invertivore,Generalist,3370.75,"Species not recorded during both the old and new atlas, but recorded in Kenya.",
727,Rattling Cisticola,Cisticola chiniana,,642,avibase-909FEE8A,ebird_single,Rattling Cisticola,Cisticola chiniana,22010,Cisticola chiniana,ratcis1,Cisticolas and Allies,Passeriformes,LC,https://datazone.birdlife.org/species/factsheet/22713333,1,false,false,false,false,16.1,Shrubland,2,1,Carnivore,Invertivore,Insessorial,6716168.11,,
728,Boran Cisticola,Cisticola bodessa,,3112,avibase-F8469E3F,ebird_single,Boran Cisticola,Cisticola bodessa,22007,Cisticola bodessa,borcis1,Cisticolas and Allies,Passeriformes,LC,https://datazone.birdlife.org/species/factsheet/22713329,1,false,false,false,false,17.1,Shrubland,3,1,Carnivore,Invertivore,Insessorial,437584.83,,
729,Tiny Cisticola,Cisticola nana,,3146,avibase-BF29E8B6,ebird_single,Tiny Cisticola,Cisticola nana,22129,Cisticola nana,tincis3,Cisticolas and Allies,Passeriformes,LC,https://datazone.birdlife.org/species/factsheet/22713487,1,false,false,false,false,5,Grassland,2,1,Carnivore,Invertivore,Generalist,685105.62,This map might contains errors,
730,Siffling Cisticola,Cisticola brachyptera,,636,avibase-FBDCA962,ebird_single,Short-winged Cisticola,Cisticola brachypterus,22115,Cisticola brachypterus,sifcis1,Cisticolas and Allies,Passeriformes,LC,https://datazone.birdlife.org/species/factsheet/22713474,1,false,false,false,false,7.8,Woodland,2,1,Carnivore,Invertivore,Insessorial,7674053.24,,
731,Foxy Cisticola,Cisticola troglodytes,,3164,avibase-844A290B,ebird_single,Foxy Cisticola,Cisticola troglodytes,22126,Cisticola troglodytes,foxcis1,Cisticolas and Allies,Passeriformes,LC,https://datazone.birdlife.org/species/factsheet/22713483,1,false,false,false,false,8.2,Shrubland,2,1,Carnivore,Invertivore,Generalist,1158307.92,,
732,Tabora Cisticola,Cisticola fulvicapilla,,3102,avibase-9CE4FC4C,ebird_single,Long-tailed Cisticola,Cisticola angusticauda,22113,Cisticola angusticauda,tabcis1,Cisticolas and Allies,Passeriformes,LC,https://datazone.birdlife.org/species/factsheet/22713453,1,false,false,false,false,8.2,Woodland,2,1,Carnivore,Invertivore,Generalist,923133.83,,
733,Rock-loving Cisticola,Cisticola aberrans,,3098,avibase-AB6AE581,ebird_single,Rock-loving Cisticola,Cisticola aberrans,21998,Cisticola aberrans,rolcis2,Cisticolas and Allies,Passeriformes,LC,https://datazone.birdlife.org/species/factsheet/103775454,1,false,false,false,false,14.2,Rock,3,1,Carnivore,Invertivore,Generalist,2482236.37,,
734,Whistling Cisticola,Cisticola lateralis,,3136,avibase-5A184029,ebird_single,Whistling Cisticola,Cisticola lateralis,21979,Cisticola lateralis,whicis1,Cisticolas and Allies,Passeriformes,LC,https://datazone.birdlife.org/species/factsheet/22713283,1,false,false,false,false,16.8,Shrubland,2,1,Carnivore,Invertivore,Generalist,3066342.45,,
735,Trilling Cisticola,Cisticola woosnami,,3166,avibase-5BD1E605,ebird_single,Trilling Cisticola,Cisticola woosnami,21984,Cisticola woosnami,tricis1,Cisticolas and Allies,Passeriformes,LC,https://datazone.birdlife.org/species/factsheet/22713291,1,false,false,false,false,13.5,Grassland,3,1,Carnivore,Invertivore,Generalist,1290884.31,,
736,Red-faced Cisticola,Cisticola erythrops,,644,avibase-47053A35,ebird_single,Red-faced Cisticola,Cisticola erythrops,21964,Cisticola erythrops,refcis1,Cisticolas and Allies,Passeriformes,LC,https://datazone.birdlife.org/species/factsheet/22713268,1,false,false,false,false,14.8,Grassland,3,1,Carnivore,Invertivore,Insessorial,6407914.95,,
737,Singing Cisticola,Cisticola cantans,,643,avibase-6B64558B,ebird_single,Singing Cisticola,Cisticola cantans,21971,Cisticola cantans,sincis1,Cisticolas and Allies,Passeriformes,LC,https://datazone.birdlife.org/species/factsheet/22713279,1,false,false,false,false,11.7,Shrubland,2,1,Carnivore,Invertivore,Insessorial,5670957.17,,
738,Hunter's Cisticola,Cisticola hunteri,,632,avibase-373DCDF4,ebird_single,Hunter's Cisticola,Cisticola hunteri,21995,Cisticola hunteri,huncis1,Cisticolas and Allies,Passeriformes,LC,https://datazone.birdlife.org/species/factsheet/22713309,1,false,false,false,false,15.5,Shrubland,2,1,Carnivore,Invertivore,Generalist,133032.12,,
739,Chubb's Cisticola,Cisticola chubbi,,3122,avibase-4849AA43,ebird_single,Chubb's Cisticola,Cisticola chubbi,21990,Cisticola chubbi,chucis1,Cisticolas and Allies,Passeriformes,LC,https://datazone.birdlife.org/species/factsheet/22730835,1,false,false,false,false,16,Shrubland,2,1,Carnivore,Invertivore,Insessorial,322235.69,,
740,Winding Cisticola,Cisticola galactotes,,0,avibase-143D3D6B,manual,Winding/Coastal Cisticola,Cisticola sp.,22060,Cisticola marginatus|Cisticola haematocephalus,wincis3|wincis4,Cisticolas and Allies,Passeriformes,LC,,2,false,false,false,false,13.1,Wetland,2,1,Carnivore,Invertivore,Insessorial,211038.11,,
741,Carruthers' Cisticola,Cisticola carruthersi,,3118,avibase-2C6D5362,ebird_single,Carruthers's Cisticola,Cisticola carruthersi,22077,Cisticola carruthersi,carcis1,Cisticolas and Allies,Passeriformes,LC,https://datazone.birdlife.org/species/factsheet/22713415,1,false,false,false,false,11.2,Wetland,2,1,Carnivore,Invertivore,Insessorial,174334.6,,
742,Tinkling Cisticola,Cisticola tinniens,,646,avibase-F936B680,ebird_single,Levaillant's Cisticola,Cisticola tinniens,22078,Cisticola tinniens,tincis1,Cisticolas and Allies,Passeriformes,LC,https://datazone.birdlife.org/species/factsheet/22713419,1,false,false,false,false,11.4,Wetland,3,1,Carnivore,Invertivore,Insessorial,1754614.86,,
743,Tawny-flanked Prinia,Prinia subflava,,649,avibase-63F72CA7,ebird_single,Tawny-flanked Prinia,Prinia subflava,21890,Prinia subflava,tafpri1,Cisticolas and Allies,Passeriformes,LC,https://datazone.birdlife.org/species/factsheet/22713607,1,false,false,false,false,8.6,Shrubland,2,1,Carnivore,Invertivore,Insessorial,14611740.02,,
744,Pale Prinia,Prinia somalica,,3188,avibase-319F6754,ebird_single,Pale Prinia,Prinia somalica,21912,Prinia somalica,palpri1,Cisticolas and Allies,Passeriformes,LC,https://datazone.birdlife.org/species/factsheet/22713611,1,false,false,false,false,7.5,Shrubland,2,1,Carnivore,Invertivore,Insessorial,1273080.06,This map might contains errors,
745,White-chinned Prinia,Prinia leucopogon,,3180,avibase-95B6C7C5,ebird_single,White-chinned Prinia,Schistolais leucopogon,21601,Schistolais leucopogon,whcpri2,Cisticolas and Allies,Passeriformes,LC,https://datazone.birdlife.org/species/factsheet/22713643,1,false,false,false,false,11.7,Forest,2,1,Carnivore,Invertivore,Insessorial,2377144.23,,
746,Banded Prinia,Prinia bairdii,,1155,avibase-C54D2FEE,ebird_single,Banded Prinia,Prinia bairdii,21927,Prinia bairdii,banpri1,Cisticolas and Allies,Passeriformes,LC,https://datazone.birdlife.org/species/factsheet/22713647,1,false,false,false,false,13.4,Forest,1,1,Carnivore,Invertivore,Insessorial,1110524.41,,
747,Red-fronted Warbler,Spiloptila rufifrons,,3192,avibase-D8177CEC,ebird_single,Red-fronted Prinia,Prinia rufifrons,21937,Prinia rufifrons,refwar2,Cisticolas and Allies,Passeriformes,LC,https://datazone.birdlife.org/species/factsheet/22713834,1,false,false,false,false,6.5,Shrubland,2,2,Carnivore,Invertivore,Insessorial,1242957.36,,
748,Red-winged Warbler,Heliolais erythroptera,,620,avibase-C67FD539,ebird_single,Red-winged Prinia,Prinia erythroptera,21932,Prinia erythroptera,rewpri1,Cisticolas and Allies,Passeriformes,LC,https://datazone.birdlife.org/species/factsheet/22713671,1,false,false,false,false,11.5,Woodland,2,1,Carnivore,Invertivore,Insessorial,3486114.04,,
749,Buff-bellied Warbler,Phyllolais pulchella,,3176,avibase-DFC5A27D,ebird_single,Buff-bellied Warbler,Phyllolais pulchella,21677,Phyllolais pulchella,bubwar2,Cisticolas and Allies,Passeriformes,LC,https://datazone.birdlife.org/species/factsheet/22714944,1,false,false,false,false,6,Woodland,2,1,Carnivore,Invertivore,Insessorial,2078702.06,,
750,Yellow-breasted Apalis,Apalis flavida,,625,avibase-E70F9747,ebird_single,Yellow-breasted Apalis,Apalis flavida,21715,Apalis flavida,yebapa1,Cisticolas and Allies,Passeriformes,NE,,1,false,false,false,false,8.2,Woodland,2,1,Carnivore,Invertivore,Insessorial,4880471.31,,
751,Black-throated Apalis,Apalis jacksoni,,3074,avibase-1ABAB622,ebird_single,Black-throated Apalis,Apalis jacksoni,21704,Apalis jacksoni,bltapa1,Cisticolas and Allies,Passeriformes,LC,https://datazone.birdlife.org/species/factsheet/22713733,1,false,false,false,false,8.7,Forest,1,1,Carnivore,Invertivore,Insessorial,541008.1,,
752,White-winged Apalis,Apalis chariessa,,3068,avibase-184BA213,ebird_single,White-winged Apalis,Apalis chariessa,21708,Apalis chariessa,whwapa1,Cisticolas and Allies,Passeriformes,NT,https://datazone.birdlife.org/species/factsheet/22713737,1,false,false,false,false,9.2,Forest,1,1,Carnivore,Invertivore,Insessorial,19597.73,"Species not recorded during both the old and new atlas, but recorded in Kenya.",
753,Bar-throated Apalis,Apalis thoracica,,0,avibase-C9C9D426,manual,Bar-throated/Taita Apalis,Apalis sp.,21679,Apalis thoracica|Apalis fuscigularis,batapa2|batapa4,Cisticolas and Allies,Passeriformes,CR,,2,false,false,false,false,11,Forest,1,1,Carnivore,Invertivore,Insessorial,6.53,This map might contains errors,
754,Grey Apalis,Apalis cinerea,,3070,avibase-7A8A8FCF,ebird_single,Grey Apalis,Apalis cinerea,21758,Apalis cinerea,gryapa1,Cisticolas and Allies,Passeriformes,LC,https://datazone.birdlife.org/species/factsheet/22730909,1,false,false,false,false,9.9,Forest,1,1,Carnivore,Invertivore,Insessorial,435159.52,,
755,Buff-throated Apalis,Apalis rufogularis,,1099,avibase-75E0430B,ebird_single,Buff-throated Apalis,Apalis rufogularis,21730,Apalis rufogularis,butapa1,Cisticolas and Allies,Passeriformes,LC,https://datazone.birdlife.org/species/factsheet/22713770,1,false,false,false,false,8.3,Forest,1,1,Carnivore,Invertivore,Insessorial,2747284.94,,
756,Chestnut-throated Apalis,Apalis porphyrolaema,,3082,avibase-E8F03B18,ebird_single,Chestnut-throated Apalis,Apalis porphyrolaema,21741,Apalis porphyrolaema,chtapa3,Cisticolas and Allies,Passeriformes,LC,https://datazone.birdlife.org/species/factsheet/22713796,1,false,false,false,false,8.4,Forest,1,1,Carnivore,Invertivore,Insessorial,147536.87,,
757,Black-headed Apalis,Apalis melanocephala,,623,avibase-4FE76868,ebird_single,Black-headed Apalis,Apalis melanocephala,21745,Apalis melanocephala,blhapa1,Cisticolas and Allies,Passeriformes,LC,https://datazone.birdlife.org/species/factsheet/22713811,1,false,false,false,false,8.8,Forest,1,1,Carnivore,Invertivore,Insessorial,375838.95,This map might contains errors,
758,Black-collared Apalis,Apalis pulchra,,3084,avibase-91FD087B,ebird_single,Black-collared Apalis,Oreolais pulcher,21617,Oreolais pulcher,blcapa2,Cisticolas and Allies,Passeriformes,LC,https://datazone.birdlife.org/species/factsheet/22713703,1,false,false,false,false,8.4,Forest,1,1,Carnivore,Invertivore,Insessorial,100450.2,,
759,Black-faced Rufous Warbler,Bathmocercus cerviniventris,,1114,avibase-438D0DFF,ebird_single,Black-faced Rufous Warbler,Bathmocercus rufus,21960,Bathmocercus rufus,bkfruw1,Cisticolas and Allies,Passeriformes,LC,https://datazone.birdlife.org/species/factsheet/22714574,1,false,false,false,false,15.4,Forest,1,1,Carnivore,Invertivore,Insessorial,638060.54,,
760,Grey-backed Camaroptera,Camaroptera brachyura,,627,avibase-DC456636,ebird_single,Bleating Camaroptera,Camaroptera brachyura,21649,Camaroptera brachyura,grbcam1,Cisticolas and Allies,Passeriformes,LC,https://datazone.birdlife.org/species/factsheet/103774592,1,false,false,false,false,9.7,Forest,1,1,Carnivore,Invertivore,Insessorial,15929835.83,,
761,Grey Wren Warbler,Camaroptera simplex,,0,avibase-7D4883D7,manual,Grey/Miombo Wren-Warbler,Calamonastes sp.,21633,Calamonastes simplex|Calamonastes undosus,grywrw1|miowrw2,Cisticolas and Allies,Passeriformes,LC,,2,false,false,false,false,12,Woodland,3,1,Carnivore,Invertivore,Insessorial,1535343.54,,"Historical lump of 2 species, treated as one taxon (Camaroptera simplex) in the 1970-1984 atlas: Gray Wren-Warbler (Calamonastes simplex, 3913 Kenyan eBird records 2009-2023); Miombo Wren-Warbler (Calamonastes undosus, 223 Kenyan eBird records 2009-2023). At least one member was already a distinct, field-separable species during the atlas era; old-atlas records for this concept may include unseparated or misidentified individuals of either."
762,Olive-green Camaroptera,Camaroptera chloronota,,1189,avibase-65393B92,ebird_single,Olive-green Camaroptera,Camaroptera chloronota,21668,Camaroptera chloronota,olgcam1,Cisticolas and Allies,Passeriformes,NE,,1,false,false,false,false,11.4,Forest,1,1,Carnivore,Invertivore,Insessorial,1659026,,
763,Grey-capped Warbler,Eminia lepida,,3170,avibase-31E5F1E9,ebird_single,Grey-capped Warbler,Eminia lepida,21957,Eminia lepida,gycwar3,Cisticolas and Allies,Passeriformes,LC,https://datazone.birdlife.org/species/factsheet/22713847,1,false,false,false,false,20.2,Shrubland,1,1,Carnivore,Invertivore,Insessorial,631640.65,,
764,Yellow-bellied Eremomela,Eremomela icteropygialis,,600,avibase-183E7FD0,ebird_single,Yellow-bellied Eremomela,Eremomela icteropygialis,21560,Eremomela icteropygialis,yebere1,Cisticolas and Allies,Passeriformes,LC,https://datazone.birdlife.org/species/factsheet/22715023,1,false,false,false,false,7.5,Shrubland,2,1,Carnivore,Invertivore,Insessorial,8262133.26,,
765,Yellow-vented Eremomela,Eremomela flavicrissalis,,3268,avibase-D46EE5F8,ebird_single,Yellow-vented Eremomela,Eremomela flavicrissalis,21559,Eremomela flavicrissalis,yevere1,Cisticolas and Allies,Passeriformes,LC,https://datazone.birdlife.org/species/factsheet/22715034,1,false,false,false,false,4.5,Shrubland,2,1,Carnivore,Invertivore,Insessorial,893727.78,,
766,Green-capped Eremomela,Eremomela scotops,,602,avibase-0394BA0B,ebird_single,Green-capped Eremomela,Eremomela scotops,21577,Eremomela scotops,greere1,Cisticolas and Allies,Passeriformes,LC,https://datazone.birdlife.org/species/factsheet/22715050,1,false,false,false,false,9,Woodland,2,1,Carnivore,Invertivore,Insessorial,4568185.56,,
767,Green-backed Eremomela,Eremomela pusilla,,3262,avibase-75932535,ebird_single,Green-backed Eremomela,Eremomela canescens,21573,Eremomela canescens,grbere1,Cisticolas and Allies,Passeriformes,LC,https://datazone.birdlife.org/species/factsheet/22715045,1,false,false,false,false,6.9,Woodland,2,1,Carnivore,Invertivore,Insessorial,2254734.87,,
768,Turner's Eremomela,Eremomela turneri,,3272,avibase-7D340BF9,ebird_single,Turner's Eremomela,Eremomela turneri,21590,Eremomela turneri,turere1,Cisticolas and Allies,Passeriformes,NT,https://datazone.birdlife.org/species/factsheet/22715064,1,true,false,false,false,7.3,Forest,1,1,Carnivore,Invertivore,Insessorial,980.79,,
769,White-browed Crombec,Sylvietta leucophrys,,3432,avibase-489FFCA9,ebird_single,White-browed Crombec,Sylvietta leucophrys,21511,Sylvietta leucophrys,whbcro2,"Longbills, Crombecs, and Allies",Passeriformes,NE,,1,false,false,false,false,11.3,Forest,2,1,Carnivore,Invertivore,Insessorial,156344.04,,
770,Green Crombec,Sylvietta virens,,3436,avibase-83E5801B,ebird_single,Green Crombec,Sylvietta virens,21503,Sylvietta virens,grecro1,"Longbills, Crombecs, and Allies",Passeriformes,LC,https://datazone.birdlife.org/species/factsheet/22715099,1,false,false,false,false,8.4,Forest,2,1,Carnivore,Invertivore,Insessorial,3738336.18,,
771,Red-faced Crombec,Sylvietta whytii,,913,avibase-A9030503,ebird_single,Red-faced Crombec,Sylvietta whytii,21527,Sylvietta whytii,refcro1,"Longbills, Crombecs, and Allies",Passeriformes,LC,https://datazone.birdlife.org/species/factsheet/22715131,1,false,false,false,false,9.9,Woodland,2,1,Carnivore,Invertivore,Insessorial,1855770.99,,
772,Northern Crombec,Sylvietta brachyura,,3426,avibase-7542C6F1,ebird_single,Northern Crombec,Sylvietta brachyura,21515,Sylvietta brachyura,norcro1,"Longbills, Crombecs, and Allies",Passeriformes,NE,,1,false,false,false,false,8.1,Woodland,2,1,Carnivore,Invertivore,Insessorial,5897093.52,,
773,Somali Long-billed Crombec,Sylvietta isabellina,,3430,avibase-6B9529AE,ebird_single,Somali Crombec,Sylvietta isabellina,21532,Sylvietta isabellina,somcro1,"Longbills, Crombecs, and Allies",Passeriformes,LC,https://datazone.birdlife.org/species/factsheet/22715135,1,false,false,false,false,10,Shrubland,2,1,Carnivore,Invertivore,Insessorial,901911.55,,
774,Brown Parisoma,Parisoma lugens,,3358,avibase-16FEF081,ebird_single,Brown Parisoma,Curruca lugens,23783,Curruca lugens,brnwar1,Sylviid Warblers and Allies,Passeriformes,LC,https://datazone.birdlife.org/species/factsheet/22716878,1,false,false,false,false,14.9,Woodland,2,1,Carnivore,Invertivore,Insessorial,401532.97,,
775,Banded Parisoma,Parisoma boehmi,,3356,avibase-982C918E,ebird_single,Banded Parisoma,Curruca boehmi,23766,Curruca boehmi,banwar2,Sylviid Warblers and Allies,Passeriformes,LC,https://datazone.birdlife.org/species/factsheet/22716883,1,false,false,false,false,14,Woodland,2,1,Omnivore,Omnivore,Insessorial,757783.64,,
776,Kretschmer's Longbill,Macrosphenus kretschmeri,,3314,avibase-D8BFA987,ebird_single,Kretschmer's Longbill,Macrosphenus kretschmeri,21481,Macrosphenus kretschmeri,krelon1,"Longbills, Crombecs, and Allies",Passeriformes,LC,https://datazone.birdlife.org/species/factsheet/22715166,1,false,false,false,false,20,Forest,1,1,Carnivore,Invertivore,Insessorial,120112.34,"Species not recorded during both the old and new atlas, but recorded in Kenya.",
777,Green Hylia,Hylia prasina,,3282,avibase-98BA31AA,ebird_single,Green Hylia,Hylia prasina,22850,Hylia prasina,grehyl1,Hylias,Passeriformes,LC,https://datazone.birdlife.org/species/factsheet/22715182,1,false,false,false,false,13.1,Forest,1,1,Carnivore,Invertivore,Insessorial,4144582.44,,
778,Southern Hyliota,Hyliota australis,,668,avibase-F840409E,ebird_single,Southern Hyliota,Hyliota australis,20626,Hyliota australis,souhyl1,Hyliotas,Passeriformes,LC,https://datazone.birdlife.org/species/factsheet/22715466,1,false,false,false,false,11.2,Woodland,2,1,Carnivore,Invertivore,Insessorial,1342986.67,,
779,Yellow-bellied Hyliota,Hyliota flavigaster,,670,avibase-0F82D614,ebird_single,Yellow-bellied Hyliota,Hyliota flavigaster,20623,Hyliota flavigaster,yebhyl1,Hyliotas,Passeriformes,LC,https://datazone.birdlife.org/species/factsheet/22715462,1,false,false,false,false,12.5,Woodland,2,1,Carnivore,Invertivore,Insessorial,4822595.38,,
780,Spotted Flycatcher,Muscicapa striata,,654,avibase-EE8206E7,ebird_single,Spotted Flycatcher,Muscicapa striata,27351,Muscicapa striata,spofly1,"Chats, Old World Flycatchers, and Allies",Passeriformes,LC,https://datazone.birdlife.org/species/factsheet/22709192,1,false,false,true,false,15.9,Forest,1,3,Carnivore,Invertivore,Insessorial,16752202.89,,
781,Gambaga Flycatcher,Muscicapa gambagae,,2634,avibase-7387E828,ebird_single,Gambaga Flycatcher,Muscicapa gambagae,27359,Muscicapa gambagae,gamfly1,"Chats, Old World Flycatchers, and Allies",Passeriformes,LC,https://datazone.birdlife.org/species/factsheet/22709196,1,false,false,false,false,13,Woodland,2,1,Carnivore,Invertivore,Insessorial,668892.01,This species is prone to misidentification and its maps might be affected by error.,
782,Dusky Flycatcher,Muscicapa adusta,,655,avibase-6E95C4A9,ebird_single,African Dusky Flycatcher,Muscicapa adusta,27338,Muscicapa adusta,afdfly1,"Chats, Old World Flycatchers, and Allies",Passeriformes,LC,https://datazone.birdlife.org/species/factsheet/22709255,1,false,false,false,false,10.4,Forest,2,1,Carnivore,Invertivore,Insessorial,2389660.85,,
783,Chapin's Flycatcher,Muscicapa lendu,,2638,avibase-84E4178E,ebird_single,Chapin's Flycatcher,Fraseria lendu,27255,Fraseria lendu,chafly1,"Chats, Old World Flycatchers, and Allies",Passeriformes,VU,https://datazone.birdlife.org/species/factsheet/22709249,1,false,false,false,false,17.7,Forest,1,1,Carnivore,Invertivore,Insessorial,37404.93,,
784,Swamp Flycatcher,Muscicapa aquatica,,1063,avibase-77F0C62C,ebird_single,Swamp Flycatcher,Muscicapa aquatica,27361,Muscicapa aquatica,swafly3,"Chats, Old World Flycatchers, and Allies",Passeriformes,LC,https://datazone.birdlife.org/species/factsheet/22709239,1,false,false,false,false,11.5,Wetland,2,1,Carnivore,Invertivore,Insessorial,1932273.67,,
785,Ashy Flycatcher,Muscicapa caerulescens,,656,avibase-3B3A6911,ebird_single,Ashy Flycatcher,Fraseria caerulescens,27259,Fraseria caerulescens,ashfly1,"Chats, Old World Flycatchers, and Allies",Passeriformes,LC,https://datazone.birdlife.org/species/factsheet/22709286,1,false,false,false,false,17.6,Woodland,2,1,Carnivore,Invertivore,Insessorial,7513617.5,,
786,Collared Flycatcher,Ficedula albicollis,,0,avibase-861272FD,ebird_group_exact,European Pied/Collared/Semicollared Flycatcher,Ficedula sp.,27847,Ficedula albicollis|Ficedula hypoleuca|Ficedula semitorquata,colfly1|eupfly1|semfly1,"Chats, Old World Flycatchers, and Allies",Passeriformes,LC,,3,false,false,false,false,12.7,Woodland,1,3,Carnivore,Invertivore,Insessorial,2473537.35,Old atlas consider Semi-collared as subspecies of Collared. This species is prone to misidentification and its maps might be affected by error.,"Concept intentionally includes European Pied Flycatcher (F. hypoleuca) alongside Collared and Semicollared, per the atlas's original three-way treatment (eBird slash avibase-861272FD). Confirmed 2026-09; the flag note 'considered subspecies at the time' refers only to Semicollared vs Collared."
787,Lead-coloured Flycatcher,Myioparus plumbeus,,657,avibase-5EA2B90C,ebird_single,Grey Tit-Flycatcher,Fraseria plumbea,27248,Fraseria plumbea,grytif1,"Chats, Old World Flycatchers, and Allies",Passeriformes,LC,https://datazone.birdlife.org/species/factsheet/22709297,1,false,false,false,false,12.8,Forest,1,1,Carnivore,Invertivore,Insessorial,7861104,,
788,Southern Black Flycatcher,Melaenornis pammelaina,,664,avibase-8A9A7AAA,ebird_single,Southern Black Flycatcher,Melaenornis pammelaina,27281,Melaenornis pammelaina,sobfly1,"Chats, Old World Flycatchers, and Allies",Passeriformes,LC,https://datazone.birdlife.org/species/factsheet/22709085,1,false,false,false,false,30.2,Woodland,2,1,Carnivore,Invertivore,Insessorial,4080335.72,This species is prone to misidentification and its maps might be affected by error.,
789,Black Flycatcher,Melaenornis edolioides,,2608,avibase-F188F8C8,ebird_single,Northern Black Flycatcher,Melaenornis edolioides,27277,Melaenornis edolioides,nobfly1,"Chats, Old World Flycatchers, and Allies",Passeriformes,LC,https://datazone.birdlife.org/species/factsheet/22709079,1,false,false,false,false,30.7,Woodland,2,1,Carnivore,Invertivore,Insessorial,3825770.16,This species is prone to misidentification and its maps might be affected by error.,
790,White-eyed Slaty Flycatcher,Melaenornis fischeri,,2600,avibase-3809131C,ebird_single,White-eyed Slaty Flycatcher,Melaenornis fischeri,27284,Melaenornis fischeri,wheslf1,"Chats, Old World Flycatchers, and Allies",Passeriformes,LC,https://datazone.birdlife.org/species/factsheet/22709067,1,false,false,false,false,23.4,Forest,1,1,Carnivore,Invertivore,Insessorial,655062.95,,
791,Silverbird,Empidornis semipartitus,,2578,avibase-AB38EDFD,ebird_single,Silverbird,Empidornis semipartitus,27269,Empidornis semipartitus,silver1,"Chats, Old World Flycatchers, and Allies",Passeriformes,LC,https://datazone.birdlife.org/species/factsheet/22709031,1,false,false,false,false,22.5,Shrubland,2,1,Carnivore,Invertivore,Insessorial,662620.71,,
792,Pale Flycatcher,Bradornis pallidus,,662,avibase-FA03A965,ebird_single,Pale Flycatcher,Agricola pallidus,27224,Agricola pallidus,palfly2,"Chats, Old World Flycatchers, and Allies",Passeriformes,LC,https://datazone.birdlife.org/species/factsheet/22709035,1,false,false,false,false,23.6,Woodland,2,1,Carnivore,Invertivore,Insessorial,9110671.42,,
793,Grey Flycatcher,Bradornis microrhynchus,,2544,avibase-E281D783,ebird_single,African Grey Flycatcher,Bradornis microrhynchus,27311,Bradornis microrhynchus,afgfly1,"Chats, Old World Flycatchers, and Allies",Passeriformes,LC,https://datazone.birdlife.org/species/factsheet/22709054,1,false,false,false,false,19.5,Shrubland,2,1,Carnivore,Invertivore,Insessorial,2477905.95,,
794,Black and White Flycatcher,Bias musicus,,667,avibase-F1A4B955,ebird_single,Black-and-white Shrike-flycatcher,Bias musicus,18278,Bias musicus,bawfly1,"Vangas, Helmetshrikes, and Allies",Passeriformes,LC,https://datazone.birdlife.org/species/factsheet/22707816,1,false,false,false,false,21.9,Forest,1,2,Carnivore,Invertivore,Insessorial,3741138.35,,
795,African Shrike-Flycatcher,Megabyas flammulatus,,2456,avibase-18A968DB,ebird_single,African Shrike-flycatcher,Megabyas flammulatus,18274,Megabyas flammulatus,afrshf1,"Vangas, Helmetshrikes, and Allies",Passeriformes,LC,https://datazone.birdlife.org/species/factsheet/22707807,1,false,false,false,false,28,Forest,1,1,Carnivore,Invertivore,Insessorial,4083781.25,,
796,Forest Batis,Batis mixta,,683,avibase-D91540DE,ebird_single,Short-tailed Batis,Batis mixta,18199,Batis mixta,shtbat1,Wattle-eyes and Batises,Passeriformes,NE,,1,false,false,false,false,12.2,Forest,2,1,Carnivore,Invertivore,Insessorial,57484.87,,
797,East Coast Batis,Batis soror,,675,avibase-5A58B69A,ebird_single,Pale Batis,Batis soror,18218,Batis soror,palbat1,Wattle-eyes and Batises,Passeriformes,LC,https://datazone.birdlife.org/species/factsheet/22707868,1,false,false,false,false,9.5,Woodland,2,1,Carnivore,Invertivore,Insessorial,863131.73,,
798,Black-headed Batis,Batis minor,,0,avibase-204130B2,ebird_group_exact,Western/Eastern Black-headed Batis,Batis sp.,18227,Batis erlangeri|Batis minor,bkhbat1|bkhbat2,Wattle-eyes and Batises,Passeriformes,LC,,2,false,false,false,false,12.5,Woodland,2,1,Carnivore,Invertivore,Insessorial,4364965.84,,
799,Chin-spot Batis,Batis molitor,,673,avibase-C5C38D98,ebird_single,Chinspot Batis,Batis molitor,18213,Batis molitor,chibat1,Wattle-eyes and Batises,Passeriformes,LC,https://datazone.birdlife.org/species/factsheet/22707864,1,false,false,false,false,11.6,Woodland,2,1,Carnivore,Invertivore,Insessorial,5233583.28,,
800,Pygmy Batis,Batis perkeo,,2326,avibase-5C9DDB02,ebird_single,Pygmy Batis,Batis perkeo,18233,Batis perkeo,pygbat1,Wattle-eyes and Batises,Passeriformes,LC,https://datazone.birdlife.org/species/factsheet/22707897,1,false,false,false,false,6.9,Woodland,2,1,Carnivore,Invertivore,Insessorial,949410.69,,
801,Grey-headed Batis,Batis orientalis,,2324,avibase-A6DFFC15,ebird_single,Grey-headed Batis,Batis orientalis,18223,Batis orientalis,gyhbat1,Wattle-eyes and Batises,Passeriformes,LC,https://datazone.birdlife.org/species/factsheet/22707881,1,false,false,false,false,11.1,Shrubland,2,1,Carnivore,Invertivore,Insessorial,2679950.48,There is likely an error of identification or taxnomy with the old atlas data,
802,Wattle-eye,Platysteira cyanea,,1148,avibase-E15225F1,ebird_single,Brown-throated Wattle-eye,Platysteira cyanea,18177,Platysteira cyanea,btweye2,Wattle-eyes and Batises,Passeriformes,LC,https://datazone.birdlife.org/species/factsheet/22707924,1,false,false,false,false,14.6,Forest,2,1,Carnivore,Invertivore,Insessorial,5598291.68,This map might contains errors,
803,Black-throated Wattle-eye,Platysteira peltata,,677,avibase-16935B44,ebird_single,Black-throated Wattle-eye,Platysteira peltata,18182,Platysteira peltata,btweye1,Wattle-eyes and Batises,Passeriformes,LC,https://datazone.birdlife.org/species/factsheet/22707938,1,false,false,false,false,13.7,Forest,1,1,Carnivore,Invertivore,Insessorial,3620454.8,,
804,Yellow-bellied Wattle-eye,Platysteira concreta,,1125,avibase-3B66D504,ebird_single,Yellow-bellied Wattle-eye,Platysteira concreta,18190,Platysteira concreta,ybweye1,Wattle-eyes and Batises,Passeriformes,NE,,1,false,false,false,false,11.4,Forest,1,1,Carnivore,Invertivore,Insessorial,968471.44,,
805,Jameson's Wattle-eye,Platysteira blissetti,,2404,avibase-7DC78D7A,ebird_single,Jameson's Wattle-eye,Platysteira jamesoni,18189,Platysteira jamesoni,jaweye1,Wattle-eyes and Batises,Passeriformes,LC,https://datazone.birdlife.org/species/factsheet/22707975,1,false,false,false,false,11,Forest,1,1,Carnivore,Invertivore,Insessorial,559075.89,,
806,Chestnut Wattle-eye,Dyaphorophyia castanea,,2398,avibase-8D562259,ebird_single,Chestnut Wattle-eye,Dyaphorophyia castanea,18173,Dyaphorophyia castanea,chweye1,Wattle-eyes and Batises,Passeriformes,LC,https://datazone.birdlife.org/species/factsheet/103704564,1,false,false,false,false,14.1,Forest,1,1,Carnivore,Invertivore,Insessorial,3596708.42,,
807,Little Yellow Flycatcher,Erythrocercus holochlorus,,2408,avibase-847AE7B8,ebird_single,Little Yellow Flycatcher,Erythrocercus holochlorus,22924,Erythrocercus holochlorus,yelfly2,Yellow Flycatchers,Passeriformes,LC,https://datazone.birdlife.org/species/factsheet/22707012,1,false,false,false,false,6,Forest,1,1,Carnivore,Invertivore,Insessorial,185127.39,,
808,Blue Flycatcher,Erannornis longicauda,,1127,avibase-56209052,ebird_single,African Blue Flycatcher,Elminia longicauda,20607,Elminia longicauda,afbfly1,Fairy Flycatchers,Passeriformes,LC,https://datazone.birdlife.org/species/factsheet/22707021,1,false,false,false,false,9.9,Forest,1,1,Carnivore,Invertivore,Insessorial,3910894.16,,
809,White-tailed Crested Flycatcher,Trochocercus albonotatus,,681,avibase-18ED7458,ebird_single,White-tailed Crested Flycatcher,Elminia albonotata,20617,Elminia albonotata,wtcfly1,Fairy Flycatchers,Passeriformes,LC,https://datazone.birdlife.org/species/factsheet/22707052,1,false,false,false,false,9.2,Forest,1,1,Carnivore,Invertivore,Insessorial,905274.18,,
810,Dusky Crested Flycatcher,Trochocercus nigromitratus,,1128,avibase-B01090EF,ebird_single,Dusky Crested Flycatcher,Elminia nigromitrata,20611,Elminia nigromitrata,ducfly1,Fairy Flycatchers,Passeriformes,LC,https://datazone.birdlife.org/species/factsheet/22707034,1,false,false,false,false,9,Forest,1,1,Carnivore,Invertivore,Insessorial,2433804.71,,
811,Crested Flycatcher,Trochocercus cyanomelas,,680,avibase-15F017B7,ebird_single,Blue-mantled Crested Flycatcher,Trochocercus cyanomelas,19355,Trochocercus cyanomelas,afcfly1,"Monarch Flycatchers, Paradise Flycatchers, and Shrikebills",Passeriformes,NE,,1,false,false,false,false,10.2,Forest,1,1,Carnivore,Invertivore,Insessorial,179874.79,,
812,African Paradise Flycatcher,Terpsiphone viridis,,682,avibase-75AAC17B,ebird_single,African Paradise Flycatcher,Terpsiphone viridis,19447,Terpsiphone viridis,afpfly1,"Monarch Flycatchers, Paradise Flycatchers, and Shrikebills",Passeriformes,LC,https://datazone.birdlife.org/species/factsheet/22707108,1,false,false,false,false,13.2,Woodland,2,1,Carnivore,Invertivore,Insessorial,14483913.96,,
813,Red-bellied Paradise Flycatcher,Terpsiphone rufiventer,,1165,avibase-0EDEEB49,ebird_single,Red-bellied Paradise Flycatcher,Terpsiphone rufiventer,19434,Terpsiphone rufiventer,bhpfly1,"Monarch Flycatchers, Paradise Flycatchers, and Shrikebills",Passeriformes,LC,https://datazone.birdlife.org/species/factsheet/22731073,1,false,false,false,false,15.1,Forest,1,1,Carnivore,Invertivore,Insessorial,4275150.97,,
814,Richard's Pipit,Anthus novaeseelandiae,,692,avibase-0D7CC717,ebird_single,African Pipit,Anthus cinnamomeus,29964,Anthus cinnamomeus,afrpip1,Wagtails and Pipits,Passeriformes,LC,https://datazone.birdlife.org/species/factsheet/103821565,1,false,false,false,false,32.2,Grassland,3,3,Carnivore,Invertivore,Terrestrial,9825233.85,,
815,Tawny Pipit,Anthus campestris,,3696,avibase-250CDA58,ebird_single,Tawny Pipit,Anthus campestris,29900,Anthus campestris,tawpip1,Wagtails and Pipits,Passeriformes,LC,https://datazone.birdlife.org/species/factsheet/22718501,1,false,false,true,false,23,Grassland,3,3,Carnivore,Invertivore,Terrestrial,11176674.59,,
816,Red-throated Pipit,Anthus cervinus,,1028,avibase-319D044A,ebird_single,Red-throated Pipit,Anthus cervinus,30038,Anthus cervinus,retpip,Wagtails and Pipits,Passeriformes,LC,https://datazone.birdlife.org/species/factsheet/22718560,1,false,false,true,false,20.9,Grassland,3,3,Carnivore,Invertivore,Terrestrial,3787889.02,,
817,Tree Pipit,Anthus trivialis,,698,avibase-365F5E97,ebird_single,Tree Pipit,Anthus trivialis,30032,Anthus trivialis,trepip,Wagtails and Pipits,Passeriformes,LC,https://datazone.birdlife.org/species/factsheet/22718546,1,false,false,true,false,23.3,Woodland,2,3,Omnivore,Invertivore,Terrestrial,15353264.33,,
818,Plain-backed Pipit,Anthus leucophrys,,694,avibase-ECC3F122,ebird_single,Plain-backed Pipit,Anthus leucophrys,29954,Anthus leucophrys,plbpip1,Wagtails and Pipits,Passeriformes,LC,https://datazone.birdlife.org/species/factsheet/22718485,1,false,false,false,false,25,Grassland,2,1,Carnivore,Invertivore,Terrestrial,8950742.46,,
819,Long-billed Pipit,Anthus similis,,10876,avibase-ECFF22D2,ebird_single,Long-billed Pipit,Anthus similis,29904,Anthus similis,lobpip1,Wagtails and Pipits,Passeriformes,NE,,1,false,false,false,false,25.3,Grassland,3,1,Carnivore,Invertivore,Terrestrial,7503578.58,,
820,Striped Pipit,Anthus lineiventris,,696,avibase-C69E0E28,ebird_single,Striped Pipit,Anthus lineiventris,29987,Anthus lineiventris,strpip1,Wagtails and Pipits,Passeriformes,LC,https://datazone.birdlife.org/species/factsheet/22718448,1,false,false,false,false,35,Grassland,3,1,Carnivore,Invertivore,Terrestrial,1635119.6,,
821,Little Tawny Pipit,Anthus caffer,,699,avibase-4C7B3D81,ebird_single,Bushveld Pipit,Anthus caffer,29993,Anthus caffer,buspip1,Wagtails and Pipits,Passeriformes,LC,https://datazone.birdlife.org/species/factsheet/22718536,1,false,false,false,false,16.8,Grassland,2,1,Carnivore,Invertivore,Terrestrial,777646.72,,
822,Sokoke Pipit,Anthus sokokensis,,3712,avibase-19489268,ebird_single,Sokoke Pipit,Anthus sokokensis,29989,Anthus sokokensis,sokpip1,Wagtails and Pipits,Passeriformes,EN,https://datazone.birdlife.org/species/factsheet/22718542,1,false,false,false,false,15,Forest,1,1,Carnivore,Invertivore,Terrestrial,2265.15,,
823,Malindi Pipit,Anthus melindae,,3698,avibase-D8A51184,ebird_single,Malindi Pipit,Anthus melindae,29951,Anthus melindae,malpip1,Wagtails and Pipits,Passeriformes,LC,https://datazone.birdlife.org/species/factsheet/22718497,1,false,false,false,false,22.5,Grassland,3,1,Carnivore,Invertivore,Terrestrial,108383.57,,
824,Golden Pipit,Tmetothylacus tenellus,,702,avibase-B9104F62,ebird_single,Golden Pipit,Tmetothylacus tenellus,29874,Tmetothylacus tenellus,golpip1,Wagtails and Pipits,Passeriformes,LC,https://datazone.birdlife.org/species/factsheet/22718401,1,false,true,false,false,20.1,Grassland,3,1,Carnivore,Invertivore,Terrestrial,1285795.15,,
825,Yellow-throated Longclaw,Macronyx croceus,,704,avibase-0D9BFED1,ebird_single,Yellow-throated Longclaw,Macronyx croceus,29882,Macronyx croceus,yetlon1,Wagtails and Pipits,Passeriformes,LC,https://datazone.birdlife.org/species/factsheet/22718405,1,false,false,false,false,47.1,Grassland,3,1,Carnivore,Invertivore,Terrestrial,6192075.07,,
826,Pangani Longclaw,Macronyx aurantiigula,,3786,avibase-F774B577,ebird_single,Pangani Longclaw,Macronyx aurantiigula,29890,Macronyx aurantiigula,panlon1,Wagtails and Pipits,Passeriformes,LC,https://datazone.birdlife.org/species/factsheet/22718428,1,false,false,false,false,39.4,Grassland,3,1,Carnivore,Invertivore,Terrestrial,375644.56,,
827,Rosy-breasted Longclaw,Macronyx ameliae,,705,avibase-70129CB1,ebird_single,Rosy-throated Longclaw,Macronyx ameliae,29891,Macronyx ameliae,rotlon1,Wagtails and Pipits,Passeriformes,LC,https://datazone.birdlife.org/species/factsheet/22718423,1,false,false,false,false,33.5,Grassland,3,1,Carnivore,Invertivore,Terrestrial,1902624.72,,
828,Sharpe's Longclaw,Macronyx sharpei,,3688,avibase-FED54E53,ebird_single,Sharpe's Longclaw,Macronyx sharpei,29878,Macronyx sharpei,shalon1,Wagtails and Pipits,Passeriformes,EN,https://datazone.birdlife.org/species/factsheet/22718436,1,true,false,false,false,29.9,Grassland,3,1,Carnivore,Invertivore,Terrestrial,1870.77,,
829,Cape Wagtail,Motacilla capensis,,686,avibase-4F2CC293,ebird_single,Cape Wagtail,Motacilla capensis,29826,Motacilla capensis,capwag1,Wagtails and Pipits,Passeriformes,LC,https://datazone.birdlife.org/species/factsheet/22718371,1,false,false,false,false,20.8,Wetland,3,2,Carnivore,Invertivore,Terrestrial,3891210.17,,
830,Yellow Wagtail,Motacilla flava,,689,avibase-5983D677,ebird_single,Western Yellow Wagtail,Motacilla flava,29838,Motacilla flava,eaywag1,Wagtails and Pipits,Passeriformes,LC,https://datazone.birdlife.org/species/factsheet/103822349,1,false,false,true,false,17.7,Grassland,3,3,Carnivore,Invertivore,Terrestrial,19198163.05,,
831,African Pied Wagtail,Motacilla aguimp,,685,avibase-CE7D41A6,ebird_single,African Pied Wagtail,Motacilla aguimp,29857,Motacilla aguimp,afpwag1,Wagtails and Pipits,Passeriformes,LC,https://datazone.birdlife.org/species/factsheet/22718366,1,false,false,false,false,27,Riverine,2,1,Carnivore,Invertivore,Terrestrial,11321309.29,,
832,White Wagtail,Motacilla alba,,3816,avibase-400E032C,ebird_single,White Wagtail,Motacilla alba,29861,Motacilla alba,whiwag,Wagtails and Pipits,Passeriformes,LC,https://datazone.birdlife.org/species/factsheet/22718348,1,false,false,true,false,23.9,Human Modified,3,3,Carnivore,Invertivore,Terrestrial,39488711.64,,
833,Mountain Wagtail,Motacilla clara,,688,avibase-747B3A52,ebird_single,Mountain Wagtail,Motacilla clara,29830,Motacilla clara,mouwag1,Wagtails and Pipits,Passeriformes,LC,https://datazone.birdlife.org/species/factsheet/22718397,1,false,false,false,false,17.9,Forest,3,1,Carnivore,Invertivore,Terrestrial,3122291.69,,
834,Grey Wagtail,Motacilla cinerea,,690,avibase-AE073221,ebird_single,Grey Wagtail,Motacilla cinerea,29834,Motacilla cinerea,grywag,Wagtails and Pipits,Passeriformes,LC,https://datazone.birdlife.org/species/factsheet/22718392,1,false,false,true,false,17.2,Riverine,3,2,Carnivore,Invertivore,Terrestrial,19613139.17,,
835,Brubru,Nilaus afer,,731,avibase-967545BC,ebird_single,Brubru,Nilaus afer,17999,Nilaus afer,brubru1,Bushshrikes and Allies,Passeriformes,LC,https://datazone.birdlife.org/species/factsheet/22707451,1,false,false,false,false,19.1,Woodland,2,1,Carnivore,Invertivore,Insessorial,10555427.15,,
836,Black-backed Puffback,Dryoscopus cubla,,712,avibase-00855728,ebird_single,Black-backed Puffback,Dryoscopus cubla,18069,Dryoscopus cubla,blbpuf2,Bushshrikes and Allies,Passeriformes,LC,https://datazone.birdlife.org/species/factsheet/22707463,1,false,false,false,false,26.2,Woodland,2,1,Carnivore,Invertivore,Insessorial,5720470.9,This species is prone to misidentification and its maps might be affected by error.,
837,Northern Puffback,Dryoscopus gambensis,,2386,avibase-7DE7F0ED,ebird_single,Northern Puffback,Dryoscopus gambensis,18062,Dryoscopus gambensis,norpuf1,Bushshrikes and Allies,Passeriformes,LC,https://datazone.birdlife.org/species/factsheet/22707455,1,false,false,false,false,31.9,Woodland,2,1,Carnivore,Invertivore,Insessorial,5608614.97,This species is prone to misidentification and its maps might be affected by error.,
838,Pringle's Puffback,Dryoscopus pringlii,,2388,avibase-706FEEB4,ebird_single,Pringle's Puffback,Dryoscopus pringlii,18068,Dryoscopus pringlii,pripuf1,Bushshrikes and Allies,Passeriformes,LC,https://datazone.birdlife.org/species/factsheet/22707459,1,false,false,false,false,19.7,Shrubland,2,1,Carnivore,Invertivore,Insessorial,448813.35,,
839,Pink-footed Puffback,Dryoscopus angolensis,,2384,avibase-201E1243,ebird_single,Pink-footed Puffback,Dryoscopus angolensis,18076,Dryoscopus angolensis,pifpuf1,Bushshrikes and Allies,Passeriformes,LC,https://datazone.birdlife.org/species/factsheet/22707473,1,false,false,false,false,36,Forest,1,1,Carnivore,Invertivore,Insessorial,372335.76,,
840,Brown-headed Tchagra,Tchagra australis,,714,avibase-4F9D43DE,ebird_single,Brown-crowned Tchagra,Tchagra australis,18026,Tchagra australis,brctch1,Bushshrikes and Allies,Passeriformes,LC,https://datazone.birdlife.org/species/factsheet/22707505,1,false,false,false,false,32.3,Shrubland,2,1,Carnivore,Invertivore,Terrestrial,8305150.13,,
841,Three-streaked Tchagra,Tchagra jamesi,,2496,avibase-FA7A6D02,ebird_single,Three-streaked Tchagra,Tchagra jamesi,18036,Tchagra jamesi,thstch1,Bushshrikes and Allies,Passeriformes,LC,https://datazone.birdlife.org/species/factsheet/22707510,1,false,false,false,false,27.4,Shrubland,2,1,Carnivore,Invertivore,Terrestrial,1196428.5,,
842,Black-headed Tchagra,Tchagra senegala,,715,avibase-022798AB,ebird_single,Black-crowned Tchagra,Tchagra senegalus,18016,Tchagra senegalus,bkctch1,Bushshrikes and Allies,Passeriformes,LC,https://datazone.birdlife.org/species/factsheet/22707495,1,false,false,false,false,53.5,Shrubland,3,1,Carnivore,Invertivore,Terrestrial,14953687.11,,
843,Marsh Tchagra,Tchagra minuta,,14000,avibase-7DCA1C1E,ebird_single,Marsh Tchagra,Bocagia minuta,18011,Bocagia minuta,martch2,Bushshrikes and Allies,Passeriformes,LC,https://datazone.birdlife.org/species/factsheet/22707482,1,false,false,false,false,34.4,Wetland,3,1,Carnivore,Invertivore,Insessorial,3369836.92,,
844,Rosy-patched Shrike,Rhodophoneus cruentus,,2490,avibase-8B8AC14A,ebird_single,Rosy-patched Bushshrike,Rhodophoneus cruentus,18085,Rhodophoneus cruentus,ropbus1,Bushshrikes and Allies,Passeriformes,LC,https://datazone.birdlife.org/species/factsheet/22707623,1,false,false,false,false,53.3,Shrubland,2,1,Carnivore,Invertivore,Terrestrial,1845043.08,This map might contains errors,
845,Black-headed Gonolek,Laniarius barbarus,,2428,avibase-5E822C9C,ebird_single,Black-headed Gonolek,Laniarius erythrogaster,18155,Laniarius erythrogaster,blhgon1,Bushshrikes and Allies,Passeriformes,LC,https://datazone.birdlife.org/species/factsheet/22707580,1,false,false,false,false,48.8,Shrubland,2,1,Carnivore,Invertivore,Insessorial,1988843.91,,
846,Papyrus Gonolek,Laniarius mufumbiri,,2438,avibase-1E5D636D,ebird_single,Papyrus Gonolek,Laniarius mufumbiri,18157,Laniarius mufumbiri,papgon1,Bushshrikes and Allies,Passeriformes,NT,https://datazone.birdlife.org/species/factsheet/22707593,1,false,false,false,false,41.5,Wetland,2,1,Carnivore,Invertivore,Insessorial,98961.39,,
847,Lühder's Bush Shrike,Laniarius luehderi,,2436,avibase-5AF20251,ebird_single,Lühder's Bushshrike,Laniarius luehderi,18130,Laniarius luehderi,luebus1,Bushshrikes and Allies,Passeriformes,LC,https://datazone.birdlife.org/species/factsheet/22707524,1,false,false,false,false,42.9,Forest,2,1,Carnivore,Invertivore,Insessorial,1056381.53,,
848,Red-naped Bush Shrike,Laniarius ruficeps,,2440,avibase-C59DFD44,ebird_single,Red-naped Bushshrike,Laniarius ruficeps,18125,Laniarius ruficeps,renbus1,Bushshrikes and Allies,Passeriformes,LC,https://datazone.birdlife.org/species/factsheet/22707518,1,false,false,false,false,32.7,Shrubland,1,1,Carnivore,Invertivore,Generalist,660049.39,,
849,Tropical Boubou,Laniarius ferrugineus,,0,avibase-9B750B64,manual,Black/Tropical/East Coast Boubou,Laniarius sp.,18129,Laniarius nigerrimus|Laniarius major|Laniarius sublacteus,sombou1|trobou1|zanbou1,Bushshrikes and Allies,Passeriformes,LC,,3,false,false,false,false,49.4,Woodland,2,1,Carnivore,Invertivore,Insessorial,7211323.51,,
850,Slate-coloured Boubou,Laniarius funebris,,2430,avibase-0868B50D,ebird_single,Slate-colored Boubou,Laniarius funebris,18159,Laniarius funebris,slcbou1,Bushshrikes and Allies,Passeriformes,LC,https://datazone.birdlife.org/species/factsheet/22707601,1,false,false,false,false,40.4,Shrubland,2,1,Carnivore,Invertivore,Generalist,1152635.01,,
851,Grey-green Bush Shrike,Malaconotus bocagei,,2498,avibase-EF5EDE6D,ebird_single,Bocage's Bushshrike,Chlorophoneus bocagei,18103,Chlorophoneus bocagei,gygbus1,Bushshrikes and Allies,Passeriformes,LC,https://datazone.birdlife.org/species/factsheet/22707638,1,false,false,false,false,27,Forest,2,1,Carnivore,Invertivore,Insessorial,785394.39,,
852,Sulphur-breasted Bush-Shrike,Malaconotus sulfureopectus,,719,avibase-F3DCCA8F,ebird_single,Orange-breasted Bushshrike,Chlorophoneus sulfureopectus,18106,Chlorophoneus sulfureopectus,subbus1,Bushshrikes and Allies,Passeriformes,LC,https://datazone.birdlife.org/species/factsheet/22707647,1,false,false,false,false,27.1,Woodland,2,1,Carnivore,Invertivore,Insessorial,8777553.1,,
853,Many-coloured Bush Shrike,Malaconotus multicolor,,720,avibase-5CE2F0DC,ebird_single,Black-fronted Bushshrike,Chlorophoneus nigrifrons,18119,Chlorophoneus nigrifrons,blfbus1,Bushshrikes and Allies,Passeriformes,LC,https://datazone.birdlife.org/species/factsheet/22707672,1,false,false,false,false,34.8,Forest,1,1,Carnivore,Invertivore,Insessorial,540075.23,,
854,Grey-headed Bush Shrike,Malaconotus blanchoti,,723,avibase-641068BB,ebird_single,Grey-headed Bushshrike,Malaconotus blanchoti,18049,Malaconotus blanchoti,gyhbus1,Bushshrikes and Allies,Passeriformes,LC,https://datazone.birdlife.org/species/factsheet/22707735,1,false,false,false,false,78.7,Woodland,2,1,Carnivore,Invertivore,Insessorial,7329839.51,,
855,Four-coloured Bush Shrike,Malaconotus quadricolor,,721,avibase-ACDC8DEE,ebird_single,Gorgeous Bushshrike,Telophorus viridis,18096,Telophorus viridis,focbus2,Bushshrikes and Allies,Passeriformes,LC,https://datazone.birdlife.org/species/factsheet/103707122,1,false,false,false,false,37.1,Forest,1,1,Carnivore,Invertivore,Insessorial,1025110.52,,
856,Doherty's Bush Shrike,Malaconotus dohertyi,,2500,avibase-0BC36521,ebird_single,Doherty's Bushshrike,Telophorus dohertyi,18101,Telophorus dohertyi,dohbus1,Bushshrikes and Allies,Passeriformes,LC,https://datazone.birdlife.org/species/factsheet/22707701,1,false,false,false,false,35,Shrubland,2,1,Carnivore,Invertivore,Generalist,113100.74,This map might contains errors,
857,Red-backed Shrike,Lanius collurio,,708,avibase-F2CEFD1A,ebird_single,Red-backed Shrike,Lanius collurio,19885,Lanius collurio,rebshr1,Shrikes,Passeriformes,LC,https://datazone.birdlife.org/species/factsheet/22705001,1,false,false,true,false,28.4,Woodland,3,3,Carnivore,Invertivore,Insessorial,10799323.67,,
858,Red-tailed Shrike,Lanius isabellinus,,0,avibase-959151D9,ebird_group_exact,Red-tailed/Isabelline Shrike,Lanius sp.,19881,Lanius isabellinus|Lanius phoenicuroides,isashr1|rutshr2,Shrikes,Passeriformes,LC,,2,false,false,true,false,25.2,Shrubland,2,3,Carnivore,Invertivore,Insessorial,4814814.43,,
859,Nubian Shrike,Lanius nubicus,,2296,avibase-E90CC64A,ebird_single,Masked Shrike,Lanius nubicus,19851,Lanius nubicus,masshr1,Shrikes,Passeriformes,LC,https://datazone.birdlife.org/species/factsheet/22705099,1,false,false,false,false,19.7,Woodland,2,3,Carnivore,Invertivore,Insessorial,352571.91,,
860,Woodchat Shrike,Lanius senator,,976,avibase-7E70D490,ebird_single,Woodchat Shrike,Lanius senator,19853,Lanius senator,wooshr1,Shrikes,Passeriformes,NT,https://datazone.birdlife.org/species/factsheet/22705095,1,false,false,true,false,36,Shrubland,2,3,Carnivore,Invertivore,Insessorial,2577480.33,,
861,Grey-backed Fiscal,Lanius excubitoroides,,2284,avibase-02B6A30C,ebird_single,Grey-backed Fiscal,Lanius excubitoroides,19815,Lanius excubitoroides,gybfis1,Shrikes,Passeriformes,LC,https://datazone.birdlife.org/species/factsheet/22705053,1,false,false,false,false,53.7,Shrubland,3,1,Carnivore,Invertivore,Insessorial,2533065.5,This map might contains errors,
862,Long-tailed Fiscal,Lanius cabanisi,,2278,avibase-836EDA33,ebird_single,Long-tailed Fiscal,Lanius cabanisi,19814,Lanius cabanisi,lotfis1,Shrikes,Passeriformes,LC,https://datazone.birdlife.org/species/factsheet/22705057,1,false,false,false,false,73.8,Shrubland,3,1,Carnivore,Omnivore,Insessorial,548346.11,This species is prone to misidentification and its maps might be affected by error.,
863,Lesser Grey Shrike,Lanius minor,,706,avibase-8852337B,ebird_single,Lesser Grey Shrike,Lanius minor,19852,Lanius minor,legshr2,Shrikes,Passeriformes,LC,https://datazone.birdlife.org/species/factsheet/22705038,1,false,false,true,false,46.5,Grassland,3,3,Carnivore,Invertivore,Insessorial,8409985.28,,
864,Common Fiscal,Lanius collaris,,7887,avibase-5792867A,ebird_single,Northern Fiscal,Lanius humeralis,19860,Lanius humeralis,norfis1,Shrikes,Passeriformes,NE,,1,false,false,false,false,41.8,Grassland,3,1,Carnivore,Invertivore,Insessorial,7220481.63,,
865,Taita Fiscal,Lanius dorsalis,,2280,avibase-64772F0F,ebird_single,Taita Fiscal,Lanius dorsalis,19819,Lanius dorsalis,taifis1,Shrikes,Passeriformes,LC,https://datazone.birdlife.org/species/factsheet/22705061,1,false,false,false,false,49.9,Shrubland,2,1,Carnivore,Invertivore,Insessorial,1312304.95,,
866,Somali Fiscal,Lanius somalicus,,2298,avibase-F7932185,ebird_single,Somali Fiscal,Lanius somalicus,19820,Lanius somalicus,somfis1,Shrikes,Passeriformes,LC,https://datazone.birdlife.org/species/factsheet/22705066,1,false,false,false,false,45.3,Desert,3,1,Carnivore,Invertivore,Insessorial,858092.07,,
867,Mackinnon's Shrike,Lanius mackinnoni,,2290,avibase-72387112,ebird_single,Mackinnon's Shrike,Lanius mackinnoni,19858,Lanius mackinnoni,macshr1,Shrikes,Passeriformes,LC,https://datazone.birdlife.org/species/factsheet/22705070,1,false,false,false,false,34.3,Woodland,3,1,Carnivore,Invertivore,Insessorial,1193617.21,,
868,Yellow-billed Shrike,Corvinella corvina,,2274,avibase-E44FAD6F,ebird_single,Yellow-billed Shrike,Corvinella corvina,19804,Corvinella corvina,yebshr1,Shrikes,Passeriformes,LC,https://datazone.birdlife.org/species/factsheet/22705103,1,false,false,false,false,65.4,Shrubland,3,1,Carnivore,Invertivore,Insessorial,3469655.34,,
869,Magpie Shrike,Corvinella melanoleucus,,724,avibase-56A7F384,ebird_single,Magpie Shrike,Urolestes melanoleucus,19809,Urolestes melanoleucus,magshr1,Shrikes,Passeriformes,LC,https://datazone.birdlife.org/species/factsheet/22705107,1,false,false,false,false,82.2,Woodland,3,1,Carnivore,Invertivore,Insessorial,1707357.86,,
870,Helmet Shrike,Prionops plumata,,727,avibase-3996ECD0,ebird_single,White-crested Helmetshrike,Prionops plumatus,18248,Prionops plumatus,whihel1,"Vangas, Helmetshrikes, and Allies",Passeriformes,LC,https://datazone.birdlife.org/species/factsheet/22707753,1,false,false,false,false,33.8,Woodland,2,1,Carnivore,Invertivore,Insessorial,10670489.61,,
871,Grey-crested Helmet Shrike,Prionops poliolophus,,2478,avibase-1F2F7323,ebird_single,Grey-crested Helmetshrike,Prionops poliolophus,18255,Prionops poliolophus,gychel1,"Vangas, Helmetshrikes, and Allies",Passeriformes,LC,https://datazone.birdlife.org/species/factsheet/22707760,1,false,false,false,false,49,Shrubland,3,1,Carnivore,Invertivore,Insessorial,52607.72,,
872,Retz's Helmet Shrike,Prionops retzii,,728,avibase-5B9EA71C,ebird_single,Retz's Helmetshrike,Prionops retzii,18263,Prionops retzii,rethel1,"Vangas, Helmetshrikes, and Allies",Passeriformes,LC,https://datazone.birdlife.org/species/factsheet/22707788,1,false,false,false,false,50.1,Woodland,2,1,Carnivore,Invertivore,Insessorial,4451615.16,,
873,Chestnut-fronted Helmet Shrike,Prionops scopifrons,,729,avibase-E27EEDC5,ebird_single,Chestnut-fronted Helmetshrike,Prionops scopifrons,18269,Prionops scopifrons,chfhel1,"Vangas, Helmetshrikes, and Allies",Passeriformes,LC,https://datazone.birdlife.org/species/factsheet/22707801,1,false,false,false,false,29.4,Woodland,2,1,Carnivore,Invertivore,Insessorial,795156.97,,
874,White-crowned Shrike,Eurocephalus rueppelli,,2276,avibase-866D07A0,ebird_single,Northern White-crowned Shrike,Eurocephalus ruppelli,19913,Eurocephalus ruppelli,whrshr1,Shrikes,Passeriformes,LC,https://datazone.birdlife.org/species/factsheet/22705114,1,false,false,false,false,50.6,Woodland,2,1,Carnivore,Invertivore,Insessorial,1835004.73,,
875,Stuhlmann's Starling,Poeoptera stuhlmanni,,2828,avibase-AEC1B69C,ebird_single,Stuhlmann's Starling,Poeoptera stuhlmanni,26449,Poeoptera stuhlmanni,stusta1,"Rhabdornis, Starlings, and Mynas",Passeriformes,LC,https://datazone.birdlife.org/species/factsheet/22710579,1,false,false,false,false,39.3,Forest,1,1,Herbivore,Frugivore,Insessorial,175255.7,,
876,Kenrick's Starling,Poeoptera kenricki,,2824,avibase-295B9665,ebird_single,Kenrick's Starling,Poeoptera kenricki,26450,Poeoptera kenricki,kensta1,"Rhabdornis, Starlings, and Mynas",Passeriformes,LC,https://datazone.birdlife.org/species/factsheet/22710583,1,false,false,false,false,46.4,Forest,1,1,Herbivore,Frugivore,Insessorial,203009.08,This species is prone to misidentification and its maps might be affected by error.,
877,Black-breasted Glossy Starling,Lamprotornis corruscus,,740,avibase-40781028,ebird_single,Black-bellied Starling,Notopholia corusca,26427,Notopholia corusca,bbgsta1,"Rhabdornis, Starlings, and Mynas",Passeriformes,LC,https://datazone.birdlife.org/species/factsheet/22710661,1,false,false,false,false,56.1,Woodland,2,2,Herbivore,Frugivore,Insessorial,495997.97,,
878,Bronze-tailed Glossy Starling,Lamprotornis chalcurus,,2786,avibase-AEEED5D0,ebird_single,Bronze-tailed Starling,Lamprotornis chalcurus,26482,Lamprotornis chalcurus,btgsta1,"Rhabdornis, Starlings, and Mynas",Passeriformes,LC,https://datazone.birdlife.org/species/factsheet/22710682,1,false,false,false,false,63,Shrubland,2,1,Omnivore,Omnivore,Generalist,2454558.78,,
879,Blue-eared Glossy Starling,Lamprotornis chalybaeus,,738,avibase-7DDB347E,ebird_single,Greater Blue-eared Starling,Lamprotornis chalybaeus,26473,Lamprotornis chalybaeus,gbesta1,"Rhabdornis, Starlings, and Mynas",Passeriformes,LC,https://datazone.birdlife.org/species/factsheet/22710689,1,false,false,false,false,86.2,Shrubland,3,1,Omnivore,Omnivore,Generalist,7830690.15,,
880,Lesser Blue-eared Glossy Starling,Lamprotornis chloropterus,,7863,avibase-0AA15ACA,ebird_single,Lesser Blue-eared Starling,Lamprotornis chloropterus,26466,Lamprotornis chloropterus,lbesta1,"Rhabdornis, Starlings, and Mynas",Passeriformes,LC,https://datazone.birdlife.org/species/factsheet/106005777,1,false,false,false,false,73.1,Woodland,2,1,Herbivore,Omnivore,Insessorial,5690333.67,,
881,Rüppell's Long-tailed Glossy Starling,Lamprotornis purpuropterus,,2794,avibase-3BB2565D,ebird_single,Rüppell's Starling,Lamprotornis purpuroptera,26458,Lamprotornis purpuroptera,ruegls1,"Rhabdornis, Starlings, and Mynas",Passeriformes,LC,https://datazone.birdlife.org/species/factsheet/22710751,1,false,false,false,false,77.4,Shrubland,3,1,Omnivore,Omnivore,Terrestrial,1362512.11,,
882,Splendid Glossy Starling,Lamprotornis splendidus,,2798,avibase-18B10CF9,ebird_single,Splendid Starling,Lamprotornis splendidus,26487,Lamprotornis splendidus,spgsta1,"Rhabdornis, Starlings, and Mynas",Passeriformes,LC,https://datazone.birdlife.org/species/factsheet/22710716,1,false,false,false,false,123.1,Forest,1,2,Omnivore,Frugivore,Insessorial,3906065.58,,
883,Purple Glossy Starling,Lamprotornis purpureus,,2792,avibase-6A0BA87A,ebird_single,Purple Starling,Lamprotornis purpureus,26478,Lamprotornis purpureus,pugsta1,"Rhabdornis, Starlings, and Mynas",Passeriformes,LC,https://datazone.birdlife.org/species/factsheet/22710668,1,false,false,false,false,112.9,Shrubland,3,2,Herbivore,Omnivore,Insessorial,3464722.79,,
884,Bristle-crowned Starling,Onychognathus salvadorii,,2814,avibase-E8DEABBD,ebird_single,Bristle-crowned Starling,Onychognathus salvadorii,26423,Onychognathus salvadorii,brcsta1,"Rhabdornis, Starlings, and Mynas",Passeriformes,LC,https://datazone.birdlife.org/species/factsheet/22710638,1,false,false,false,false,160,Rock,3,1,Herbivore,Frugivore,Insessorial,646688.67,,
885,Red-winged Starling,Onychognathus morio,,745,avibase-508D5CA2,ebird_single,Red-winged Starling,Onychognathus morio,26407,Onychognathus morio,rewsta1,"Rhabdornis, Starlings, and Mynas",Passeriformes,LC,https://datazone.birdlife.org/species/factsheet/103871400,1,false,false,false,false,132.9,Rock,3,1,Omnivore,Omnivore,Insessorial,3660528.38,,
886,Slender-billed Chestnut-winged Starling,Onychognathus tenuirostris,,2816,avibase-F2C7AA06,ebird_single,Slender-billed Starling,Onychognathus tenuirostris,26403,Onychognathus tenuirostris,slbsta1,"Rhabdornis, Starlings, and Mynas",Passeriformes,LC,https://datazone.birdlife.org/species/factsheet/22710629,1,false,false,false,false,118,Forest,1,1,Herbivore,Frugivore,Insessorial,405677.73,,
887,Waller's Chestnut-winged Starling,Onychognathus walleri,,2818,avibase-E11D6D66,ebird_single,Waller's Starling,Onychognathus walleri,26417,Onychognathus walleri,walsta1,"Rhabdornis, Starlings, and Mynas",Passeriformes,LC,https://datazone.birdlife.org/species/factsheet/22710595,1,false,false,false,false,93,Forest,1,1,Omnivore,Omnivore,Insessorial,308237.32,,
888,Shelley's Starling,Spreo shelleyi,,2796,avibase-B24A13C7,ebird_single,Shelley's Starling,Lamprotornis shelleyi,26455,Lamprotornis shelleyi,shesta1,"Rhabdornis, Starlings, and Mynas",Passeriformes,LC,https://datazone.birdlife.org/species/factsheet/22710775,1,false,false,false,false,45,Shrubland,2,3,Omnivore,Invertivore,Insessorial,657853.65,This species is prone to misidentification and its maps might be affected by error.,
889,Hildebrandt's Starling,Spreo hildebrandti,,2788,avibase-621F6E07,ebird_single,Hildebrandt's Starling,Lamprotornis hildebrandti,26454,Lamprotornis hildebrandti,hilsta1,"Rhabdornis, Starlings, and Mynas",Passeriformes,LC,https://datazone.birdlife.org/species/factsheet/22710779,1,false,false,false,false,55.9,Woodland,2,1,Carnivore,Invertivore,Terrestrial,413819.2,,
890,Superb Starling,Spreo superbus,,2800,avibase-405CCAAE,ebird_single,Superb Starling,Lamprotornis superbus,26494,Lamprotornis superbus,supsta1,"Rhabdornis, Starlings, and Mynas",Passeriformes,LC,https://datazone.birdlife.org/species/factsheet/22710767,1,false,false,false,false,64.9,Shrubland,2,1,Carnivore,Invertivore,Terrestrial,2087560.01,,
891,Fischer's Starling,Spreo fischeri,,2836,avibase-4FF4CAF8,ebird_single,Fischer's Starling,Lamprotornis fischeri,26495,Lamprotornis fischeri,fissta1,"Rhabdornis, Starlings, and Mynas",Passeriformes,LC,https://datazone.birdlife.org/species/factsheet/22710804,1,false,false,false,false,51,Shrubland,3,1,Carnivore,Invertivore,Terrestrial,642683.49,,
892,White-crowned Starling,Spreo albicapillus,,2834,avibase-A77D4A77,ebird_single,White-crowned Starling,Lamprotornis albicapillus,26496,Lamprotornis albicapillus,whcsta3,"Rhabdornis, Starlings, and Mynas",Passeriformes,LC,https://datazone.birdlife.org/species/factsheet/22710813,1,false,false,false,false,76.8,Shrubland,2,1,Omnivore,Omnivore,Generalist,792878.49,,
893,Golden-breasted Starling,Cosmopsarus regius,,2778,avibase-EE674721,ebird_single,Golden-breasted Starling,Lamprotornis regius,26485,Lamprotornis regius,gobsta5,"Rhabdornis, Starlings, and Mynas",Passeriformes,LC,https://datazone.birdlife.org/species/factsheet/22710817,1,false,false,false,false,53.8,Shrubland,3,1,Carnivore,Invertivore,Generalist,1243437.56,,
894,Ashy Starling,Cosmopsarus unicolor,0,#N/A,avibase-6BFEA7BE,ebird_single,Ashy Starling,Lamprotornis unicolor,26461,Lamprotornis unicolor,ashsta2,"Rhabdornis, Starlings, and Mynas",Passeriformes,LC,https://datazone.birdlife.org/species/factsheet/22710821,1,false,false,false,false,60.2,Woodland,2,1,Carnivore,Invertivore,Terrestrial,309310.94,,"Rejected by Zimmerman et al. 1996. See East African Rarities Committee (EARC) Special Report
Species included for East African countries in Britton (1980)
which have since been considered unacceptable. https://eararities.org/downloads/Fisher,%20Pearson%20&%20Hunter%202016.pdf"
895,Magpie Starling,Speculipastor bicolor,,2832,avibase-D3390C6C,ebird_single,Magpie Starling,Speculipastor bicolor,26440,Speculipastor bicolor,magsta1,"Rhabdornis, Starlings, and Mynas",Passeriformes,LC,https://datazone.birdlife.org/species/factsheet/22710795,1,false,false,false,false,64.2,Woodland,2,1,Omnivore,Frugivore,Insessorial,1084773.96,,
896,Violet-backed Starling,Cinnyricinclus leucogaster,,736,avibase-B1A3AF6C,ebird_single,Violet-backed Starling,Cinnyricinclus leucogaster,26398,Cinnyricinclus leucogaster,vibsta2,"Rhabdornis, Starlings, and Mynas",Passeriformes,LC,https://datazone.birdlife.org/species/factsheet/22710791,1,false,true,false,false,44,Forest,2,3,Herbivore,Frugivore,Insessorial,10024187.06,,
897,Sharpe's Starling,Cinnyricinclus sharpii,,2822,avibase-D6F2837E,ebird_single,Sharpe's Starling,Pholia sharpii,26444,Pholia sharpii,shasta2,"Rhabdornis, Starlings, and Mynas",Passeriformes,LC,https://datazone.birdlife.org/species/factsheet/22710783,1,false,false,false,false,41,Forest,1,2,Herbivore,Frugivore,Insessorial,195406.84,,
898,Abbott's Starling,Cinnyricinclus femoralis,,2820,avibase-1350773F,ebird_single,Abbott's Starling,Arizelopsar femoralis,26446,Arizelopsar femoralis,abbsta2,"Rhabdornis, Starlings, and Mynas",Passeriformes,EN,https://datazone.birdlife.org/species/factsheet/22710787,1,false,false,false,false,41,Forest,1,2,Omnivore,Frugivore,Insessorial,5033.2,,
899,Wattled Starling,Creatophora cinerea,,735,avibase-9D95139B,ebird_single,Wattled Starling,Creatophora cinerea,26336,Creatophora cinerea,watsta1,"Rhabdornis, Starlings, and Mynas",Passeriformes,LC,https://datazone.birdlife.org/species/factsheet/22710832,1,false,false,false,false,73,Shrubland,3,2,Omnivore,Invertivore,Terrestrial,5407365.7,,
900,Yellow-billed Oxpecker,Buphagus africanus,,747,avibase-5D970425,ebird_single,Yellow-billed Oxpecker,Buphagus africanus,26066,Buphagus africanus,yeboxp1,Oxpeckers,Passeriformes,LC,https://datazone.birdlife.org/species/factsheet/22711005,1,false,false,false,false,58.5,Woodland,3,2,Carnivore,Invertivore,Insessorial,3672712.87,,
901,Red-billed Oxpecker,Buphagus erythrorhynchus,,748,avibase-7471E71D,ebird_single,Red-billed Oxpecker,Buphagus erythroryncha,26065,Buphagus erythroryncha,reboxp1,Oxpeckers,Passeriformes,LC,https://datazone.birdlife.org/species/factsheet/22711009,1,false,false,false,false,50.7,Woodland,3,1,Carnivore,Invertivore,Insessorial,2881050.23,,
902,Collared Sunbird,Anthreptes collaris,,771,avibase-1611F295,ebird_single,Collared Sunbird,Hedydipna collaris,28567,Hedydipna collaris,colsun2,Spiderhunters and Sunbirds,Passeriformes,LC,https://datazone.birdlife.org/species/factsheet/22717668,1,false,false,false,false,7,Forest,2,1,Omnivore,Invertivore,Insessorial,9197435.7,,
903,Pygmy Sunbird,Anthreptes platurus,,3576,avibase-B0E7740F,ebird_single,Pygmy Sunbird,Hedydipna platura,28577,Hedydipna platura,pygsun2,Spiderhunters and Sunbirds,Passeriformes,LC,https://datazone.birdlife.org/species/factsheet/22717672,1,false,false,false,false,6.7,Woodland,2,1,Herbivore,Omnivore,Insessorial,4094486.35,,
904,Green Sunbird,Anthreptes rectirostris,,3592,avibase-3429B283,ebird_single,Yellow-chinned Sunbird,Anthreptes rectirostris,28445,Anthreptes rectirostris,grnsun1,Spiderhunters and Sunbirds,Passeriformes,LC,https://datazone.birdlife.org/species/factsheet/103792746,1,false,false,false,false,10.6,Forest,1,1,Omnivore,Omnivore,Insessorial,448143.89,,
905,Plain-backed Sunbird,Anthreptes reichenowi,,769,avibase-67F06823,ebird_single,Plain-backed Sunbird,Anthreptes reichenowi,28407,Anthreptes reichenowi,plbsun1,Spiderhunters and Sunbirds,Passeriformes,LC,https://datazone.birdlife.org/species/factsheet/22717602,1,false,false,false,false,7.3,Forest,1,1,Herbivore,Nectarivore,Insessorial,438283.12,,
906,Eastern Violet-backed Sunbird,Anthreptes orientalis,,3588,avibase-2D0C83B2,ebird_single,Eastern Violet-backed Sunbird,Anthreptes orientalis,28438,Anthreptes orientalis,kvbsun1,Spiderhunters and Sunbirds,Passeriformes,LC,https://datazone.birdlife.org/species/factsheet/22717640,1,false,false,false,false,10.3,Woodland,2,1,Carnivore,Invertivore,Insessorial,1935952.46,This map might contains errors,
907,Violet-backed Sunbird,Anthreptes longuemarei,,770,avibase-857DCDD5,ebird_single,Western Violet-backed Sunbird,Anthreptes longuemarei,28434,Anthreptes longuemarei,wvbsun1,Spiderhunters and Sunbirds,Passeriformes,LC,https://datazone.birdlife.org/species/factsheet/22717635,1,false,false,false,false,11.4,Woodland,2,1,Carnivore,Invertivore,Insessorial,5262392.93,Not recorded in the old atlas. There is likely an error of identification or taxnomy with the old atlas data,Are there really no records from the old atlas?
908,Uluguru Violet-backed Sunbird,Anthreptes neglectus,,3586,avibase-56C6CBA8,ebird_single,Uluguru Violet-backed Sunbird,Anthreptes neglectus,28439,Anthreptes neglectus,uvbsun1,Spiderhunters and Sunbirds,Passeriformes,LC,https://datazone.birdlife.org/species/factsheet/22717645,1,false,false,false,false,11.8,Forest,1,1,Omnivore,Omnivore,Insessorial,250651.55,,
909,Amani Sunbird,Anthreptes pallidigaster,,3574,avibase-0B4F3AA2,ebird_single,Amani Sunbird,Hedydipna pallidigaster,28579,Hedydipna pallidigaster,amasun2,Spiderhunters and Sunbirds,Passeriformes,EN,https://datazone.birdlife.org/species/factsheet/22717653,1,false,false,false,false,6.8,Woodland,2,1,Carnivore,Invertivore,Insessorial,864.21,,
910,Variable Sunbird,Nectarinia venusta,,762,avibase-8E9E45B5,ebird_single,Variable Sunbird,Cinnyris venustus,28762,Cinnyris venustus,varsun2,Spiderhunters and Sunbirds,Passeriformes,LC,https://datazone.birdlife.org/species/factsheet/22717826,1,false,false,false,false,6.6,Woodland,2,1,Omnivore,Nectarivore,Insessorial,5595541.69,,
911,Orange-tufted Sunbird,Nectarinia bouvieri,,3626,avibase-693FC6FD,ebird_single,Orange-tufted Sunbird,Cinnyris bouvieri,28737,Cinnyris bouvieri,ortsun3,Spiderhunters and Sunbirds,Passeriformes,LC,https://datazone.birdlife.org/species/factsheet/22717846,1,false,false,false,false,8.7,Grassland,3,1,Omnivore,Nectarivore,Insessorial,360313.74,,
912,Shining Sunbird,Nectarinia habessinica,,3640,avibase-688582BF,ebird_single,Abyssinian Sunbird,Cinnyris habessinicus,28741,Cinnyris habessinicus,shisun3,Spiderhunters and Sunbirds,Passeriformes,LC,https://datazone.birdlife.org/species/factsheet/103803926,1,false,false,false,false,9.5,Shrubland,2,1,Herbivore,Omnivore,Insessorial,1107754.72,,
913,Little Purple-banded Sunbird,Nectarinia bifasciata,,0,avibase-150F563A,manual,Purple-banded/Tsavo Sunbird,Cinnyris sp.,28731,Cinnyris bifasciatus|Cinnyris tsavoensis,pubsun4|tsasun1,Spiderhunters and Sunbirds,Passeriformes,LC,,2,false,false,false,false,7.2,Shrubland,2,1,Herbivore,Omnivore,Insessorial,1925702.6,,"Historical lump of 2 species, treated as one taxon (Nectarinia bifasciata) in the 1970-1984 atlas: Purple-banded Sunbird (Cinnyris bifasciatus, 1125 Kenyan eBird records 2009-2023); Tsavo Sunbird (Cinnyris tsavoensis, 577 Kenyan eBird records 2009-2023). At least one member was already a distinct, field-separable species during the atlas era; old-atlas records for this concept may include unseparated or misidentified individuals of either."
914,Violet-breasted Sunbird,Nectarinia pembae,,3628,avibase-9CDA630C,ebird_single,Violet-breasted Sunbird,Cinnyris chalcomelas,28735,Cinnyris chalcomelas,vibsun2,Spiderhunters and Sunbirds,Passeriformes,LC,https://datazone.birdlife.org/species/factsheet/22718012,1,false,false,false,false,8.2,Shrubland,3,1,Omnivore,Nectarivore,Insessorial,63807.07,,
915,Superb Sunbird,Nectarinia superba,,3672,avibase-7C8BC7CF,ebird_single,Superb Sunbird,Cinnyris superbus,28752,Cinnyris superbus,supsun2,Spiderhunters and Sunbirds,Passeriformes,LC,https://datazone.birdlife.org/species/factsheet/22718035,1,false,false,false,false,16.8,Forest,1,1,Herbivore,Omnivore,Insessorial,2854180.16,This map might contains errors,
916,Mariqua Sunbird,Nectarinia mariquensis,,755,avibase-5AC9F737,ebird_single,Marico Sunbird,Cinnyris mariquensis,28719,Cinnyris mariquensis,marsun2,Spiderhunters and Sunbirds,Passeriformes,LC,https://datazone.birdlife.org/species/factsheet/22718003,1,false,false,false,false,11.5,Woodland,3,1,Omnivore,Nectarivore,Insessorial,2606050.21,,
917,Red-chested Sunbird,Nectarinia erythrocerca,,3638,avibase-4C428439,ebird_single,Red-chested Sunbird,Cinnyris erythrocercus,28727,Cinnyris erythrocercus,recsun2,Spiderhunters and Sunbirds,Passeriformes,LC,https://datazone.birdlife.org/species/factsheet/22717994,1,false,false,false,false,8.8,Wetland,2,1,Omnivore,Nectarivore,Insessorial,438707.33,This map might contains errors,
918,Smaller Black-bellied Sunbird,Nectarinia nectarinioides,,3684,avibase-7C822074,ebird_single,Black-bellied Sunbird,Cinnyris nectarinioides,28728,Cinnyris nectarinioides,bkbsun1,Spiderhunters and Sunbirds,Passeriformes,LC,https://datazone.birdlife.org/species/factsheet/22718043,1,false,false,false,false,4.8,Shrubland,3,1,Omnivore,Nectarivore,Insessorial,496613.1,,
919,Olive-bellied Sunbird,Nectarinia chloropygia,,1117,avibase-D2B15B3F,ebird_single,Olive-bellied Sunbird,Cinnyris chloropygius,28680,Cinnyris chloropygius,olbsun3,Spiderhunters and Sunbirds,Passeriformes,LC,https://datazone.birdlife.org/species/factsheet/22717919,1,false,false,false,false,6.2,Shrubland,2,2,Omnivore,Omnivore,Insessorial,4297123.95,,
920,Beautiful Sunbird,Nectarinia pulchella,,3686,avibase-718A3B70,ebird_single,Beautiful Sunbird,Cinnyris pulchellus,28717,Cinnyris pulchellus,beasun2,Spiderhunters and Sunbirds,Passeriformes,LC,https://datazone.birdlife.org/species/factsheet/103799817,1,false,false,false,false,7,Woodland,3,1,Herbivore,Nectarivore,Insessorial,5431378.76,,
921,Northern Double-collared Sunbird,Nectarinia preussi,,3660,avibase-A6083057,ebird_single,Northern Double-collared Sunbird,Cinnyris reichenowi,28702,Cinnyris reichenowi,ndcsun2,Spiderhunters and Sunbirds,Passeriformes,LC,https://datazone.birdlife.org/species/factsheet/22717887,1,false,false,false,false,6.8,Forest,2,1,Herbivore,Nectarivore,Insessorial,243088.55,,
922,Eastern Double-collared Sunbird,Nectarinia mediocris,,0,avibase-1E1FCF58,manual,Eastern/Usambara Double-collared Sunbird,Cinnyris sp.,28710,Cinnyris mediocris|Cinnyris usambaricus,edcsun3|edcsun4,Spiderhunters and Sunbirds,Passeriformes,LC,,2,false,false,false,false,8.2,Forest,2,1,Herbivore,Nectarivore,Insessorial,195956.74,,
923,Copper Sunbird,Nectarinia cuprea,,754,avibase-1F21FFE9,ebird_single,Copper Sunbird,Cinnyris cupreus,28773,Cinnyris cupreus,copsun2,Spiderhunters and Sunbirds,Passeriformes,LC,https://datazone.birdlife.org/species/factsheet/22717945,1,false,false,false,false,8.9,Shrubland,3,1,Herbivore,Nectarivore,Insessorial,7848077.34,,
924,Tacazze Sunbird,Nectarinia tacazze,,3674,avibase-FAFA576B,ebird_single,Tacazze Sunbird,Nectarinia tacazze,28634,Nectarinia tacazze,tacsun1,Spiderhunters and Sunbirds,Passeriformes,LC,https://datazone.birdlife.org/species/factsheet/22717958,1,false,false,false,false,14.9,Forest,2,1,Herbivore,Nectarivore,Insessorial,285225.05,,
925,Bronze Sunbird,Nectarinia kilimensis,,752,avibase-D4F9B273,ebird_single,Bronze Sunbird,Nectarinia kilimensis,28637,Nectarinia kilimensis,brosun1,Spiderhunters and Sunbirds,Passeriformes,LC,https://datazone.birdlife.org/species/factsheet/22717970,1,false,false,false,false,15.7,Woodland,2,1,Omnivore,Nectarivore,Insessorial,511131.66,,
926,Golden-winged Sunbird,Nectarinia reichenowi,,1118,avibase-D33D2F6D,ebird_single,Golden-winged Sunbird,Drepanorhynchus reichenowi,28650,Drepanorhynchus reichenowi,gowsun2,Spiderhunters and Sunbirds,Passeriformes,LC,https://datazone.birdlife.org/species/factsheet/22717975,1,false,false,false,false,14.7,Grassland,3,2,Herbivore,Nectarivore,Insessorial,217754.73,,
927,Malachite Sunbird,Nectarinia famosa,,751,avibase-26F27894,ebird_single,Malachite Sunbird,Nectarinia famosa,28641,Nectarinia famosa,malsun1,Spiderhunters and Sunbirds,Passeriformes,LC,https://datazone.birdlife.org/species/factsheet/22717979,1,false,false,false,false,14.4,Shrubland,2,1,Omnivore,Omnivore,Insessorial,1109036.73,,
928,Scarlet-tufted Malachite Sunbird,Nectarinia johnstoni,,3646,avibase-D91BCC1B,ebird_single,Scarlet-tufted Sunbird,Nectarinia johnstoni,28644,Nectarinia johnstoni,retsun2,Spiderhunters and Sunbirds,Passeriformes,LC,https://datazone.birdlife.org/species/factsheet/22717984,1,false,false,false,false,15.2,Grassland,3,1,Omnivore,Nectarivore,Insessorial,21310.45,,
929,Olive Sunbird,Nectarinia olivacea,,766,avibase-EE79A5EF,ebird_single,Olive Sunbird,Cyanomitra olivacea,28607,Cyanomitra olivacea,eaosun1,Spiderhunters and Sunbirds,Passeriformes,LC,https://datazone.birdlife.org/species/factsheet/22717691,1,false,false,false,false,9.7,Forest,1,1,Omnivore,Omnivore,Insessorial,5394958.82,,
930,Scarlet-chested Sunbird,Nectarinia senegalensis,,774,avibase-0059A2E0,ebird_single,Scarlet-chested Sunbird,Chalcomitra senegalensis,28670,Chalcomitra senegalensis,sccsun2,Spiderhunters and Sunbirds,Passeriformes,LC,https://datazone.birdlife.org/species/factsheet/22717770,1,false,false,false,false,12.2,Shrubland,2,2,Omnivore,Omnivore,Insessorial,9424883.18,,
931,Hunter's Sunbird,Nectarinia hunteri,,3610,avibase-8F052626,ebird_single,Hunter's Sunbird,Chalcomitra hunteri,28677,Chalcomitra hunteri,hunsun2,Spiderhunters and Sunbirds,Passeriformes,LC,https://datazone.birdlife.org/species/factsheet/22717774,1,false,false,false,false,11.8,Shrubland,2,1,Omnivore,Omnivore,Insessorial,1422643.43,This map might contains errors,
932,Amethyst Sunbird,Nectarinia amethystina,,772,avibase-B022292C,ebird_single,Amethyst Sunbird,Chalcomitra amethystina,28665,Chalcomitra amethystina,amesun2,Spiderhunters and Sunbirds,Passeriformes,LC,https://datazone.birdlife.org/species/factsheet/22717762,1,false,false,false,false,13.7,Woodland,2,2,Omnivore,Omnivore,Insessorial,3590561.92,,
933,Green-throated Sunbird,Nectarinia rubescens,,1116,avibase-2E2DE0B6,ebird_single,Green-throated Sunbird,Chalcomitra rubescens,28661,Chalcomitra rubescens,gntsun1,Spiderhunters and Sunbirds,Passeriformes,LC,https://datazone.birdlife.org/species/factsheet/22717766,1,false,false,false,false,10.3,Forest,2,1,Omnivore,Omnivore,Insessorial,2910535.16,,
934,Green-headed Sunbird,Nectarinia verticalis,,1068,avibase-6DE16262,ebird_single,Green-headed Sunbird,Cyanomitra verticalis,28587,Cyanomitra verticalis,gnhsun1,Spiderhunters and Sunbirds,Passeriformes,LC,https://datazone.birdlife.org/species/factsheet/22717738,1,false,false,false,false,14.4,Woodland,2,1,Herbivore,Omnivore,Insessorial,5373209.67,,
935,Blue-throated Brown Sunbird,Nectarinia cyanolaema,0,#N/A,avibase-36A24C79,ebird_single,Blue-throated Brown Sunbird,Cyanomitra cyanolaema,28593,Cyanomitra cyanolaema,btbsun2,Spiderhunters and Sunbirds,Passeriformes,LC,https://datazone.birdlife.org/species/factsheet/22717746,1,false,false,false,false,16.8,Forest,2,1,Herbivore,Omnivore,Insessorial,3142385.64,,"Rejected by Zimmerman et al. 1996. See East African Rarities Committee (EARC) Special Report
Species included for East African countries in Britton (1980)
which have since been considered unacceptable. https://eararities.org/downloads/Fisher,%20Pearson%20&%20Hunter%202016.pdf"
936,Mouse-coloured Sunbird,Nectarinia veroxii,,765,avibase-C1CBA33A,ebird_single,Grey Sunbird,Cyanomitra veroxii,28619,Cyanomitra veroxii,mocsun2,Spiderhunters and Sunbirds,Passeriformes,LC,https://datazone.birdlife.org/species/factsheet/22717699,1,false,false,false,false,11.5,Forest,2,2,Omnivore,Omnivore,Insessorial,155165.64,,
937,Yellow White-eye,Zosterops senegalensis,,10874,avibase-86F34425,ebird_single,Northern Yellow White-eye,Zosterops senegalensis,24158,Zosterops senegalensis,afywhe2,"White-eyes, Yuhinas, and Allies",Passeriformes,NE,,1,false,false,false,false,10.9,Woodland,2,1,Carnivore,Invertivore,Insessorial,8737492.27,This species is prone to misidentification and its maps might be affected by error.,
938,Montane White-eye,Zosterops poliogastra,,0,avibase-98370803,manual,Kikuyu/Taita/Broad-ringed/Ethiopian White-eye,Zosterops sp.,24145,Zosterops kikuyuensis|Zosterops silvanus|Zosterops eurycricotus|Zosterops poliogastrus,brrwhe3|brrwhe4|brrwhe8|heuwhe2,"White-eyes, Yuhinas, and Allies",Passeriformes,VU,,4,false,false,false,false,11,Forest,1,1,Omnivore,Invertivore,Insessorial,24195.41,This species is prone to misidentification and its maps might be affected by error.,
939,Abyssinian White-eye,Zosterops abyssinicus,,10878,,TODO,Mbulu/Pale White-eye,Zosterops sp.,24081,Zosterops mbuluensis|Zosterops flavilateralis,brrwhe9|whbwhe3,"White-eyes, Yuhinas, and Allies",Passeriformes,LC,,2,false,false,false,false,9.4,Woodland,2,1,Carnivore,Invertivore,Insessorial,434447.77,This species is prone to misidentification and its maps might be affected by error.,
940,Black-headed Weaver,Ploceus cucullatus,,797,avibase-E8AA9E1C,ebird_single,Village Weaver,Ploceus cucullatus,29012,Ploceus cucullatus,vilwea1,Weavers and Allies,Passeriformes,LC,https://datazone.birdlife.org/species/factsheet/22718921,1,false,false,false,false,36.1,Woodland,3,1,Herbivore,Granivore,Insessorial,13674390.28,,
941,Vieillot's Black Weaver,Ploceus nigerrimus,,1152,avibase-20D915AD,ebird_single,Vieillot's Black Weaver,Ploceus nigerrimus,29011,Ploceus nigerrimus,viewea3,Weavers and Allies,Passeriformes,LC,https://datazone.birdlife.org/species/factsheet/103812246,1,false,false,false,false,34.3,Woodland,2,1,Omnivore,Invertivore,Insessorial,1816787.86,,
942,Speke's Weaver,Ploceus spekei,,3934,avibase-4DC2B23C,ebird_single,Speke's Weaver,Ploceus spekei,29008,Ploceus spekei,spewea2,Weavers and Allies,Passeriformes,LC,https://datazone.birdlife.org/species/factsheet/22718929,1,false,false,false,false,35.1,Woodland,2,1,Herbivore,Granivore,Insessorial,369189,,
943,Orange Weaver,Ploceus aurantius,,3888,avibase-2C42345F,ebird_single,Orange Weaver,Ploceus aurantius,28977,Ploceus aurantius,orawea1,Weavers and Allies,Passeriformes,LC,https://datazone.birdlife.org/species/factsheet/22718833,1,false,false,false,false,23,Wetland,2,1,Omnivore,Omnivore,Insessorial,441030.16,,
944,Taveta Golden Weaver,Ploceus castaneiceps,,3902,avibase-2379E3EB,ebird_single,Taveta Weaver,Ploceus castaneiceps,28981,Ploceus castaneiceps,tagwea1,Weavers and Allies,Passeriformes,LC,https://datazone.birdlife.org/species/factsheet/22718841,1,false,false,false,false,18.5,Wetland,2,1,Herbivore,Granivore,Insessorial,45796.6,,
945,Golden Palm Weaver,Ploceus bojeri,,3898,avibase-F40197D6,ebird_single,Golden Palm Weaver,Ploceus bojeri,28980,Ploceus bojeri,gopwea1,Weavers and Allies,Passeriformes,LC,https://datazone.birdlife.org/species/factsheet/22718837,1,false,false,false,false,22.4,Woodland,3,1,Omnivore,Omnivore,Insessorial,223498.08,,
946,Golden Weaver,Ploceus subaureus,,800,avibase-86BEAFA6,ebird_single,Eastern Golden Weaver,Ploceus subaureus,28973,Ploceus subaureus,afgwea1,Weavers and Allies,Passeriformes,LC,https://datazone.birdlife.org/species/factsheet/22718811,1,false,false,false,false,30.4,Riverine,3,1,Herbivore,Granivore,Insessorial,493658.92,,
947,Holub's Golden Weaver,Ploceus xanthops,,801,avibase-2D86B0D2,ebird_single,Holub's Golden Weaver,Ploceus xanthops,28976,Ploceus xanthops,hogwea1,Weavers and Allies,Passeriformes,LC,https://datazone.birdlife.org/species/factsheet/22718818,1,false,false,false,false,40.6,Shrubland,2,1,Herbivore,Omnivore,Insessorial,2485649.7,,
948,Northern Brown-throated Weaver,Ploceus castanops,,3904,avibase-F9FB0226,ebird_single,Northern Brown-throated Weaver,Ploceus castanops,28987,Ploceus castanops,nbtwea1,Weavers and Allies,Passeriformes,LC,https://datazone.birdlife.org/species/factsheet/22718850,1,false,false,false,false,21.4,Wetland,2,1,Herbivore,Granivore,Insessorial,193380.61,,
949,Yellow-backed Weaver,Ploceus melanocephalus,,3922,avibase-19D053B3,ebird_single,Black-headed Weaver,Ploceus melanocephalus,29025,Ploceus melanocephalus,blhwea1,Weavers and Allies,Passeriformes,LC,https://datazone.birdlife.org/species/factsheet/22718949,1,false,false,false,false,23,Wetland,2,1,Omnivore,Granivore,Insessorial,1181602.18,This map might contains errors,
950,Golden-backed Weaver,Ploceus jacksoni,,3916,avibase-DF0759C0,ebird_single,Golden-backed Weaver,Ploceus jacksoni,29031,Ploceus jacksoni,gobwea1,Weavers and Allies,Passeriformes,LC,https://datazone.birdlife.org/species/factsheet/22718966,1,false,false,false,false,23.4,Wetland,2,1,Herbivore,Granivore,Insessorial,524545.64,,
951,Northern Masked Weaver,Ploceus taeniopterus,,3940,avibase-6A84BDB8,ebird_single,Northern Masked Weaver,Ploceus taeniopterus,28990,Ploceus taeniopterus,nomwea1,Weavers and Allies,Passeriformes,LC,https://datazone.birdlife.org/species/factsheet/22718871,1,false,false,false,false,17.6,Wetland,3,1,Herbivore,Granivore,Insessorial,187720.65,,
952,Jubaland Weaver,Ploceus dichrocephalus,,3906,avibase-2E4A97D9,ebird_single,Juba Weaver,Ploceus dichrocephalus,29024,Ploceus dichrocephalus,salwea1,Weavers and Allies,Passeriformes,LC,https://datazone.birdlife.org/species/factsheet/22718956,1,false,false,false,false,18.5,Wetland,2,1,Herbivore,Granivore,Insessorial,118062.52,"Species not recorded during both the old and new atlas, but recorded in Kenya.",
953,Masked Weaver,Ploceus intermedius,,792,avibase-E069A0BB,ebird_single,Lesser Masked Weaver,Ploceus intermedius,28993,Ploceus intermedius,lesmaw1,Weavers and Allies,Passeriformes,LC,https://datazone.birdlife.org/species/factsheet/22718783,1,false,false,false,false,20.6,Woodland,3,1,Carnivore,Invertivore,Insessorial,3811744.92,,
954,Vitelline Masked Weaver,Ploceus velatus,,1153,avibase-FC6C191F,ebird_single,Vitelline Masked Weaver,Ploceus vitellinus,28998,Ploceus vitellinus,vimwea1,Weavers and Allies,Passeriformes,LC,https://datazone.birdlife.org/species/factsheet/22718882,1,false,false,false,false,20,Shrubland,3,1,Herbivore,Granivore,Insessorial,4213194.47,,
955,Heuglin's Masked Weaver,Ploceus heuglini,,3914,avibase-D8E67602,ebird_single,Heuglin's Masked Weaver,Ploceus heuglini,29006,Ploceus heuglini,hemwea1,Weavers and Allies,Passeriformes,LC,https://datazone.birdlife.org/species/factsheet/22718865,1,false,false,false,false,22.8,Woodland,2,1,Carnivore,Invertivore,Insessorial,2515613.14,,
956,Chestnut Weaver,Ploceus rubiginosus,,796,avibase-01BFAE61,ebird_single,Chestnut Weaver,Ploceus rubiginosus,29032,Ploceus rubiginosus,chewea1,Weavers and Allies,Passeriformes,LC,https://datazone.birdlife.org/species/factsheet/22718975,1,false,false,false,false,30,Shrubland,2,1,Herbivore,Granivore,Insessorial,1228691.95,,
957,Little Weaver,Ploceus luteolus,,3918,avibase-1373D324,ebird_single,Little Weaver,Ploceus luteolus,28952,Ploceus luteolus,litwea1,Weavers and Allies,Passeriformes,LC,https://datazone.birdlife.org/species/factsheet/22718779,1,false,false,false,false,15.1,Woodland,2,1,Omnivore,Granivore,Insessorial,3085847.32,,
958,Slender-billed Weaver,Ploceus pelzelni,,1065,avibase-36C24C3D,ebird_single,Slender-billed Weaver,Ploceus pelzelni,28955,Ploceus pelzelni,slbwea1,Weavers and Allies,Passeriformes,LC,https://datazone.birdlife.org/species/factsheet/22718770,1,false,false,false,false,12.7,Wetland,2,1,Carnivore,Invertivore,Insessorial,559286.21,,
959,Clarke's Weaver,Ploceus golandi,,3912,avibase-2A2CC7B3,ebird_single,Kilifi Weaver,Ploceus golandi,29023,Ploceus golandi,clawea1,Weavers and Allies,Passeriformes,EN,https://datazone.birdlife.org/species/factsheet/22718945,1,true,false,false,false,23.5,Forest,2,1,Carnivore,Invertivore,Insessorial,706.65,,
960,Baglafecht Weaver,Ploceus baglafect,,476,avibase-BE1FE156,ebird_single,Baglafecht Weaver,Ploceus baglafecht,28940,Ploceus baglafecht,bagwea1,Weavers and Allies,Passeriformes,LC,https://datazone.birdlife.org/species/factsheet/22718761,1,false,false,false,false,31.6,Shrubland,2,1,Carnivore,Invertivore,Insessorial,1651063.49,,
961,Compact Weaver,Ploceus superciliosus,,3830,avibase-0405CA69,ebird_single,Compact Weaver,Pachyphantes superciliosus,29086,Pachyphantes superciliosus,comwea1,Weavers and Allies,Passeriformes,LC,https://datazone.birdlife.org/species/factsheet/22719054,1,false,false,false,false,21.4,Grassland,2,1,Herbivore,Granivore,Insessorial,1002709.09,,
962,Spectacled Weaver,Ploceus ocularis,,791,avibase-CA4839B2,ebird_single,Spectacled Weaver,Ploceus ocularis,28963,Ploceus ocularis,spewea1,Weavers and Allies,Passeriformes,LC,https://datazone.birdlife.org/species/factsheet/22718787,1,false,false,false,false,25.2,Woodland,2,1,Carnivore,Invertivore,Insessorial,2998767.22,,
963,Black-necked Weaver,Ploceus nigricollis,,1187,avibase-55997100,ebird_single,Black-necked Weaver,Ploceus nigricollis,28960,Ploceus nigricollis,bknwea2,Weavers and Allies,Passeriformes,LC,https://datazone.birdlife.org/species/factsheet/103811662,1,false,false,false,false,27.1,Woodland,2,1,Carnivore,Invertivore,Insessorial,2474612.53,,
964,Black-billed Weaver,Ploceus melanogaster,,1151,avibase-B38CE692,ebird_single,Black-billed Weaver,Ploceus melanogaster,28967,Ploceus melanogaster,blbwea1,Weavers and Allies,Passeriformes,LC,https://datazone.birdlife.org/species/factsheet/22718795,1,false,false,false,false,22.4,Forest,1,1,Carnivore,Invertivore,Insessorial,221733.17,,
965,Brown-capped Weaver,Ploceus insignis,,1150,avibase-C649EA57,ebird_single,Brown-capped Weaver,Ploceus insignis,29054,Ploceus insignis,brcwea1,Weavers and Allies,Passeriformes,LC,https://datazone.birdlife.org/species/factsheet/22719040,1,false,false,false,false,27.5,Forest,1,1,Omnivore,Invertivore,Insessorial,247177.26,This map might contains errors,
966,Yellow-mantled Weaver,Ploceus tricolor,,3944,avibase-BE85C81E,ebird_single,Yellow-mantled Weaver,Ploceus tricolor,29039,Ploceus tricolor,yemwea1,Weavers and Allies,Passeriformes,LC,https://datazone.birdlife.org/species/factsheet/22718983,1,false,false,false,false,36.8,Forest,1,1,Carnivore,Invertivore,Insessorial,1061576.05,,
967,Dark-backed Weaver,Ploceus bicolor,,790,avibase-70312286,ebird_single,Dark-backed Weaver,Ploceus bicolor,29046,Ploceus bicolor,forwea1,Weavers and Allies,Passeriformes,LC,https://datazone.birdlife.org/species/factsheet/22719017,1,false,false,false,false,34.5,Forest,2,1,Omnivore,Invertivore,Insessorial,1377098.31,,
968,Red-headed Malimbe,Malimbus rubricollis,,3810,avibase-960B56F2,ebird_single,Red-headed Malimbe,Malimbus rubricollis,29183,Malimbus rubricollis,rehmal1,Weavers and Allies,Passeriformes,LC,https://datazone.birdlife.org/species/factsheet/22719108,1,false,false,false,false,42.2,Forest,1,1,Omnivore,Invertivore,Insessorial,2607128.64,,
969,Red-headed Weaver,Anaplectes rubriceps,,793,avibase-4D19099B,ebird_single,Red-headed Weaver,Anaplectes rubriceps,29166,Anaplectes rubriceps,rehwea1,Weavers and Allies,Passeriformes,NE,,1,false,false,false,false,22.6,Woodland,2,1,Carnivore,Invertivore,Insessorial,3258277.53,,
970,Grosbeak Weaver,Amblyospiza albifrons,,804,avibase-C7708C70,ebird_single,Thick-billed Weaver,Amblyospiza albifrons,28891,Amblyospiza albifrons,growea1,Weavers and Allies,Passeriformes,LC,https://datazone.birdlife.org/species/factsheet/22719260,1,false,false,false,false,41.6,Woodland,2,1,Omnivore,Omnivore,Insessorial,3499946.84,,
971,Southern Red Bishop,Euplectes orix,,808,avibase-95F08BC3,ebird_single,Southern Red Bishop,Euplectes orix,29114,Euplectes orix,redbis,Weavers and Allies,Passeriformes,LC,https://datazone.birdlife.org/species/factsheet/22719186,1,false,false,false,false,23,Grassland,3,1,Omnivore,Granivore,Terrestrial,2968587.01,,
972,Northern Red Bishop,Euplectes franciscanus,,3748,avibase-3D122849,ebird_single,Northern Red Bishop,Euplectes franciscanus,29111,Euplectes franciscanus,orabis1,Weavers and Allies,Passeriformes,LC,https://datazone.birdlife.org/species/factsheet/22719181,1,false,false,false,false,16,Grassland,3,1,Herbivore,Granivore,Terrestrial,3246050.92,,
973,Zanzibar Red Bishop,Euplectes nigroventris,,3754,avibase-A31AC101,ebird_single,Zanzibar Red Bishop,Euplectes nigroventris,29115,Euplectes nigroventris,zanbis1,Weavers and Allies,Passeriformes,LC,https://datazone.birdlife.org/species/factsheet/22719191,1,false,false,false,false,12.5,Grassland,3,1,Herbivore,Granivore,Terrestrial,170115.24,,
974,Black-winged Red Bishop,Euplectes hordeaceus,,809,avibase-7B414273,ebird_single,Black-winged Red Bishop,Euplectes hordeaceus,29116,Euplectes hordeaceus,blwbis1,Weavers and Allies,Passeriformes,LC,https://datazone.birdlife.org/species/factsheet/22719176,1,false,false,false,false,19.4,Grassland,3,1,Herbivore,Granivore,Terrestrial,5103979.03,,
975,Black Bishop,Euplectes gierowii,,3750,avibase-CC7862AF,ebird_single,Black Bishop,Euplectes gierowii,29119,Euplectes gierowii,blabis1,Weavers and Allies,Passeriformes,LC,https://datazone.birdlife.org/species/factsheet/22719172,1,false,false,false,false,28.3,Grassland,3,1,Omnivore,Granivore,Terrestrial,246606.93,,
976,Yellow-crowned Bishop,Euplectes afer,,812,avibase-4A58452B,ebird_single,Yellow-crowned Bishop,Euplectes afer,29123,Euplectes afer,yecbis,Weavers and Allies,Passeriformes,LC,https://datazone.birdlife.org/species/factsheet/22719164,1,false,false,false,false,14.3,Wetland,3,1,Herbivore,Granivore,Terrestrial,3098334.42,,
977,Fire-fronted Bishop,Euplectes diadematus,,3746,avibase-95A724BE,ebird_single,Fire-fronted Bishop,Euplectes diadematus,29128,Euplectes diadematus,fifbis1,Weavers and Allies,Passeriformes,LC,https://datazone.birdlife.org/species/factsheet/22719168,1,false,false,false,false,13.9,Grassland,3,1,Herbivore,Granivore,Terrestrial,224374.38,,
978,Yellow Bishop,Euplectes capensis,,810,avibase-97A73D9F,ebird_single,Yellow Bishop,Euplectes capensis,29130,Euplectes capensis,yelbis1,Weavers and Allies,Passeriformes,LC,https://datazone.birdlife.org/species/factsheet/22719200,1,false,false,false,false,30.5,Grassland,3,1,Omnivore,Granivore,Terrestrial,2639722.61,,
979,White-winged Widowbird,Euplectes albonotatus,,814,avibase-749E7B3C,ebird_single,White-winged Widowbird,Euplectes albonotatus,29137,Euplectes albonotatus,whwwid1,Weavers and Allies,Passeriformes,LC,https://datazone.birdlife.org/species/factsheet/22719223,1,false,false,false,false,21.1,Grassland,3,1,Herbivore,Granivore,Terrestrial,2575220.96,,
980,Yellow-mantled Widowbird,Euplectes macrourus,,815,avibase-F5E0EA0D,ebird_single,Yellow-mantled Widowbird,Euplectes macroura,29141,Euplectes macroura,yeswid2,Weavers and Allies,Passeriformes,LC,https://datazone.birdlife.org/species/factsheet/22719209,1,false,false,false,false,21.7,Grassland,3,1,Herbivore,Granivore,Terrestrial,3993290.03,,
981,Red-naped Widowbird,Euplectes ardens,,0,avibase-F5740956,ebird_group_exact,Red-cowled/Red-collared Widowbird,Euplectes sp.,29145,Euplectes laticauda|Euplectes ardens,recwid2|recwid3,Weavers and Allies,Passeriformes,LC,,2,false,false,false,false,19,Grassland,3,1,Herbivore,Omnivore,Generalist,3182674.54,,
982,Long-tailed Widowbird,Euplectes progne,,818,avibase-3153FE22,ebird_single,Long-tailed Widowbird,Euplectes progne,29159,Euplectes progne,lotwid1,Weavers and Allies,Passeriformes,LC,https://datazone.birdlife.org/species/factsheet/22719244,1,false,false,false,false,35.1,Grassland,3,1,Herbivore,Granivore,Terrestrial,697864.82,,
983,Marsh Widowbird,Euplectes hartlaubi,,971,avibase-59E7ABE5,ebird_single,Marsh Widowbird,Euplectes hartlaubi,29155,Euplectes hartlaubi,marwid1,Weavers and Allies,Passeriformes,LC,https://datazone.birdlife.org/species/factsheet/22719233,1,false,false,false,false,35.5,Wetland,3,1,Herbivore,Omnivore,Terrestrial,741261.11,,
984,Fan-tailed Widowbird,Euplectes axillaris,,816,avibase-B08FF959,ebird_single,Fan-tailed Widowbird,Euplectes axillaris,29149,Euplectes axillaris,fatwid1,Weavers and Allies,Passeriformes,LC,https://datazone.birdlife.org/species/factsheet/22719204,1,false,false,false,false,25.1,Grassland,3,1,Herbivore,Granivore,Terrestrial,2371547.67,,
985,Jackson's Widowbird,Euplectes jacksoni,,3752,avibase-87071086,ebird_single,Jackson's Widowbird,Euplectes jacksoni,29163,Euplectes jacksoni,jacwid1,Weavers and Allies,Passeriformes,LC,https://datazone.birdlife.org/species/factsheet/22719249,1,false,false,false,false,37,Grassland,3,1,Herbivore,Granivore,Terrestrial,107944.78,,
986,Red-billed Quelea,Quelea quelea,,805,avibase-2B6DE136,ebird_single,Red-billed Quelea,Quelea quelea,29092,Quelea quelea,rebque1,Weavers and Allies,Passeriformes,LC,https://datazone.birdlife.org/species/factsheet/22719128,1,false,false,false,false,18.6,Grassland,3,2,Herbivore,Granivore,Generalist,10621873.64,,
987,Red-headed Quelea,Quelea erythrops,,806,avibase-F8041931,ebird_single,Red-headed Quelea,Quelea erythrops,29091,Quelea erythrops,rehque1,Weavers and Allies,Passeriformes,LC,https://datazone.birdlife.org/species/factsheet/22719124,1,false,false,false,false,19.3,Grassland,3,2,Herbivore,Granivore,Terrestrial,2572021.83,There is likely an error of identification or taxnomy with the old atlas data,
988,Cardinal Quelea,Quelea cardinalis,,807,avibase-9387DC41,ebird_single,Cardinal Quelea,Quelea cardinalis,29088,Quelea cardinalis,carque1,Weavers and Allies,Passeriformes,LC,https://datazone.birdlife.org/species/factsheet/22719120,1,false,false,false,false,12.7,Grassland,3,2,Herbivore,Granivore,Terrestrial,671909.82,,
989,Parasitic Weaver,Anomalospiza imberbis,,854,avibase-C97A5C39,ebird_single,Cuckoo-finch,Anomalospiza imberbis,29191,Anomalospiza imberbis,parwea1,Whydahs and Indigobirds,Passeriformes,LC,https://datazone.birdlife.org/species/factsheet/22719254,1,false,false,false,false,20.5,Grassland,3,2,Herbivore,Granivore,Terrestrial,1822866.7,,
990,Grey-headed Sparrow,Passer griseus,,3852,avibase-8AF9A02A,manual,Northern Grey-headed/Parrot-billed/Swahili/Swainson's Sparrow,Passer sp.,29744,Passer griseus|Passer gongonensis|Passer suahelicus|Passer swainsonii,gyhspa1|pabspa1|swaspa1|swaspa2,Snowfinches and Old World Sparrows,Passeriformes,LC,,4,false,false,false,false,39.9,Shrubland,2,1,Herbivore,Granivore,Terrestrial,1125295.41,,"Historical lump of 4 species, treated as one taxon (Passer griseus) in the 1970-1984 atlas: Northern Gray-headed Sparrow (Passer griseus, 3192 Kenyan eBird records 2009-2023); Parrot-billed Sparrow (Passer gongonensis, 6156 Kenyan eBird records 2009-2023); Swahili Sparrow (Passer suahelicus, 799 Kenyan eBird records 2009-2023); Swainson's Sparrow (Passer swainsonii, 39 Kenyan eBird records 2009-2023). At least one member was already a distinct, field-separable species during the atlas era; old-atlas records for this concept may include unseparated or misidentified individuals of either."
991,Rufous Sparrow,Passer motitensis,,3844,avibase-991C0C54,legacy_confirmed,Kenya/Shelley's Sparrow,Passer sp.,29765,Passer rufocinctus|Passer shelleyi,kerspa2|shrspa1,Snowfinches and Old World Sparrows,Passeriformes,LC,,2,false,false,false,false,27.8,Woodland,3,1,Herbivore,Granivore,Terrestrial,90120.46,,
992,House Sparrow,Passer domesticus,,784,avibase-240E3390,ebird_single,House Sparrow,Passer domesticus,29807,Passer domesticus,houspa,Snowfinches and Old World Sparrows,Passeriformes,LC,https://datazone.birdlife.org/species/factsheet/103818789,1,false,false,false,false,26.5,Human Modified,3,1,Herbivore,Granivore,Terrestrial,34407867.59,,
993,Somali Sparrow,Passer castanopterus,,3842,avibase-1D25E0DB,ebird_single,Somali Sparrow,Passer castanopterus,29803,Passer castanopterus,somspa1,Snowfinches and Old World Sparrows,Passeriformes,LC,https://datazone.birdlife.org/species/factsheet/22718187,1,false,false,false,false,18,Desert,3,1,Herbivore,Granivore,Terrestrial,712666.84,,
994,Chestnut Sparrow,Passer eminibey,,3846,avibase-D8F2F78B,ebird_single,Chestnut Sparrow,Passer eminibey,29760,Passer eminibey,chespa1,Snowfinches and Old World Sparrows,Passeriformes,LC,https://datazone.birdlife.org/species/factsheet/22718286,1,false,false,false,false,13.4,Shrubland,3,1,Herbivore,Granivore,Terrestrial,549271.11,,
995,Yellow-spotted Petronia,Petronia pyrgita,,3874,avibase-FCD72CEE,ebird_single,Yellow-spotted Bush Sparrow,Gymnoris pyrgita,29731,Gymnoris pyrgita,yespet1,Snowfinches and Old World Sparrows,Passeriformes,LC,https://datazone.birdlife.org/species/factsheet/22718290,1,false,false,false,false,24.1,Grassland,3,1,Herbivore,Omnivore,Generalist,1608726.47,,
996,Speckle-fronted Weaver,Sporopipes frontalis,,3972,avibase-C90890A3,ebird_single,Speckle-fronted Weaver,Sporopipes frontalis,28905,Sporopipes frontalis,spfwea1,Weavers and Allies,Passeriformes,LC,https://datazone.birdlife.org/species/factsheet/22718680,1,false,false,false,false,17.3,Shrubland,2,1,Herbivore,Granivore,Terrestrial,3005541.44,,
997,White-browed Sparrow-Weaver,Plocepasser mahali,,780,avibase-94C71DF6,ebird_single,White-browed Sparrow-Weaver,Plocepasser mahali,28920,Plocepasser mahali,wbswea1,Weavers and Allies,Passeriformes,LC,https://datazone.birdlife.org/species/factsheet/22718690,1,false,false,false,false,41.5,Woodland,3,1,Omnivore,Omnivore,Terrestrial,3098861.26,,
998,Donaldson-Smith's Sparrow-Weaver,Plocepasser donaldsoni,,3876,avibase-5011E123,ebird_single,Donaldson Smith's Sparrow-Weaver,Plocepasser donaldsoni,28927,Plocepasser donaldsoni,dsswea1,Weavers and Allies,Passeriformes,LC,https://datazone.birdlife.org/species/factsheet/22718706,1,false,false,false,false,39.9,Shrubland,2,1,Omnivore,Omnivore,Terrestrial,190025.35,,
999,Chestnut-crowned Sparrow-Weaver,Plocepasser superciliosus,,3878,avibase-2C504059,ebird_single,Chestnut-crowned Sparrow-Weaver,Plocepasser superciliosus,28925,Plocepasser superciliosus,ccswea1,Weavers and Allies,Passeriformes,LC,https://datazone.birdlife.org/species/factsheet/22718695,1,false,false,false,false,37.1,Woodland,2,1,Omnivore,Granivore,Terrestrial,2062715.25,,
1000,Grey-headed Social Weaver,Pseudonigrita arnaudi,,3952,avibase-573C3683,ebird_single,Grey-capped Social Weaver,Pseudonigrita arnaudi,28915,Pseudonigrita arnaudi,gyhsow1,Weavers and Allies,Passeriformes,LC,https://datazone.birdlife.org/species/factsheet/22718718,1,false,false,false,false,20,Woodland,2,1,Omnivore,Omnivore,Terrestrial,462385.54,,
1001,Black-capped Social Weaver,Pseudonigrita cabanisi,,3954,avibase-65856D49,ebird_single,Black-capped Social Weaver,Pseudonigrita cabanisi,28914,Pseudonigrita cabanisi,bcswea1,Weavers and Allies,Passeriformes,LC,https://datazone.birdlife.org/species/factsheet/22718725,1,false,false,false,false,20.6,Grassland,3,1,Herbivore,Granivore,Terrestrial,266415.08,,
1002,White-billed Buffalo Weaver,Bubalornis albirostris,,3718,avibase-864D4A4F,ebird_single,White-billed Buffalo Weaver,Bubalornis albirostris,28933,Bubalornis albirostris,wbbwea1,Weavers and Allies,Passeriformes,LC,https://datazone.birdlife.org/species/factsheet/22718662,1,false,false,false,false,61.9,Woodland,3,1,Omnivore,Omnivore,Terrestrial,2320967.62,,
1003,Red-billed Buffalo Weaver,Bubalornis niger,,779,avibase-9EB53638,ebird_single,Red-billed Buffalo Weaver,Bubalornis niger,28934,Bubalornis niger,rbbwea1,Weavers and Allies,Passeriformes,LC,https://datazone.birdlife.org/species/factsheet/22718668,1,false,false,false,false,76.2,Woodland,2,1,Omnivore,Invertivore,Terrestrial,2708371.23,,
1004,White-headed Buffalo Weaver,Dinemellia dinemelli,,3730,avibase-00B07B12,ebird_single,White-headed Buffalo Weaver,Dinemellia dinemelli,28929,Dinemellia dinemelli,whbwea1,Weavers and Allies,Passeriformes,LC,https://datazone.birdlife.org/species/factsheet/22718674,1,false,false,false,false,63.9,Grassland,2,1,Omnivore,Invertivore,Terrestrial,2361338.48,,
1005,Grey-headed Negrofinch,Nigrita canicapilla,,1141,avibase-B15F4C49,ebird_single,Grey-headed Nigrita,Nigrita canicapillus,29456,Nigrita canicapillus,gyhneg1,"Munias, Parrotfinches, Waxbills, and Allies",Passeriformes,LC,https://datazone.birdlife.org/species/factsheet/22719298,1,false,false,false,false,18.7,Forest,1,1,Omnivore,Invertivore,Insessorial,3831512,,
1006,Chestnut-breasted Negrofinch,Nigrita bicolor,0,#N/A,avibase-AD1CBF5A,ebird_single,Chestnut-breasted Nigrita,Nigrita bicolor,29452,Nigrita bicolor,chbneg1,"Munias, Parrotfinches, Waxbills, and Allies",Passeriformes,LC,https://datazone.birdlife.org/species/factsheet/22719288,1,false,false,false,false,10.5,Forest,1,1,Omnivore,Omnivore,Insessorial,3277545.3,,"Rejected by Zimmerman et al. 1996. See East African Rarities Committee (EARC) Special Report
Species included for East African countries in Britton (1980)
which have since been considered unacceptable. https://eararities.org/downloads/Fisher,%20Pearson%20&%20Hunter%202016.pdf"
1007,White-breasted Negrofinch,Nigrita fusconota,,3824,avibase-F3B46894,ebird_single,White-breasted Nigrita,Nigrita fusconotus,29449,Nigrita fusconotus,whbneg2,"Munias, Parrotfinches, Waxbills, and Allies",Passeriformes,LC,https://datazone.birdlife.org/species/factsheet/22719278,1,false,false,false,false,9.1,Forest,1,1,Omnivore,Invertivore,Insessorial,2969480.86,,
1008,Green-winged Pytilia,Pytilia melba,,830,avibase-01A3BE3C,ebird_single,Green-winged Pytilia,Pytilia melba,29585,Pytilia melba,grwpyt1,"Munias, Parrotfinches, Waxbills, and Allies",Passeriformes,LC,https://datazone.birdlife.org/species/factsheet/22719344,1,false,false,false,false,15.4,Shrubland,2,1,Herbivore,Granivore,Terrestrial,6033419.1,,
1009,Orange-winged Pytilia,Pytilia afra,,829,avibase-6A1ED1C2,ebird_single,Orange-winged Pytilia,Pytilia afra,29594,Pytilia afra,orwpyt1,"Munias, Parrotfinches, Waxbills, and Allies",Passeriformes,LC,https://datazone.birdlife.org/species/factsheet/22719340,1,false,false,false,false,16.6,Shrubland,2,1,Herbivore,Granivore,Terrestrial,3386528.17,,
1010,Paradise Whydah,Vidua paradisaea,,852,avibase-ACF0F1A2,ebird_single,Long-tailed Paradise Whydah,Vidua paradisaea,29193,Vidua paradisaea,eapwhy1,Whydahs and Indigobirds,Passeriformes,LC,https://datazone.birdlife.org/species/factsheet/22720012,1,false,false,false,false,20.4,Woodland,3,1,Herbivore,Granivore,Terrestrial,4674400.64,,
1011,Broad-tailed Paradise Whydah,Vidua obtusa,,853,avibase-C1A42CCA,ebird_single,Broad-tailed Paradise Whydah,Vidua obtusa,29194,Vidua obtusa,btpwhy1,Whydahs and Indigobirds,Passeriformes,LC,https://datazone.birdlife.org/species/factsheet/22720020,1,false,false,false,false,20.7,Woodland,3,1,Herbivore,Granivore,Terrestrial,3242417.31,,
1012,Brown Twinspot,Clytospiza monteiri,,3722,avibase-BD7558AD,ebird_single,Brown Twinspot,Clytospiza monteiri,29611,Clytospiza monteiri,brotwi1,"Munias, Parrotfinches, Waxbills, and Allies",Passeriformes,LC,https://datazone.birdlife.org/species/factsheet/22719407,1,false,false,false,false,14.9,Shrubland,2,1,Omnivore,Omnivore,Terrestrial,1193530.92,,
1013,Peter's Twinspot,Hypargos niveoguttatus,,832,avibase-50490520,ebird_single,Red-throated Twinspot,Hypargos niveoguttatus,29602,Hypargos niveoguttatus,pettwi1,"Munias, Parrotfinches, Waxbills, and Allies",Passeriformes,LC,https://datazone.birdlife.org/species/factsheet/22719411,1,false,false,false,false,14.6,Shrubland,2,1,Herbivore,Granivore,Terrestrial,1748989.03,,
1014,Green-backed Twinspot,Mandingoa nitidula,,827,avibase-1A6B766A,ebird_single,Green Twinspot,Mandingoa nitidula,29426,Mandingoa nitidula,grbtwi1,"Munias, Parrotfinches, Waxbills, and Allies",Passeriformes,LC,https://datazone.birdlife.org/species/factsheet/22719354,1,false,false,false,false,9.6,Forest,1,1,Herbivore,Granivore,Terrestrial,1540214.12,,
1015,Red-headed Bluebill,Spermophaga ruficapilla,,1190,avibase-46A1FC77,ebird_single,Red-headed Bluebill,Spermophaga ruficapilla,29581,Spermophaga ruficapilla,rehblu1,"Munias, Parrotfinches, Waxbills, and Allies",Passeriformes,LC,https://datazone.birdlife.org/species/factsheet/22719403,1,false,false,false,false,23.6,Forest,1,1,Herbivore,Granivore,Insessorial,562817.84,,
1016,Abyssinian Crimson-wing,Cryptospiza salvadorii,,3726,avibase-98B15EE7,ebird_single,Abyssinian Crimsonwing,Cryptospiza salvadorii,29434,Cryptospiza salvadorii,abcwin1,"Munias, Parrotfinches, Waxbills, and Allies",Passeriformes,LC,https://datazone.birdlife.org/species/factsheet/22719364,1,false,false,false,false,12.2,Forest,1,1,Herbivore,Granivore,Terrestrial,258138.36,,
1017,Bar-breasted Firefinch,Lagonosticta rufopicta,,3768,avibase-43FE4788,ebird_single,Bar-breasted Firefinch,Lagonosticta rufopicta,29621,Lagonosticta rufopicta,babfir1,"Munias, Parrotfinches, Waxbills, and Allies",Passeriformes,LC,https://datazone.birdlife.org/species/factsheet/22719428,1,false,false,false,false,9.3,Grassland,3,1,Herbivore,Granivore,Terrestrial,3308898.34,,
1018,Red-billed Firefinch,Lagonosticta senegala,,837,avibase-B4A4E4BF,ebird_single,Red-billed Firefinch,Lagonosticta senegala,29613,Lagonosticta senegala,rebfir2,"Munias, Parrotfinches, Waxbills, and Allies",Passeriformes,LC,https://datazone.birdlife.org/species/factsheet/22719440,1,false,false,false,false,9.2,Woodland,2,1,Herbivore,Granivore,Terrestrial,10024696.13,,
1019,Red-billed Firefinch Indigobird,Hypochera chalybeata,,851,avibase-BA01A793,ebird_single,Village Indigobird,Vidua chalybeata,29204,Vidua chalybeata,vilind,Whydahs and Indigobirds,Passeriformes,LC,https://datazone.birdlife.org/species/factsheet/22719936,1,false,false,false,false,12.5,Shrubland,3,1,Herbivore,Granivore,Terrestrial,6962831.57,,
1020,Jameson's Firefinch Indigobird,Hypochera purpurascens,,850,avibase-2AA13F1D,ebird_single,Purple Indigobird,Vidua purpurascens,29212,Vidua purpurascens,purind1,Whydahs and Indigobirds,Passeriformes,LC,https://datazone.birdlife.org/species/factsheet/22719962,1,false,false,false,false,13.1,Woodland,3,1,Herbivore,Granivore,Terrestrial,995520.21,,
1021,Jameson's Firefinch,Lagonosticta rhodopareia,,835,avibase-871F32D9,ebird_single,Jameson's Firefinch,Lagonosticta rhodopareia,29638,Lagonosticta rhodopareia,jamfir1,"Munias, Parrotfinches, Waxbills, and Allies",Passeriformes,LC,https://datazone.birdlife.org/species/factsheet/103812687,1,false,false,false,false,9.3,Shrubland,3,1,Herbivore,Granivore,Terrestrial,2706237.28,,
1022,African Firefinch,Lagonosticta rubricata,,833,avibase-A6034D7F,ebird_single,African Firefinch,Lagonosticta rubricata,29631,Lagonosticta rubricata,afffin,"Munias, Parrotfinches, Waxbills, and Allies",Passeriformes,LC,https://datazone.birdlife.org/species/factsheet/22731403,1,false,false,false,false,10.2,Woodland,2,1,Herbivore,Granivore,Terrestrial,6048001.08,This species is prone to misidentification and its maps might be affected by error.,
1023,Black-bellied Firefinch,Lagonosticta rara,,3778,avibase-27012CC9,ebird_single,Black-bellied Firefinch,Lagonosticta rara,29624,Lagonosticta rara,blbfir1,"Munias, Parrotfinches, Waxbills, and Allies",Passeriformes,LC,https://datazone.birdlife.org/species/factsheet/22719444,1,false,false,false,false,10.4,Grassland,3,1,Omnivore,Granivore,Terrestrial,2433099.84,,
1024,Red-cheeked Cordon-bleu,Uraeginthus bengalus,,3974,avibase-EAE77D96,ebird_single,Red-cheeked Cordon-bleu,Uraeginthus bengalus,29565,Uraeginthus bengalus,reccor,"Munias, Parrotfinches, Waxbills, and Allies",Passeriformes,LC,https://datazone.birdlife.org/species/factsheet/22719493,1,false,false,false,false,9.9,Shrubland,3,1,Herbivore,Granivore,Terrestrial,7647838.82,,
1025,Blue-capped Cordon-bleu,Uraeginthus cyanocephalus,,3976,avibase-5CAE6778,ebird_single,Blue-capped Cordon-bleu,Uraeginthus cyanocephalus,29570,Uraeginthus cyanocephalus,blccor1,"Munias, Parrotfinches, Waxbills, and Allies",Passeriformes,LC,https://datazone.birdlife.org/species/factsheet/22719499,1,false,false,false,false,9.8,Desert,3,1,Herbivore,Granivore,Terrestrial,756367.53,,
1026,Cordon-bleu,Uraeginthus angolensis,0,#N/A,avibase-B40A6BCD,ebird_single,Blue Waxbill,Uraeginthus angolensis,29561,Uraeginthus angolensis,bubcor1,"Munias, Parrotfinches, Waxbills, and Allies",Passeriformes,LC,https://datazone.birdlife.org/species/factsheet/22719488,1,false,false,false,false,9.9,Woodland,3,1,Herbivore,Granivore,Terrestrial,3460144,,"Rejected by Zimmerman et al. 1996. See East African Rarities Committee (EARC) Special Report
Species included for East African countries in Britton (1980)
which have since been considered unacceptable. https://eararities.org/downloads/Fisher,%20Pearson%20&%20Hunter%202016.pdf"
1027,Purple Grenadier,Uraeginthus ianthinogaster,,3978,avibase-DE689967,ebird_single,Purple Grenadier,Granatina ianthinogaster,29559,Granatina ianthinogaster,purgre2,"Munias, Parrotfinches, Waxbills, and Allies",Passeriformes,LC,https://datazone.birdlife.org/species/factsheet/22719504,1,false,false,false,false,14.1,Shrubland,2,1,Herbivore,Granivore,Generalist,1450518.63,,
1028,Straw-tailed Whydah,Vidua fischeri,,3990,avibase-424B857C,ebird_single,Straw-tailed Whydah,Vidua fischeri,29203,Vidua fischeri,sttwhy1,Whydahs and Indigobirds,Passeriformes,LC,https://datazone.birdlife.org/species/factsheet/22719977,1,false,false,false,false,12.2,Shrubland,3,1,Herbivore,Granivore,Terrestrial,1423681.72,,
1029,Waxbill,Estrilda astrild,,843,avibase-61CB98C0,ebird_single,Common Waxbill,Estrilda astrild,29503,Estrilda astrild,comwax,"Munias, Parrotfinches, Waxbills, and Allies",Passeriformes,LC,https://datazone.birdlife.org/species/factsheet/22719574,1,false,false,false,false,8.3,Grassland,3,1,Herbivore,Granivore,Generalist,5902588.4,,
1030,Black-rumped Waxbill,Estrilda troglodytes,,3744,avibase-D30DC715,ebird_single,Black-rumped Waxbill,Estrilda troglodytes,29519,Estrilda troglodytes,bkrwax,"Munias, Parrotfinches, Waxbills, and Allies",Passeriformes,LC,https://datazone.birdlife.org/species/factsheet/22719570,1,false,false,false,false,7.6,Shrubland,2,1,Herbivore,Granivore,Generalist,1962649.25,,
1031,Crimson-rumped Waxbill,Estrilda rhodopyga,,817,avibase-6DD8F10F,ebird_single,Crimson-rumped Waxbill,Estrilda rhodopyga,29521,Estrilda rhodopyga,crrwax1,"Munias, Parrotfinches, Waxbills, and Allies",Passeriformes,LC,https://datazone.birdlife.org/species/factsheet/22719562,1,false,false,false,false,7.7,Grassland,3,1,Herbivore,Granivore,Generalist,1232056.42,,
1032,Pin-tailed Whydah,Vidua macroura,,846,avibase-673E66F0,ebird_single,Pin-tailed Whydah,Vidua macroura,29200,Vidua macroura,pitwhy,Whydahs and Indigobirds,Passeriformes,LC,https://datazone.birdlife.org/species/factsheet/22719988,1,false,false,false,false,15.7,Shrubland,3,1,Herbivore,Granivore,Terrestrial,13164158.38,,
1033,Steel-blue Whydah,Vidua hypocherina,,3992,avibase-8D05A048,ebird_single,Steel-blue Whydah,Vidua hypocherina,29201,Vidua hypocherina,stbwhy1,Whydahs and Indigobirds,Passeriformes,LC,https://datazone.birdlife.org/species/factsheet/22719972,1,false,false,false,false,11.9,Shrubland,3,1,Herbivore,Granivore,Terrestrial,782303.11,,
1034,Fawn-breasted Waxbill,Estrilda paludicola,,1090,avibase-1066028B,ebird_single,Fawn-breasted Waxbill,Estrilda paludicola,29495,Estrilda paludicola,fabwax1,"Munias, Parrotfinches, Waxbills, and Allies",Passeriformes,LC,https://datazone.birdlife.org/species/factsheet/22719548,1,false,false,false,false,7.6,Grassland,3,1,Herbivore,Granivore,Generalist,1983230.35,,
1035,Black-cheeked Waxbill,Estrilda erythronotus,,0,avibase-9A218AAF,manual,Black-faced/Black-cheeked Waxbill,Brunhilda sp.,29469,Brunhilda erythronotos|Brunhilda charmosyna,blcwax1|rerwax1,"Munias, Parrotfinches, Waxbills, and Allies",Passeriformes,LC,,2,false,false,false,false,7.4,Shrubland,3,1,Herbivore,Granivore,Generalist,748636.98,,
1036,Black-crowned Waxbill,Estrilda nonnula,,1129,avibase-2680F124,ebird_single,Black-crowned Waxbill,Estrilda nonnula,29482,Estrilda nonnula,blcwax2,"Munias, Parrotfinches, Waxbills, and Allies",Passeriformes,LC,https://datazone.birdlife.org/species/factsheet/22719589,1,false,false,false,false,7.7,Grassland,3,1,Herbivore,Granivore,Generalist,1215103.1,,
1037,Black-headed Waxbill,Estrilda atricapilla,,3740,avibase-C38DEB1A,ebird_single,Kandt's Waxbill,Estrilda kandti,29486,Estrilda kandti,kanwax1,"Munias, Parrotfinches, Waxbills, and Allies",Passeriformes,LC,https://datazone.birdlife.org/species/factsheet/103813616,1,false,false,false,false,8,Grassland,2,1,Herbivore,Granivore,Generalist,113134.74,,
1038,Yellow-bellied Waxbill,Estrilda melanotis,,826,avibase-B9BE800C,ebird_single,Yellow-bellied Waxbill,Coccopygia quartinia,29419,Coccopygia quartinia,yebwax2,"Munias, Parrotfinches, Waxbills, and Allies",Passeriformes,LC,https://datazone.birdlife.org/species/factsheet/103815089,1,false,false,false,false,6.7,Shrubland,2,1,Omnivore,Granivore,Generalist,676732.96,,
1039,Zebra Waxbill,Amandava subflava,,838,avibase-ECC40D44,ebird_single,Orange-breasted Waxbill,Amandava subflava,29550,Amandava subflava,zebwax2,"Munias, Parrotfinches, Waxbills, and Allies",Passeriformes,LC,https://datazone.birdlife.org/species/factsheet/22719624,1,false,false,false,false,7.4,Grassland,3,1,Herbivore,Granivore,Generalist,3352898.94,,
1040,Quail-Finch,Ortygospiza atricollis,,844,avibase-8E5252EB,ebird_single,Quailfinch,Ortygospiza atricollis,29529,Ortygospiza atricollis,quailf1,"Munias, Parrotfinches, Waxbills, and Allies",Passeriformes,LC,https://datazone.birdlife.org/species/factsheet/22735955,1,false,false,false,false,10.6,Grassland,3,1,Herbivore,Granivore,Terrestrial,3231575.56,,
1041,Bronze Mannikin,Lonchura cucullata,,823,avibase-142E4CB7,ebird_single,Bronze Mannikin,Spermestes cucullata,29268,Spermestes cucullata,broman1,"Munias, Parrotfinches, Waxbills, and Allies",Passeriformes,LC,https://datazone.birdlife.org/species/factsheet/22719782,1,false,false,false,false,9,Woodland,2,1,Herbivore,Granivore,Terrestrial,8668523.94,,
1042,Black and White Mannikin,Lonchura bicolor,,824,avibase-E358EC8A,ebird_single,Black-and-white Mannikin,Spermestes bicolor,29272,Spermestes bicolor,bawman1,"Munias, Parrotfinches, Waxbills, and Allies",Passeriformes,LC,https://datazone.birdlife.org/species/factsheet/105968860,1,false,false,false,false,9.9,Woodland,2,1,Herbivore,Granivore,Insessorial,5169258.15,,
1043,Magpie Mannikin,Lonchura fringilloides,,822,avibase-64E386FE,ebird_single,Magpie Mannikin,Spermestes fringilloides,29271,Spermestes fringilloides,magman1,"Munias, Parrotfinches, Waxbills, and Allies",Passeriformes,LC,https://datazone.birdlife.org/species/factsheet/22719801,1,false,false,false,false,16.8,Forest,2,1,Herbivore,Granivore,Insessorial,1503708.26,There is likely an error of identification or taxnomy with the old atlas data,
1044,Silver-bill,Lonchura malabarica,,3784,avibase-FC6A9CD0,ebird_single,African Silverbill,Euodice cantans,29281,Euodice cantans,afrsil1,"Munias, Parrotfinches, Waxbills, and Allies",Passeriformes,LC,https://datazone.birdlife.org/species/factsheet/22719761,1,false,false,false,false,12,Grassland,3,1,Herbivore,Granivore,Terrestrial,3802160.03,,
1045,Grey-headed Silver-bill,Lonchura griseicapilla,,3966,avibase-7D6F12FE,ebird_single,Grey-headed Silverbill,Spermestes griseicapilla,29267,Spermestes griseicapilla,gyhsil1,"Munias, Parrotfinches, Waxbills, and Allies",Passeriformes,LC,https://datazone.birdlife.org/species/factsheet/22719778,1,false,false,false,false,15,Shrubland,3,1,Herbivore,Granivore,Terrestrial,430770.23,,
1046,Cut-throat Finch,Amadina fasciata,,821,avibase-CDDA63E0,ebird_single,Cut-throat Finch,Amadina fasciata,29543,Amadina fasciata,cutthr1,"Munias, Parrotfinches, Waxbills, and Allies",Passeriformes,LC,https://datazone.birdlife.org/species/factsheet/22719927,1,false,false,false,false,18,Grassland,3,1,Herbivore,Granivore,Terrestrial,3347451.84,,
1047,Cinnamon-breasted Rock Bunting,Emberiza tahapisi,,0,avibase-49691092,manual,Gosling's/Cinnamon-breasted Bunting,Emberiza sp.,30789,Emberiza goslingi|Emberiza tahapisi,gosbun1|cibbun1,Old World Buntings,Passeriformes,NE,,2,false,false,false,false,13,Rock,3,2,Herbivore,Granivore,Terrestrial,4092995.92,,
1048,House Bunting,Emberiza striolata,,4048,avibase-CDF4A106,ebird_single,Striolated Bunting,Emberiza striolata,30785,Emberiza striolata,houbun2,Old World Buntings,Passeriformes,LC,https://datazone.birdlife.org/species/factsheet/22735007,1,false,false,false,false,14.8,Rock,3,1,Herbivore,Granivore,Terrestrial,2669183.7,,
1049,Ortolan Bunting,Emberiza hortulana,,4032,avibase-47210561,ebird_single,Ortolan Bunting,Emberiza hortulana,30881,Emberiza hortulana,ortbun1,Old World Buntings,Passeriformes,LC,https://datazone.birdlife.org/species/factsheet/22720916,1,false,false,true,false,19.9,Shrubland,2,3,Omnivore,Omnivore,Generalist,9881195.68,,
1050,Golden-breasted Bunting,Emberiza flaviventris,,874,avibase-D1C1A026,ebird_single,Golden-breasted Bunting,Emberiza flaviventris,30755,Emberiza flaviventris,gobbun1,Old World Buntings,Passeriformes,LC,https://datazone.birdlife.org/species/factsheet/22720972,1,false,false,false,false,18.2,Shrubland,2,1,Herbivore,Omnivore,Terrestrial,6969113.54,,
1051,Somali Golden-breasted Bunting,Emberiza poliopleura,,4038,avibase-72386016,ebird_single,Somali Bunting,Emberiza poliopleura,30760,Emberiza poliopleura,sombun1,Old World Buntings,Passeriformes,LC,https://datazone.birdlife.org/species/factsheet/22720977,1,false,false,false,false,15.8,Shrubland,2,1,Herbivore,Granivore,Terrestrial,1250196.23,,
1052,Brown-rumped Bunting,Emberiza forbesi,,4020,avibase-BB11EE7F,ebird_single,Brown-rumped Bunting,Emberiza affinis,30761,Emberiza affinis,brrbun1,Old World Buntings,Passeriformes,LC,https://datazone.birdlife.org/species/factsheet/22720982,1,false,false,false,false,15.4,Forest,2,1,Omnivore,Invertivore,Terrestrial,1397601.22,,
1053,Yellow-crowned Canary,Serinus canicollis,,4098,avibase-DCFFEEC1,ebird_single,Yellow-crowned Canary,Serinus flavivertex,30664,Serinus flavivertex,yeccan1,"Finches, Euphonias, and Allies",Passeriformes,LC,https://datazone.birdlife.org/species/factsheet/22732947,1,false,false,false,false,14,Shrubland,2,1,Herbivore,Granivore,Terrestrial,323625.7,,
1054,African Citril,Serinus citrinelloides,,0,avibase-799630F1,manual,African/Southern/Western Citril,Crithagra sp.,30487,Crithagra citrinelloides|Crithagra hyposticta|Crithagra frontalis,afrcit1|soucit1|wescit1,"Finches, Euphonias, and Allies",Passeriformes,LC,,3,false,false,false,false,13,Shrubland,2,1,Herbivore,Granivore,Generalist,555034.99,,
1055,Papyrus Canary,Serinus koliensis,,4080,avibase-5E456730,ebird_single,Papyrus Canary,Crithagra koliensis,30497,Crithagra koliensis,papcan1,"Finches, Euphonias, and Allies",Passeriformes,LC,https://datazone.birdlife.org/species/factsheet/22720109,1,false,false,false,false,13.6,Shrubland,2,1,Herbivore,Granivore,Insessorial,54614.04,,
1056,Yellow-fronted Canary,Serinus mozambicus,,859,avibase-169B483C,ebird_single,Yellow-fronted Canary,Crithagra mozambica,30476,Crithagra mozambica,yefcan,"Finches, Euphonias, and Allies",Passeriformes,LC,https://datazone.birdlife.org/species/factsheet/22720181,1,false,false,false,false,11.9,Shrubland,3,1,Herbivore,Omnivore,Generalist,9532014.48,,
1057,White-bellied Canary,Serinus dorsostriatus,,4096,avibase-90C937E4,ebird_single,White-bellied Canary,Crithagra dorsostriata,30513,Crithagra dorsostriata,whbcan1,"Finches, Euphonias, and Allies",Passeriformes,LC,https://datazone.birdlife.org/species/factsheet/22720197,1,false,false,false,false,15.1,Shrubland,3,1,Herbivore,Granivore,Generalist,861574.54,,
1058,Yellow-rumped Seed-eater,Serinus atrogularis,,4074,avibase-69EB514A,ebird_single,Reichenow's Seedeater,Crithagra reichenowi,30510,Crithagra reichenowi,reisee2,"Finches, Euphonias, and Allies",Passeriformes,LC,https://datazone.birdlife.org/species/factsheet/22720154,1,false,false,false,false,15.4,Desert,3,1,Herbivore,Granivore,Generalist,853459.07,,
1059,Brimstone Canary,Serinus sulphuratus,,863,avibase-53A5E91F,ebird_single,Brimstone Canary,Crithagra sulphurata,30521,Crithagra sulphurata,brican1,"Finches, Euphonias, and Allies",Passeriformes,LC,https://datazone.birdlife.org/species/factsheet/22720205,1,false,false,false,false,27.9,Shrubland,2,1,Herbivore,Granivore,Insessorial,1869165.54,,
1060,Grosbeak Canary,Serinus donaldsoni,,0,avibase-46634B1F,manual,Northern/Southern Grosbeak-Canary,Crithagra sp.,30519,Crithagra donaldsoni|Crithagra buchanani,norgrc1|sougrc1,"Finches, Euphonias, and Allies",Passeriformes,LC,,2,false,false,false,false,24,Shrubland,3,1,Herbivore,Granivore,Generalist,128078.23,,
1061,Streaky-headed Seed-eater,Serinus elgonensis,,4088,avibase-115CB3F4,ebird_single,West African Seedeater,Crithagra canicapilla,30552,Crithagra canicapilla,sthsee3,"Finches, Euphonias, and Allies",Passeriformes,LC,https://datazone.birdlife.org/species/factsheet/103761640,1,false,false,false,false,16,Shrubland,2,1,Herbivore,Omnivore,Insessorial,1507366.09,This map might contains errors,
1062,Stripe-breasted Seed-eater,Serinus reichardi,,834,avibase-DE9A742B,ebird_single,Reichard's Seedeater,Crithagra reichardi,30563,Crithagra reichardi,reisee4,"Finches, Euphonias, and Allies",Passeriformes,LC,https://datazone.birdlife.org/species/factsheet/103761856,1,false,false,false,false,15.4,Shrubland,2,1,Herbivore,Granivore,Generalist,580348.35,,
1063,Thick-billed Seed-eater,Serinus burtoni,,1159,avibase-8E8B3DB9,ebird_single,Thick-billed Seedeater,Crithagra burtoni,30539,Crithagra burtoni,thbsee1,"Finches, Euphonias, and Allies",Passeriformes,LC,https://datazone.birdlife.org/species/factsheet/22720267,1,false,false,false,false,30.5,Forest,1,1,Herbivore,Granivore,Insessorial,400739.28,,
1064,Streaky Seed-eater,Serinus striolatus,,778,avibase-580A93C2,ebird_single,Streaky Seedeater,Crithagra striolata,30535,Crithagra striolata,strsee1,"Finches, Euphonias, and Allies",Passeriformes,NE,,1,false,false,false,false,22.4,Shrubland,2,1,Herbivore,Omnivore,Insessorial,867600.67,,
1065,Oriole Finch,Linurgus olivaceus,,477,avibase-80B649D4,ebird_single,Oriole Finch,Linurgus olivaceus,30466,Linurgus olivaceus,orifin1,"Finches, Euphonias, and Allies",Passeriformes,LC,https://datazone.birdlife.org/species/factsheet/22720319,1,false,false,false,false,20.3,Forest,1,1,Herbivore,Granivore,Insessorial,220044.21,,
9001,Arctic Tern,Sterna paradisaea,,294,avibase-BDC5CF80,ebird_single,Arctic Tern,Sterna paradisaea,4506,Sterna paradisaea,arcter,"Skimmers, Noddies, Terns, and Gulls",Charadriiformes,LC,https://datazone.birdlife.org/species/factsheet/22694629,1,false,false,true,true,110,Coastal,3,3,Carnivore,Aquatic predator,Aerial,,"Species not recorded during both the old and new atlas, but recorded in Kenya.",Not recorded in the old atlas
9002,Black Crowned-Crane,Balearica pavonina,,1918,avibase-31413BFF,ebird_single,Black Crowned Crane,Balearica pavonina,3261,Balearica pavonina,blccra1,Cranes,Gruiformes,VU,https://datazone.birdlife.org/species/factsheet/22692039,1,false,false,false,true,3590,Wetland,3,1,Omnivore,Omnivore,Terrestrial,,"Species not recorded during both the old and new atlas, but recorded in Kenya.",Not recorded in the old atlas
9003,Blue-breasted Kingfisher,Halcyon malimbica,,1131,avibase-0D8BDD35,ebird_single,Blue-breasted Kingfisher,Halcyon malimbica,9385,Halcyon malimbica,blbkin4,Kingfishers,Coraciiformes,LC,https://datazone.birdlife.org/species/factsheet/22683269,1,false,false,false,false,91.8,Forest,1,1,Carnivore,Invertivore,Insessorial,,"Species not recorded during both the old and new atlas, but recorded in Kenya.",Not recorded in the old atlas
9004,Cassin's Hawk-Eagle,Aquila africana,,2144,avibase-51FD3E3C,ebird_single,Cassin's Hawk-Eagle,Aquila africana,8187,Aquila africana,cashae1,"Kites, Old World Vultures, Eagles, and Hawks",Accipitriformes,LC,https://datazone.birdlife.org/species/factsheet/22696138,1,false,false,false,false,1047,Woodland,1,2,Carnivore,Vertivore,Generalist,,Not recorded in the old atlas,Not recorded in the old atlas
9005,Karamoja Apalis,Apalis karamojae,,3076,avibase-174A4C00,ebird_single,Karamoja Apalis,Apalis karamojae,21765,Apalis karamojae,karapa2,Cisticolas and Allies,Passeriformes,VU,https://datazone.birdlife.org/species/factsheet/277301637,1,false,false,false,false,9.2,Shrubland,2,1,Carnivore,Invertivore,Insessorial,,Not recorded in the old atlas,Not recorded in the old atlas
9006,Lesser Bristlebill,Bleda notatus,,0,avibase-4F97BFE1,ebird_single,Yellow-lored Bristlebill,Bleda notatus,23298,Bleda notatus,lesbri1,Bulbuls,Passeriformes,LC,https://datazone.birdlife.org/species/factsheet/103817273,1,false,false,false,false,35.7,Forest,1,1,Carnivore,Invertivore,Generalist,,Not recorded in the old atlas,Not recorded in the old atlas
9007,Locustfinch,Paludipasser locustella,,845,avibase-EF6293B7,ebird_single,Locust Finch,Paludipasser locustella,29525,Paludipasser locustella,locust3,"Munias, Parrotfinches, Waxbills, and Allies",Passeriformes,LC,https://datazone.birdlife.org/species/factsheet/22719645,1,false,false,false,false,10.6,Grassland,3,1,Herbivore,Granivore,Terrestrial,,"Species not recorded during both the old and new atlas, but recorded in Kenya.",Not recorded in the old atlas
9008,Mallard,Anas platyrhynchos,,1016,avibase-85625D75,ebird_single,Mallard,Anas platyrhynchos,544,Anas platyrhynchos,mallar3,"Ducks, Swans, and Geese",Anseriformes,LC,https://datazone.birdlife.org/species/factsheet/22680186,1,false,false,true,true,843.4,Wetland,3,2,Herbivore,Herbivore aquatic,Aquatic,,"Species not recorded during both the old and new atlas, but recorded in Kenya.",Not recorded in the old atlas
9009,Oriental Honey-buzzard,Pernis ptilorhynchus,,2140,avibase-1192205B,ebird_single,Crested Honey Buzzard,Pernis ptilorhynchus,8031,Pernis ptilorhynchus,orihob2,"Kites, Old World Vultures, Eagles, and Hawks",Accipitriformes,LC,https://datazone.birdlife.org/species/factsheet/22694995,1,false,false,true,false,1141.1,Woodland,2,1,Carnivore,Invertivore,Insessorial,,Not recorded in the old atlas. This species is prone to misidentification and its maps might be affected by error.,Not recorded in the old atlas
9010,Racket-tailed Roller,Coracias spatulatus,,414,avibase-BB456342,ebird_single,Racket-tailed Roller,Coracias spatulatus,9052,Coracias spatulatus,ratrol2,Rollers,Coraciiformes,LC,https://datazone.birdlife.org/species/factsheet/22682883,1,false,false,false,false,90.4,Woodland,2,1,Carnivore,Invertivore,Insessorial,,Not recorded in the old atlas,Not recorded in the old atlas
9011,River Prinia,Prinia fluviatilis,,3184,avibase-1CB41EB5,ebird_single,River Prinia,Prinia fluviatilis,21915,Prinia fluviatilis,rivpri1,Cisticolas and Allies,Passeriformes,LC,https://datazone.birdlife.org/species/factsheet/22713618,1,false,false,false,false,8,Wetland,2,1,Carnivore,Invertivore,Insessorial,,"Species not recorded during both the old and new atlas, but recorded in Kenya.",Not recorded in the old atlas
9012,Rosy Starling,Pastor roseus,,9430,avibase-24208346,ebird_single,Rosy Starling,Pastor roseus,26338,Pastor roseus,rossta2,"Rhabdornis, Starlings, and Mynas",Passeriformes,LC,https://datazone.birdlife.org/species/factsheet/22710881,1,false,false,true,false,73,Grassland,3,3,Omnivore,Omnivore,Insessorial,,"Species not recorded during both the old and new atlas, but recorded in Kenya.",Not recorded in the old atlas
9013,Rufous-tailed Weaver,Histurgops ruficauda,,3766,avibase-FD2FEFFD,ebird_single,Rufous-tailed Weaver,Histurgops ruficauda,28903,Histurgops ruficauda,rutwea1,Weavers and Allies,Passeriformes,LC,https://datazone.birdlife.org/species/factsheet/22718711,1,false,false,false,false,69,Shrubland,2,1,Omnivore,Omnivore,Terrestrial,,Not recorded in the old atlas,Not recorded in the old atlas
9014,Sooty Shearwater,Ardenna grisea,,29,avibase-1725B07D,ebird_single,Sooty Shearwater,Ardenna grisea,4856,Ardenna grisea,sooshe,"Petrels, Shearwaters, and Diving Petrels",Procellariiformes,NT,https://datazone.birdlife.org/species/factsheet/22698209,1,false,false,false,false,787,Marine,3,3,Carnivore,Aquatic predator,Generalist,,"Species not recorded during both the old and new atlas, but recorded in Kenya. Seabird species maps are unreliable because they are strongly depend on effort",Not recorded in the old atlas
9015,South African Swallow,Petrochelidon spilodera,,504,avibase-7D1AE743,ebird_single,South African Cliff Swallow,Petrochelidon spilodera,22824,Petrochelidon spilodera,soaswa2,Swallows,Passeriformes,LC,https://datazone.birdlife.org/species/factsheet/22712412,1,false,false,false,false,20.6,Grassland,3,3,Carnivore,Invertivore,Aerial,,Not recorded in the old atlas,Not recorded in the old atlas
9016,Variable Indigobird,Vidua funerea,,849,avibase-49EF9657,ebird_single,Dusky Indigobird,Vidua funerea,29213,Vidua funerea,varind1,Whydahs and Indigobirds,Passeriformes,LC,https://datazone.birdlife.org/species/factsheet/22736178,1,false,false,false,false,14.3,Woodland,3,1,Herbivore,Granivore,Terrestrial,,Not recorded in the old atlas,Not recorded in the old atlas
9017,Weyns's Weaver,Ploceus weynsi,,3946,avibase-341298B9,ebird_single,Weyns's Weaver,Ploceus weynsi,29022,Ploceus weynsi,weywea1,Weavers and Allies,Passeriformes,LC,https://datazone.birdlife.org/species/factsheet/22718941,1,false,false,false,false,29,Forest,1,2,Omnivore,Omnivore,Insessorial,,Not recorded in the old atlas,Not recorded in the old atlas
9018,White-capped Albatross,Thalassarche cauta,,4150,avibase-87797B47,ebird_single,Shy Albatross,Thalassarche cauta,4744,Thalassarche cauta,whcalb1,Albatrosses,Procellariiformes,NE,,1,false,false,false,false,3897.7,Marine,3,3,Carnivore,Aquatic predator,Aquatic,,"Species not recorded during both the old and new atlas, but recorded in Kenya. Seabird species maps are unreliable because they are strongly depend on effort",Not recorded in the old atlas
9019,Arnot's Chat,Myrmecocichla arnotti,,0,avibase-535524BE,ebird_single,Arnot's Chat,Myrmecocichla arnotti,28068,Myrmecocichla arnotti,whbcha2,"Chats, Old World Flycatchers, and Allies",Passeriformes,LC,https://datazone.birdlife.org/species/factsheet/22710432,1,false,false,false,false,39.6,Woodland,2,1,Carnivore,Invertivore,Generalist,,Not recorded in the old atlas,Not recorded in the old atlas
9020,Ethiopian Bee-eater,Merops lafresnayii,,0,avibase-D0C68FE0,ebird_single,Ethiopian Bee-eater,Merops lafresnayii,9104,Merops lafresnayii,bubbee2,Bee-eaters,Coraciiformes,LC,https://datazone.birdlife.org/species/factsheet/61627085,1,false,false,false,false,22.5,Wetland,3,1,Carnivore,Invertivore,Insessorial,,Not recorded in the old atlas,Not recorded in the old atlas
9021,Ethiopian Boubou,Laniarius aethiopicus,,14193,avibase-EBC3B53B,ebird_single,Ethiopian Boubou,Laniarius aethiopicus,18134,Laniarius aethiopicus,trobou2,Bushshrikes and Allies,Passeriformes,NE,,1,false,false,false,false,49.4,Woodland,2,1,Carnivore,Invertivore,Insessorial,,Not recorded in the old atlas,Not recorded in the old atlas
9022,Vinaceous Dove,Streptopelia vinacea,,0,avibase-DDEF7228,ebird_single,Vinaceous Dove,Streptopelia vinacea,2625,Streptopelia vinacea,vindov1,Doves and Pigeons,Columbiformes,LC,https://datazone.birdlife.org/species/factsheet/22690484,1,false,false,false,false,110,Shrubland,2,1,Herbivore,Granivore,Terrestrial,,"Species not recorded during both the old and new atlas, but recorded in Kenya.",Not recorded in the old atlas
9023,Shoebill,Balaeniceps rex,,1030,avibase-47C7FDFD,ebird_single,Shoebill,Balaeniceps rex,5218,Balaeniceps rex,shoebi1,Shoebill,Pelecaniformes,VU,https://datazone.birdlife.org/species/factsheet/22697583,1,false,false,false,true,843.4,Wetland,3,2,Herbivore,Herbivore aquatic,Aquatic,39707247.47,"Species not recorded during both the old and new atlas, but recorded in Kenya.",Not recorded in the old atlas
,Taita Thrush,Turdus (olivaceus) helleri,0,2732,avibase-FC085C6D,existing_ok,,,,,,,,,,,false,false,false,false,,,,,,,,,Not recorded in the old atlas,Not recorded in the old atlas
